time,Fp1,Fp2,C3,C4
0.0,8.19906071895523,2.230653348668585,-0.02804461641818462,5.1010213582491355
0.00390625,9.107807956520123,4.034878495389892,-1.9020260340373123,6.852263572231653
0.0078125,8.325933390430789,3.215960426742653,-2.506133863977071,5.165425859886611
0.01171875,10.08275867989099,4.853726277207623,-3.400099600406936,5.980486473750879
0.015625,11.141297661145323,4.922370736613622,-5.085927380616885,6.726185872625481
0.01953125,6.792702791186958,4.642422434189523,-5.580684863200191,8.664181800654282
0.0234375,4.785531450398528,5.714776598926426,-6.757659708742552,8.992852620059473
0.02734375,4.170989729293173,7.435025497741032,-7.586466321595743,5.63832283245276
0.03125,0.6702770544545884,5.696051456780971,-7.909948675292255,3.2110636660819294
0.03515625,-0.4222903758080423,5.174579013851773,-6.7077435639738185,1.9362494635911278
0.0390625,-4.540008000123517,2.516663588023336,-6.157715710693181,-1.873665273176138
0.04296875,-6.503021060378718,2.0479168858501486,-2.565469351860986,-4.622529288881836
0.046875,-5.328921142051298,-0.9880448021065606,-2.376231108365701,-6.12843964442142
0.05078125,-4.37364670951405,-1.1799044846364881,1.6400993911448536,-6.716245723147061
0.0546875,-6.016811672605809,-6.086601218480256,3.5941761865964943,-10.033464802273665
0.05859375,-3.812318852152938,-3.153536682125244,4.899183947164643,-8.408015807314092
0.0625,-1.5896385471348626,-3.88095873366039,2.9377455437330693,-7.956104435306371
0.06640625,-1.9446865891245313,-3.790986252089781,3.2038052410585447,-6.593111459101355
0.0703125,-2.416481839938241,-2.58492744370479,1.5973713042908713,-6.637684739062887
0.07421875,-1.029924421619472,-1.6385572275288105,1.3162264300652964,-6.028593316871584
0.078125,-2.5494778692470113,0.2036130576802927,-0.7769805291207681,-4.896831510657991
0.08203125,-1.9907445495117082,1.9461628598569038,-1.1484902771475003,-1.223311591229775
0.0859375,-2.0490450684618446,2.9061882905856846,-0.33027159771334685,-3.1518995901230475
0.08984375,-1.1797629019035265,3.1748438396008862,0.2726597841353634,-0.784721923977993
0.09375,-0.5648155014169003,2.7280921594239556,-2.9902573949244458,-1.2380934596466941
0.09765625,-0.22233999829921447,3.10497493081436,-0.9402125723026487,-2.6159445864626494
0.1015625,2.299822205079633,3.8843418423189324,-1.6937994799689053,1.8812887255771797
0.10546875,1.8079701977789613,1.090260871012321,0.8749235842444065,0.10198459994703557
0.109375,3.6799311091452616,1.1588117347542952,-0.2605398133343372,2.161086308224126
0.11328125,4.25746991308604,-0.41421162807181233,-1.7467994635768442,4.468549853689689
0.1171875,3.3193878910177075,-0.08153189855215554,-1.7891370945874727,4.836828963098023
0.12109375,0.3175940203721659,-0.18483525026577866,-2.950216077146162,5.882958682472709
0.125,0.771741212342719,-1.872360185250042,-4.327889721932889,5.184527288633559
0.12890625,-2.0453704161100994,-0.7556116382315161,-4.038181323684041,2.458845373171496
0.1328125,-3.361922716329222,-0.4901281982748697,-1.823925246023087,1.933786029905124
0.13671875,-5.367558906530626,-0.5428192778583707,0.009647787587849899,0.9612164859267296
0.140625,-4.851144743496382,-4.660037630839,0.05490208791295248,-0.2137411959504607
0.14453125,-5.889459957024793,-3.0186529074513913,2.1674845984893754,-1.488353314825787
0.1484375,-5.68638214948584,-4.6533336556924185,4.4591709395439665,-2.5782155499984913
0.15234375,-2.9958410605080203,-7.658722284239444,6.771369205881081,-1.9724179749367425
0.15625,-3.1495404244505765,-8.755839885547736,7.495837060867245,-5.67997808595036
0.16015625,-0.3347265804716806,-8.343756556760408,8.212882549469098,-4.304943022798141
0.1640625,0.3404339075343805,-5.445889647613093,7.2039896347901555,0.0845847856628894
0.16796875,2.0434095475732237,-3.6216360848122204,6.964725546869215,-0.3705820304922393
0.171875,3.747062481580702,-1.4910127338620327,5.119055803166476,-2.187273796408524
0.17578125,2.476200989398876,-1.3104576500719904,5.002113668481526,1.7085285960648553
0.1796875,3.886316600608758,1.194148187896793,2.1162202334843894,1.8945975114970073
0.18359375,3.2350580304464636,3.1565161004263844,-1.2717760993009557,3.268283784417127
0.1875,5.693185566637625,6.455409027363133,1.3486225691649036,3.1423825253280198
0.19140625,4.628394181222673,8.098686385137311,-1.7613365078994727,2.9815860493207236
0.1953125,6.740425363771789,5.8577042676023225,-1.8214950685796951,2.6750906676516912
0.19921875,5.786605984915992,4.979793528075742,-3.2958802221707297,4.104341319853896
0.203125,5.734476814451809,4.961222050883106,-4.973933258462252,3.5112733527830366
0.20703125,7.4201454814587455,4.798453782186172,-4.892398189007177,4.926844569317881
0.2109375,7.165004242283498,6.316133866404794,-7.105661597603979,5.159354036381767
0.21484375,6.036656313205896,6.541881266765425,-7.553709252343227,3.895508046808912
0.21875,5.613818767272753,4.637135123407732,-8.094175079458214,3.148003576667888
0.22265625,1.8026305284130788,5.618177179980925,-7.704645086228879,4.144788330809596
0.2265625,0.7323307283463545,4.721445672160777,-9.075864652796403,3.7151634411667054
0.23046875,-2.45188100587205,6.167711587919973,-9.220350765691451,0.8708835470602472
0.234375,-6.224039668296882,3.2405225870542935,-3.4951496333503376,-1.1802671963121039
0.23828125,-9.061001469372313,0.5936319224030335,-3.5852280534046717,-2.5327103790729337
0.2421875,-8.632982509198536,1.9873142312287637,-1.5393431726025502,-4.557801378839032
0.24609375,-8.810910617904506,-3.7258913962564932,-1.6415333505681557,-7.052218946625618
0.25,-8.73396072697493,-4.404968611680737,3.193685112863302,-7.104824438300273
0.25390625,-6.852481514364581,-7.470389860104328,4.111994215525774,-9.47898674599392
0.2578125,-5.598760888619161,-7.244986793348109,6.554556554976357,-8.467522543697681
0.26171875,-5.508689035566144,-9.384967272825493,6.4320351663647495,-7.226368756084594
0.265625,-4.882811456102333,-7.80324274312798,4.707935497561914,-6.525963060883942
0.26953125,-2.5370603926230597,-7.678049361547465,6.945739414569503,-4.2505899466599075
0.2734375,-3.034930926163343,-4.411600821729746,5.812752258613337,-5.118911802959811
0.27734375,-1.2085220508259806,-2.8917393996747394,3.916435072303439,-2.201265853369751
0.28125,-0.18259302890396656,-3.2278466891452173,3.1245687531617867,0.5705961105521772
0.28515625,-0.08802377223150992,0.42006670633881504,2.7131734193334336,1.003162671898318
0.2890625,0.6413148406997417,1.7133492764714482,2.3607959147609288,0.8939718020106403
0.29296875,1.5870511644941465,0.886239009228737,0.8562189513931893,2.4306260386057015
0.296875,2.4406260066695733,1.2027511440241079,2.861498498255943,1.9340970799075898
0.30078125,3.244318633887673,1.5101344217563486,2.8406252268989327,3.2710862791595066
0.3046875,4.5968408733322885,0.6381032478862299,0.7343474159833908,2.668961802313003
0.30859375,6.626621147270018,0.7541517750910715,1.094930446072181,5.165969049201861
0.3125,7.57262174965718,2.191205709081773,2.1242668073666033,5.345973068201919
0.31640625,4.8430344750081815,0.3044174263271954,-2.445237542425006,7.666288124943171
0.3203125,5.747445551483598,3.569112564677509,-0.22374460044042666,8.092561733938101
0.32421875,3.5086649704347503,2.4749579594430777,-3.071105568309036,8.140459129896113
0.328125,2.9427085268982713,2.3817184588930047,-4.367727942597938,8.006600888291915
0.33203125,1.4090866749083053,1.1821241569110947,-5.314409547906007,6.130998473135568
0.3359375,-1.073788667614209,3.792540423571207,-2.8271561025240772,4.532762379724029
0.33984375,-1.2990600974796769,-0.26955895359577775,-1.277719518971547,0.9656938158623104
0.34375,-2.518198710575672,-0.43752328421814357,2.505192653632691,-0.3402997456930943
0.34765625,-3.717921475083174,-3.176784734897801,2.4864676395380685,-3.6576658765059267
0.3515625,-2.436579276136466,-2.698007463660308,2.0757220181213176,-4.7918543045781945
0.35546875,-0.8353788630163641,-4.58902475576995,4.107840676778015,-4.904377409313167
0.359375,-0.4230268970514752,-5.326662583472644,2.513591022501946,-5.25220267693008
0.36328125,-0.40710770698207543,-4.072277977856252,4.138018299689917,-5.501015390161159
0.3671875,1.9796640224299804,-3.2210452710296624,2.7885118517494036,-3.0717179135022503
0.37109375,0.4517786392878169,-2.4988850306938266,2.391227723093631,-0.16544404537918522
0.375,0.18768213854855986,1.362249965391143,-0.534504576252193,-2.0009837481491184
0.37890625,1.5738900652721053,5.189634713658817,-0.8342246441832532,-1.0685148927220112
0.3828125,0.2854084584156613,3.6502241935546373,-1.7455638355915246,0.5731668521364699
0.38671875,2.8680072837949515,4.156675172019353,-4.667498487416188,1.2824803170818717
0.390625,0.17284910892437977,6.729000874555468,-3.4527524883258325,0.015881494717700506
0.39453125,1.2415679852758519,4.806149668833079,-0.8004985278348347,-1.9712756080889433
0.3984375,1.665238267138208,5.450355955143904,-3.996279669640986,-0.5309326167061765
0.40234375,2.988258469575337,5.1259736265698574,-3.0296058434812165,-0.3673217197435793
0.40625,4.747163134667726,4.525051018976032,-3.4235080116555157,-0.7635420718520217
0.41015625,3.0354138675217546,4.300167088767451,-4.565800301737992,3.3600774026884004
0.4140625,3.1414485172569475,5.269023838106576,-6.959003498413092,3.119977580131044
0.41796875,0.6412670060604916,3.6285544601009283,-5.289596249663418,2.2273714407154346
0.421875,0.2536689468846123,1.736064712695231,-5.422151309007963,1.9036395493200629
0.42578125,-3.8062358216695715,1.7156561988742276,-7.208858774085643,1.521344541742315
0.4296875,-4.180140069464427,-0.580780709417398,-5.712599045884478,0.05573343980312262
0.43359375,-6.58108776549401,0.537463187753516,-4.56337347604343,0.38385268217898705
0.4375,-5.909308990279982,-1.3137655373920067,-2.360211735766875,-0.7523745630506034
0.44140625,-6.627424518458649,-3.0692404280869923,-0.4826093880817316,-3.4384062565551945
0.4453125,-8.557330970532918,-4.477060246536435,4.1638260580734725,-6.358861450956162
0.44921875,-8.245474310789097,-8.375286138593067,2.978162619905639,-6.684984280205212
0.453125,-7.519726293100708,-10.812290657083475,7.9845356811965145,-6.464446465393012
0.45703125,-5.783167757021086,-10.47511940011934,9.319958364243963,-6.606719284019045
0.4609375,-3.726042491648519,-10.754658854724019,10.380179047357442,-5.655547823167886
0.46484375,-2.334867000471864,-10.747829386126131,8.895408339371153,-3.908401802930968
0.46875,-0.512590358893996,-7.295797219974594,7.432014464222881,-2.6166980148258374
0.47265625,0.17223680583385415,-4.600699177769725,6.798041495789529,-0.3922797204203294
0.4765625,0.006568108918692417,-2.791944741795202,7.428924783398535,0.8017146570922954
0.48046875,1.6909422486004688,-0.2959624180239183,6.166686508763833,3.027354935589783
0.484375,1.781009685530585,2.2931952221706,3.713958097970259,4.187905322500371
0.48828125,5.341283851921292,2.590623935621743,3.453379308142509,4.264163091938016
0.4921875,5.3008778486934665,2.905619912463319,2.20773070481044,4.417333523035416
0.49609375,4.763499989228577,2.566519244883139,-0.556447130005278,3.3103942827148636
0.5,6.2907333326944945,4.973947390284637,0.7672378356603061,4.014753510973419
0.50390625,7.680522512662584,5.652025616850636,0.7872247394527017,6.560440866867934
0.5078125,9.137598023151705,3.6780693434885903,-2.8844229346652828,7.885859020912445
0.51171875,8.312461150490652,4.694956791893499,-2.5042466741221516,8.286621561616967
0.515625,9.215414477494638,3.2492539466427983,-3.9560347235002435,8.467349413641799
0.51953125,7.279795787682225,6.417023120147708,-4.01250672884918,6.83108832576793
0.5234375,6.718238145183156,3.762619401485516,-7.398614320770066,7.406303425291175
0.52734375,2.2713416506534574,7.505325908586805,-6.16389185095325,6.906205370640374
0.53125,-0.2230714346677223,5.930481990369716,-8.62064997945165,3.4115394267622308
0.53515625,-1.0911691922719025,3.843747993958811,-5.545095708789282,2.1216949064832074
0.5390625,-4.079416088468659,2.716161754053477,-5.697375004135252,-1.7531032268051758
0.54296875,-3.237776863290215,1.5104528735769445,-2.416799189353976,-2.3508273166709914
0.546875,-6.3179347690815595,-0.2902424375612061,-0.5132991727886054,-6.011461728445477
0.55078125,-7.7700421958196575,-1.5497824690362374,1.8540949960786697,-8.458732177648647
0.5546875,-4.649649777839724,-3.4941407001999703,1.740081741216005,-7.384176934263773
0.55859375,-2.839596341619349,-3.7059877677378594,4.37891206402127,-5.759084027427155
0.5625,-2.7433754586954664,-6.186842848336079,3.01252432824894,-6.539320836950221
0.56640625,-2.488968356186725,-4.473595947117121,3.2125293154453414,-6.966862158435164
0.5703125,-1.9356462994909784,-2.4745349109180004,2.449938517034152,-5.431114756501955
0.57421875,-2.654117970886184,-1.6054502044092713,3.387402544195708,-4.172806448501195
0.578125,-2.037590521412403,-0.4304610746421714,0.8829474607944877,-3.4245216086571357
0.58203125,-2.3167424278173265,3.317297847441956,-0.7538135145692322,-3.1828743885112414
0.5859375,-0.9137641225078754,2.5567205069053105,0.5403689999640962,-1.0594486917143087
0.58984375,-1.3982108060229788,3.127942960432259,-0.5717428499900318,-0.690404393356965
0.59375,-0.7709782239416292,3.072510129073185,0.8373392517142703,-1.8775870797897642
0.59765625,-0.5162806299889551,3.1594017591341284,-1.3307284072172951,0.29470040080594684
0.6015625,1.4953775992343212,0.9938436683067552,-0.1681227456667962,-0.2670195502065819
0.60546875,2.7267669188106787,-0.2234893805158511,-0.11670105053108726,1.7165433528020255
0.609375,3.3668201483699285,0.4599383453958092,-3.088539502715564,3.2252101229268457
0.61328125,2.9967186197798714,2.097023634366205,-2.6776900262050733,2.6069456259402557
0.6171875,2.1275224670358224,-1.56184932488963,-1.8192429596491135,4.511776948612849
0.62109375,2.4959343189728833,-0.7821592581952493,-2.9662471236443246,4.959401001618716
0.625,-0.17890433921703963,-0.5673771152933605,-3.0343287791506977,4.101744159509394
0.62890625,-0.23035288483972893,-0.2922737209497678,-2.541693189551043,4.913651991110029
0.6328125,-5.264865401149855,-1.6542649974360746,-1.8975256288306424,3.8406646915317624
0.63671875,-5.052391792366022,-0.6093929842534846,-2.2081004349329345,2.4758940939813194
0.640625,-5.0110086457640275,-3.309582395743737,0.4001227291107923,0.4674864277264759
0.64453125,-5.480952169100695,-6.479687860746557,3.7540943464580816,-2.2408417364550526
0.6484375,-5.36777922782197,-6.564263647216956,4.925749165136939,-2.748773223111262
0.65234375,-3.2039662470131085,-7.396479837578655,7.3522413406086295,-5.64625357673587
0.65625,-2.7305610666377342,-7.992573577248381,7.161106865788254,-2.4592010742611214
0.66015625,0.4617907485396342,-6.61239819839452,8.622700390792698,-2.085312152492433
0.6640625,1.493195429485782,-8.117595745528979,9.124235079393747,-2.4839444176418954
0.66796875,4.544043584395791,-5.849497723543991,6.220247419918344,-1.3085918902688731
0.671875,3.332781450606636,-1.4475586253326451,4.833681643197584,1.9598433023791357
0.67578125,2.5721188020492742,-0.15279663124888593,1.6652182434397842,2.3723182231717175
0.6796875,3.8780595829679347,1.8508124004226478,1.5231323172262836,4.388350629548994
0.68359375,3.9681378994909355,3.824174939595216,0.2562972324189742,4.246236364878593
0.6875,3.272773101520661,5.820854787488271,0.139262498411298,5.072969661384895
0.69140625,5.356565463760868,4.565242270003756,-1.573918133930429,2.9203799031256295
0.6953125,7.804023510144441,5.909006181287199,-3.2600737253178593,3.5527460780271074
0.69921875,6.739951308304748,6.3498130385862535,-1.4731668501035966,2.6597693330068144
0.703125,6.916497950973134,7.550533552174227,-5.088754615840776,4.2176764957943575
0.70703125,8.024395739252972,7.161948048682003,-4.827727334968925,4.086810482513294
0.7109375,6.54994470605399,3.3576237477738564,-5.605194695854458,2.926505117257521
0.71484375,6.156704005997831,5.959159841551359,-6.477716522209545,3.0665144466847014
0.71875,3.472545615598231,4.317128984966534,-7.792041698186995,4.617330950646946
0.72265625,1.8590590814321428,5.252515516383039,-8.618962123353992,3.45539174214177
0.7265625,-1.045255430313186,5.115930131996797,-8.38343674919527,2.5507273483197594
0.73046875,-2.2080310944194874,4.1544710262600155,-8.512648962847836,2.374362073555078
0.734375,-5.329691977803113,5.532237339285009,-7.618658673589666,0.2604573964963679
0.73828125,-7.848179964931506,1.3966731665657046,-3.4900511865190817,-2.203642581310551
0.7421875,-8.884034710844157,-2.6285235848943005,-1.8991525296745073,-5.9681999318331584
0.74609375,-9.35360660083955,-2.4993577899472332,0.5144490062210377,-8.388747413624786
0.75,-9.517446152853235,-5.278061888625745,2.7297349048768327,-9.18355027561335
0.75390625,-7.662813781532224,-6.68708046940495,5.1764160225629405,-8.542809134567605
0.7578125,-6.26803460146755,-7.461907567007517,5.46044494375988,-8.505224404365599
0.76171875,-2.8675040936445764,-8.17936771158114,7.717329436239419,-8.055801315196888
0.765625,-4.954702936845816,-6.336394652780731,5.3149013712480855,-8.036848666600658
0.76953125,-3.923319525150645,-4.749206965030516,7.026274616499094,-6.447194302843546
0.7734375,-2.81146337218907,-4.684002480973057,5.618351926634833,-3.5209779350504813
0.77734375,-2.965725025072734,-2.3298178075418967,4.623349183703578,-2.439583277168837
0.78125,-0.5429949295857245,-2.0199130156663303,3.120837680079317,-0.34106668761875314
0.78515625,0.5607600302374229,0.27621334993388735,2.8936033487834525,1.7141551356398228
0.7890625,-0.46566779868284525,2.7066161154092674,5.187171002310642,2.7542375702851447
0.79296875,2.0954703254448046,2.0842978411123694,2.7711108745722965,0.48456945689856235
0.796875,3.2721795420247144,-0.697738679700658,1.5117776297028998,0.6556034671792326
0.80078125,3.675892599821098,1.0143259944126883,0.9098618704370245,2.803547624853372
0.8046875,6.823444512489778,0.26891006693570496,3.1754078859286334,3.124970998223799
0.80859375,5.68564986574088,2.2097460879951343,0.004651908140130279,7.7485001097200215
0.8125,8.063900524470142,1.2193555244422722,-1.893228890619739,6.076530435360695
0.81640625,5.786925859722392,0.16837504925047841,-3.6263657013423503,7.191363955652829
0.8203125,5.074932119483184,0.08201230003989735,-3.1067478520017344,6.497579108359687
0.82421875,3.5788095847261543,3.0218045834423926,-5.394123406353457,7.908903275453189
0.828125,1.1876061719476718,1.8706094832668048,-4.205471719864178,8.463027513439805
0.83203125,-0.546761413605261,3.209479447124023,-4.666827755531826,4.025206842213969
0.8359375,-1.6761646528411864,1.5042135388305975,-3.863559896594716,4.517721514689938
0.83984375,-4.246031033407109,0.6851224051934854,-1.6084019547360686,1.8476005700398916
0.84375,-2.5593598962370003,0.40245833796797914,-0.31468075793684364,0.9117305288403554
0.84765625,-2.6205960149273917,-3.9556441213118667,1.8483098005770693,-3.4735651970726007
0.8515625,-3.2224522164112077,-4.7181442551771084,2.595453462969895,-3.362899700582508
0.85546875,0.23301763340611514,-5.0263273212770345,5.757317984375284,-3.9115089667945266
0.859375,-1.4365688178054508,-5.383867837282915,4.068072139984977,-4.217660476657029
0.86328125,0.7555430811306192,-4.282031188890775,5.362207332074685,-6.735346935168488
0.8671875,2.956874310315392,-1.8775701958568032,2.319426331702646,-3.1967974414215883
0.87109375,-1.2053548174730158,0.07149747115480065,2.0154103451201233,-1.118698930296705
0.875,0.6931558584575283,2.540950800033209,1.8419888885218858,-1.5145117156252474
0.87890625,3.4641831268881917,1.7614690427471875,-1.7023379859240675,0.024367870542705283
0.8828125,0.8588225408262478,3.3839740776257194,-0.8635565107865395,0.7696983898083996
0.88671875,0.9752311411019297,5.148781795600544,-3.0184641770858986,0.5856026605795931
0.890625,1.204278289184618,6.724383636223228,-4.236252494489148,-0.226308494192207
0.89453125,2.129509519490691,7.192408458254507,-2.0140341143973415,-0.03682332295460322
0.8984375,1.839511903105664,6.740039560413694,-2.955611850056064,-1.2700901580868198
0.90234375,2.7719012748187777,4.96182161641952,-5.789287054045486,0.09421595726225285
0.90625,2.6296836809104898,2.6339536849486747,-4.777703694647316,0.24378046543121396
0.91015625,2.136647383992473,4.894931830989213,-5.18595657008446,1.2888720505442222
0.9140625,3.547756344466436,1.2825164811115508,-5.919434214371353,0.8363294329976532
0.91796875,2.732180150312256,3.467558124258681,-5.853407958979382,2.89830173788924
0.921875,-0.7908377978895489,2.376064967317667,-6.338604360832638,2.874334531965809
0.92578125,-2.385580957622317,1.932798901772188,-4.612613733481989,2.3169500627568542
0.9296875,-3.4465826418083636,1.716147353729355,-4.9491931512870675,0.6513603094282132
0.93359375,-5.001562859692097,-0.006373002209851611,-5.088123830347184,0.80048915285891
0.9375,-7.77774258706547,-1.9477927695357011,-3.6573226492222015,-2.3157103082614383
0.94140625,-8.977165356243527,-3.858545206041255,0.11621182236496097,-4.876809725994253
0.9453125,-7.867791909837825,-5.487401779771728,3.4168623253912083,-4.403702844101168
0.94921875,-8.555089623876372,-6.946073567041602,5.45879320498564,-5.753390299471692
0.953125,-6.281374676385064,-8.84994252686785,5.256574043774286,-5.7028280898994055
0.95703125,-6.490531956523107,-7.8604673506559575,8.095307867581031,-7.829290412692083
0.9609375,-3.4308835029607625,-8.950637212224,9.739259155054981,-5.533364793328983
0.96484375,-3.220692405263362,-7.285234547931562,8.933320793534612,-3.210108983380022
0.96875,2.713705062826137,-7.561130375004583,11.038578392126391,-1.2577682303003788
0.97265625,1.9175121179424282,-6.658870183963801,5.281963119582304,0.12211748993702076
0.9765625,2.0901112802652504,-4.4954949961725275,8.026281830459709,1.7640495981444797
0.98046875,0.8435362077903577,-0.8632640446749615,4.249193948384673,2.6949179984386324
0.984375,5.306265174503048,0.8351203924561208,2.8841244624795515,3.1062919517160608
0.98828125,3.628289462769586,0.2944535908866781,1.6759700832882571,4.057012728019828
0.9921875,5.006362026720484,1.2530209254691795,1.941996454496044,2.9988053672221078
0.99609375,6.305975202296137,2.986731578200823,1.1962105762772466,3.220239388319597
1.0,6.127237078870225,4.573576430309802,1.6106826274416497,6.65720100802276
1.00390625,6.10103131210237,6.94662340005261,0.22088694963114663,6.269565282155365
1.0078125,9.0562812473594,6.153210659425158,-2.617639323473895,4.399413565582274
1.01171875,9.578102136838911,3.4780720081176364,-2.269737518410164,4.927441584510328
1.015625,7.978012315194267,2.8437239061234156,-4.994173354729137,6.763094626446197
1.01953125,6.933138299452073,4.796736844814854,-6.064256144750314,8.32011215119556
1.0234375,3.0751292620872395,4.652834229887523,-8.687581419034487,6.930989362442906
1.02734375,2.8772738863891885,4.275023359325338,-7.689291203563611,7.434628119306944
1.03125,0.3810322879921766,6.322347660102184,-7.746342621113149,5.915092651645761
1.03515625,-1.918598083781711,4.950176302363314,-5.071014551584893,3.1993110832153264
1.0390625,-4.411228974516995,1.7004618802217868,-5.821032163495679,-1.52996970516663
1.04296875,-3.7545147575055804,0.46206564732167066,-2.005960904972569,-2.843146393213207
1.046875,-4.901668500288515,0.4638196404975783,-0.8944011663731555,-4.329746384664184
1.05078125,-4.9437672270670046,-1.011203629139221,0.5223501216542358,-6.379045183516754
1.0546875,-5.559356508807276,-3.117906628895833,2.6175841830234603,-7.721896578384363
1.05859375,-6.081241567048295,-3.762532554878241,2.5732035115391394,-8.976246835687322
1.0625,-3.0497559248283133,-2.467613662762332,2.8219586220592197,-7.42201407706237
1.06640625,-1.6626355738904373,-4.85907731822056,2.017395614118742,-4.605427262702318
1.0703125,-2.0105193449573626,-3.8828642772612887,2.141296498474924,-3.6829899223564224
1.07421875,-2.968601908568063,-0.2692967862121677,2.6877643885083637,-4.002545306790003
1.078125,-3.2475904353517793,0.07468274125842572,1.8461474434932663,-4.213541052002542
1.08203125,-1.905988220742207,0.190875814736573,0.04892064638133173,-3.819746904357598
1.0859375,-2.2064759877399474,3.792171553845564,-0.7036144766908491,-1.3761111726813717
1.08984375,-1.3710744017090226,1.9084746008641298,0.3835077340490145,-0.8930847864752496
1.09375,1.946662173929698,2.6908370380344016,-1.470633873239139,-1.3833455611260432
1.09765625,1.570008044208464,2.3424485298335918,0.005374272424396198,-3.995694424122596
1.1015625,2.011290347907678,1.8698117463776875,0.17526325423171896,0.6878827927308667
1.10546875,2.014132279935379,1.7212287347049777,-0.859036208561789,0.9655126063731354
1.109375,3.4975114896857296,1.0225220588454895,0.6424999023515414,2.4282990751660454
1.11328125,3.51426086622702,-0.6939169982232469,-1.9445040266480524,4.834146318698783
1.1171875,2.340853202430797,-1.406437975734707,-2.0139991450802714,5.113155348932286
1.12109375,2.3480573501575615,1.5201967941095689,-3.239621853205538,4.9526431404141515
1.125,1.5213651525934657,-0.19587845726543995,-4.436276413070258,4.780078651600468
1.12890625,-2.4797600669657918,-0.9250787724575161,-3.033113015516129,5.478469063200668
1.1328125,-3.8395151280990016,-1.509511764432862,-1.343827510757181,3.0168222478293556
1.13671875,-3.4541723179320583,-1.1952043189200987,1.586378461393743,0.8197360314779611
1.140625,-3.706759788310576,-2.4380071154562057,2.9347450086966322,-0.927356704239271
1.14453125,-4.166284459287884,-5.450007050715608,3.456025409778738,-2.3252176881780504
1.1484375,-5.632322984075728,-6.080534666363803,4.373653987388867,-3.2850391572213393
1.15234375,-2.0798279762355736,-8.312298996207296,8.340329775750739,-3.245350073661111
1.15625,-2.911667725093756,-8.211164012054335,7.377514747927152,-4.6178951642269634
1.16015625,-0.9869392054180358,-7.787946066167199,7.89385854523097,-2.5964654889294834
1.1640625,1.5296511898128702,-6.95921004720361,9.17443866827937,-0.5255291220753562
1.16796875,2.4323004993597843,-2.9035331803602493,7.142770387507608,-1.8013012866139333
1.171875,2.040209851421939,-4.4051463625929586,5.647103124430121,0.8407710349872228
1.17578125,4.867039050908068,-0.599373137613826,4.002733000637171,2.97659598356387
1.1796875,5.369611725337106,2.415281607873644,1.3286115983838183,2.018555630055171
1.18359375,4.7194091553419515,5.908614070167268,-1.8477843196083252,2.008472941698367
1.1875,4.419025039510905,4.21284880161082,-1.7714734599772222,1.915403675221092
1.19140625,3.300624530281865,4.69241698501448,-3.2677332505742465,2.7882023996271834
1.1953125,4.2458910517610695,8.40534993728055,-2.5879455339767734,3.533715838321097
1.19921875,7.220593274437089,6.533551925768951,-1.4213674714004096,2.5940299654392707
1.203125,8.044640745428458,7.175871147487071,-2.1048968449802636,4.317175326774807
1.20703125,6.1247606939391055,5.710164583072241,-5.58319682346049,5.331609672361881
1.2109375,5.9830518181971915,5.000359788728753,-5.189935073144702,3.5031830651539813
1.21484375,5.566882227721109,6.673713190269731,-7.521893126693557,4.288372659802729
1.21875,5.304800718459787,7.463100659542004,-7.113367754377611,4.029583876292601
1.22265625,2.458586510139959,6.341086916492696,-7.791141006381576,2.164185561526437
1.2265625,-0.36775629825990375,5.546828345395817,-8.310956304601879,2.077545806225896
1.23046875,-2.870487584140622,2.848531634489569,-8.787695857110627,-0.23159322662476778
1.234375,-3.938347452687073,2.7568172785387883,-6.987331600351868,-1.258691710815345
1.23828125,-7.038002954968063,1.4371891574576232,-6.0607701091144515,-2.8838328703011884
1.2421875,-7.990631450249497,0.745897317852243,-4.35991515145465,-4.277906559524249
1.24609375,-9.46137134233485,-2.5010572420907593,0.16542188855564244,-9.145545585907698
1.25,-8.242597131927408,-4.267936402041553,2.0230272910078364,-9.20503508541709
1.25390625,-7.433378116999009,-6.584174577350738,3.9040376990774748,-9.28844707542718
1.2578125,-7.400418103668685,-9.170471415264517,6.474030188774797,-10.472387221552797
1.26171875,-5.877964379378226,-6.456783306881029,6.444898484895072,-6.645208148779816
1.265625,-3.6802140350934733,-7.675112669824638,7.248170787182095,-6.60192931163114
1.26953125,-1.8562300348063967,-7.094101740761835,6.987374724148216,-6.027799673685358
1.2734375,-3.206522403773903,-6.682265434330031,4.867352643965175,-4.270045358375396
1.27734375,-2.0576684127340514,-3.093362963084371,3.296177693835463,-0.14289110100288016
1.28125,-1.9814330606938824,-1.1186555929187423,3.3086473373564456,-0.1478152231929255
1.28515625,-0.7910477377034901,0.08361827226500279,4.047476706044312,-1.0543265415619802
1.2890625,-0.5618216307446088,0.18919383136445495,1.9973858466531988,-0.45070684315350773
1.29296875,-0.19549418879812652,-0.988410097284182,3.3707913744142552,0.3028392922560754
1.296875,3.071585932639632,0.855119843248597,3.101027685209548,1.7558456405969376
1.30078125,3.0460423752438293,2.7017888431032873,1.377812231044329,4.278440837157401
1.3046875,4.9858661034239224,1.7490795980408196,0.559188510830897,4.896092863270984
1.30859375,5.9934763451286,1.1311712338055293,0.20754839594990115,7.44191276873052
1.3125,7.287538208912571,0.588361542499704,-1.8644698846279057,6.300315500894802
1.31640625,6.552623388598154,1.3938548865549907,-1.2197062124567914,7.648023673077911
1.3203125,5.785366572343457,1.1670312206428162,-3.624403037665944,9.555947205429009
1.32421875,4.485894187717845,1.463678953328197,-4.603487150234173,7.290456341613776
1.328125,2.737421009523247,2.1564934151283945,-3.6979194831784152,7.435233588946921
1.33203125,0.25214216721257443,2.529265286861638,-4.201663143182355,5.107959028112827
1.3359375,-2.623444177250168,1.1830608057493603,-2.2392944799623034,3.2047128719187215
1.33984375,-3.8451141116627063,-1.1740521106944053,-3.083823212165165,1.0486552995037175
1.34375,-2.3519822895278777,0.10925708406980772,-0.8295140672166392,-1.784760307514541
1.34765625,-4.228425296748665,-2.243006128484653,1.9239970647831894,-3.080588138904186
1.3515625,-2.5679550939150033,-3.457125673847435,3.99053484216462,-3.617802270310631
1.35546875,-3.6792608363721406,-3.550808014557249,4.752753949329707,-6.478937286417614
1.359375,0.8438399743941085,-3.32436762713398,5.369117203914049,-3.145431744985534
1.36328125,0.7637704795678554,-5.982607426341732,4.1377248129884965,-3.404902706443158
1.3671875,0.5704455317730524,-3.65894159906109,3.807011653630323,-3.214560030572614
1.37109375,1.6703060003694592,-1.6528116375777189,2.370043094446678,-1.6668222948003706
1.375,3.014678587893685,-0.6709548067398907,2.5965288941886633,-4.636739337170672
1.37890625,2.4443741608862517,3.710218662470212,-1.1648718936349816,-0.9436762690555375
1.3828125,0.1173002703568875,3.221460837575769,-2.563069017071059,-1.8927339595993422
1.38671875,1.4553666273362669,5.900463528710717,-1.0319053511453824,-0.6043401236941579
1.390625,2.459039058253425,6.843516306736926,-3.1505830922946547,0.46026079896594374
1.39453125,2.4846680158838472,5.927426727784637,-4.18409482821659,0.786715136904955
1.3984375,3.025364632401366,5.177257333174763,-4.157456477959332,-0.7818912810373433
1.40234375,2.771892032109737,3.7839866967924634,-3.6009654237704063,-1.5652537309572494
1.40625,4.391553920907693,4.308498262333046,-3.7043551116682125,-0.33627113192679736
1.41015625,3.6198443755294627,4.246130525343961,-3.4703467921916493,0.7648865618363165
1.4140625,1.7887573214164751,3.9392736153192827,-4.984623084453826,0.5095466382017646
1.41796875,0.9239609751211939,3.7689302805250327,-6.137698484845383,2.166874311790316
1.421875,0.9386631373894228,1.621582850844994,-5.536132709213385,5.517475671879382
1.42578125,-3.2236252539496437,3.1590336010676845,-4.821904124470507,1.4892642583937272
1.4296875,-3.1189779599399436,2.2166685147231,-6.061938544046565,0.15888192556945202
1.43359375,-6.810310588775842,-0.5795271448234457,-4.383152563105705,1.1528228010591866
1.4375,-7.400296265660732,-3.9580924966825286,-3.803832513356854,-1.5093112610192778
1.44140625,-8.886793529302054,-4.264080363926014,1.356120630642716,-2.2111676430918292
1.4453125,-7.175942119516845,-8.280021498008908,2.9072334851913495,-4.989913965766457
1.44921875,-7.396041369102257,-9.120397100172129,6.859505222256033,-8.70388671739308
1.453125,-5.764040399523859,-9.611482895045128,7.9998875666133165,-7.669430645886237
1.45703125,-4.398691479972412,-8.517477302466691,9.092215777452694,-5.869485351887461
1.4609375,-1.1466200594131708,-8.095926641522283,9.513760190561905,-6.733464316317867
1.46484375,-4.5674538639338085,-8.745137403053121,9.257223496589992,-5.836176345212014
1.46875,-1.6425941576837029,-7.0839366979320495,7.981785283366106,-2.382573649390094
1.47265625,0.9192541511346615,-5.878362738327495,6.872383436263121,0.7299252735169011
1.4765625,2.1110782579291634,-1.5529764063875593,6.825467683092013,1.2042543144591893
1.48046875,2.6683076540390127,-2.3001674781196475,3.848024554013083,3.5978012847956338
1.484375,2.990947668421138,0.506878973320783,3.4174861682515507,3.2251038792956206
1.48828125,4.579061499712244,2.5732087726501454,2.10741255775638,4.260898025406475
1.4921875,4.67724052628626,4.209823357315171,1.7583165766141873,2.9565236359898766
1.49609375,6.385488352480635,2.8197291243561,0.4911669040416471,5.007298948223696
1.5,9.85088073904556,3.2596370071718885,1.1254653663494247,4.846913221667258
1.50390625,7.350111774320696,3.921186075103089,-1.3006336566659327,4.684449433675877
1.5078125,9.209937134312185,3.6796589252814202,-1.3217780213580326,8.069155582525006
1.51171875,8.276766382447095,1.994414076192574,-3.6786499652631504,5.897251552963602
1.515625,8.877804152068213,3.454246399422961,-4.014003769730227,6.164918076494582
1.51953125,9.094311896183978,5.030818003714029,-5.35855175795833,8.367440331705314
1.5234375,4.576716850814755,5.68534263583027,-6.530578217930005,8.666349836944747
1.52734375,1.6279248297758437,6.773323802311769,-7.621141124065226,5.658698851941457
1.53125,-1.1863555781028712,3.6645234962400934,-7.877988992407265,3.9510580689744272
1.53515625,-2.591376159787295,3.453083860380619,-6.9836292428556455,-0.08962869046971655
1.5390625,-3.4449100379570186,1.6613638154616108,-5.647623540322333,-0.7811923338259881
1.54296875,-5.898277206215154,1.1504684975376869,-3.2951198252379204,-3.330872104469466
1.546875,-5.748484349316994,-0.013857687607870428,-2.18712952320284,-3.8654181522696436
1.55078125,-6.046877689346227,-1.8170044260719185,-0.4650153886294799,-7.771693743787717
1.5546875,-3.2995804853257034,-1.984390477369622,2.3677095129101655,-8.639053769161931
1.55859375,-4.005832923616195,-5.453347928609015,2.100821209798858,-7.054587394208674
1.5625,-2.4128401520236062,-6.605479350704181,4.783886100310074,-6.392549294663082
1.56640625,-2.498261410337285,-4.66768678140134,2.8275028702579754,-6.963315940128934
1.5703125,-0.14339851652408853,-2.7774922454653317,5.148033086985229,-4.228350952061783
1.57421875,-1.6328151599542633,-2.13059233947195,0.5405562766212795,-5.6663320495225555
1.578125,-2.057991280064258,0.10680106066354322,-1.070136803617422,-2.2888246225249316
1.58203125,-1.3423607281654624,1.3666859933274063,0.9069139829982276,-3.727528025026083
1.5859375,-3.129626684154357,4.420309963821393,-0.014827520470897304,-4.553647498309852
1.58984375,0.8275163462153461,0.9221175045112506,0.2960737536173258,-2.476887472642395
1.59375,-0.03061444151672532,2.989306957979876,-3.2318918881196668,-2.6621651921668157
1.59765625,-0.3139732017531115,2.1942315450144063,0.4595876138161378,-1.2323582772648707
1.6015625,3.6499832072691483,4.532142031316204,0.9527863266275466,0.6707836590997349
1.60546875,1.5749797396467355,0.7960649756553269,0.9065141907467082,0.9307427603250833
1.609375,2.2944965255386047,1.8542042608729903,-0.2175288390009732,3.1322918821734023
1.61328125,2.2551802494031845,1.671679372967163,-0.8711379719132641,4.672631769833439
1.6171875,2.7303466048169196,0.512983431690976,-1.6890235663362105,4.782361118471328
1.62109375,1.6272564752078849,0.09051940735630752,-3.151829845910168,2.959981966458491
1.625,0.7287099796358613,-0.6466225239516529,-1.4929251858344512,4.848192515459863
1.62890625,-1.5047840575103388,0.19835558558176114,-1.3999855151338825,5.381714916036588
1.6328125,-3.053558552201489,-2.498255678611774,-2.4115291149066294,4.79867158687047
1.63671875,-5.8617750220632665,0.07716910452408676,0.624024898802853,0.5967215956170346
1.640625,-4.449994944503753,-5.315631681129767,0.3696512580992426,0.6561138727532643
1.64453125,-4.485041182439453,-5.364096432903111,3.0363650465892325,-1.6519221106254771
1.6484375,-3.533773928004845,-6.916640933582097,5.222956069157429,-2.2374535803670326
1.65234375,-3.9279905073696906,-7.3068532275930655,6.66003898755784,-4.029267558640631
1.65625,-2.1738765444971357,-7.572513549631484,6.616910398110587,-2.5737980625292747
1.66015625,-0.2567295469038681,-8.18710128207753,8.175694428104459,-3.4696607999709124
1.6640625,1.9008831037340794,-5.96861726373044,7.136599143308527,-0.7967626796287997
1.66796875,1.4428899988501933,-5.733005251116118,7.314124131029527,-1.6916490970247189
1.671875,2.333783046353614,-2.4954957685926313,4.435797037903507,0.9496335514479113
1.67578125,3.116908690858342,-0.8444841753985952,3.665456749001809,1.8376998148210817
1.6796875,2.6968756071573416,2.921049636387367,2.27150240976687,0.5230691853374629
1.68359375,2.562493994509687,3.8038512775535667,-1.2505645216344623,3.7884250611945927
1.6875,4.344977641662223,6.660479683178193,-1.027703488546698,4.0557634087926395
1.69140625,5.862531106411289,5.3038726167017,-3.1008427829061658,1.6603288204705033
1.6953125,6.7808968401408105,5.842801593251039,-3.512935109768109,4.096458373753159
1.69921875,5.594628444501934,7.39650113054253,-3.520115965976521,4.260656328679133
1.703125,5.948664388020803,6.46254742984948,-4.167566307374721,3.08144559014011
1.70703125,9.498001135317828,5.867422370849368,-5.153419888134556,5.151263929953043
1.7109375,6.696767201482582,5.064096969855857,-5.831393719814985,5.235323546630558
1.71484375,7.153632041496366,6.281506712781432,-8.172167571215079,4.560362710086048
1.71875,4.780079466876445,5.205139333909371,-7.065889423596314,3.147939275890982
1.72265625,1.6494909737867542,3.1509871119324946,-9.58124714903371,5.943725901323785
1.7265625,-2.243590591295953,5.609663501358515,-9.427246548911226,3.1296504179864297
1.73046875,-1.3326946627239384,2.6670551990247238,-9.328133260589139,0.8249800487972092
1.734375,-5.693439589938434,0.679827084425924,-6.984324195013458,0.7196335870343291
1.73828125,-7.066960239046189,2.9310162558606314,-4.17297598141089,-3.159468741018687
1.7421875,-6.557154136296318,-0.004544033785936041,-2.0887899769247715,-5.636758914441611
1.74609375,-7.947480432226657,-2.3862109542111742,-1.1490145536843164,-5.125256871712953
1.75,-10.098491057827967,-6.879845572036279,1.7083616028210034,-8.34173625508032
1.75390625,-8.275622579852426,-7.019709830710703,2.106026143088276,-8.930483676608889
1.7578125,-6.518830699458464,-7.714028603004743,7.062109023953317,-7.489314545645116
1.76171875,-3.2447296756611474,-7.4973973303784245,5.439785907868979,-8.786462912373517
1.765625,-3.1410621412715694,-6.200313115304891,6.113747646682687,-7.9265530059280565
1.76953125,-2.1483372037973023,-7.771919451820513,5.243774928215463,-7.965558944165279
1.7734375,-0.8866189543735534,-3.8041831363938803,3.575001247128977,-6.382350561418159
1.77734375,-0.7573162474831083,-2.7851370672431557,5.919250156954223,-1.1336688801362054
1.78125,-1.3220368781079186,-1.3812606331276787,2.8007943143164944,-0.08366870581173325
1.78515625,-1.2904880099697937,0.19486202317004858,4.460575941550806,0.8822097107412522
1.7890625,0.027282494056778572,-0.29487969599196606,4.706395530471111,1.8096130886465147
1.79296875,1.2707761317235002,0.6478446327863718,1.3539653814838601,0.45413449181906584
1.796875,4.48993065060113,0.8820383049506664,2.2027011243218233,3.498959189783452
1.80078125,3.5517126596177953,1.1005668138632485,1.752602717406239,2.6771615347629556
1.8046875,5.060271016640505,1.589287160910596,0.6990816188506073,4.570577344720815
1.80859375,8.86339735555587,0.7413257096365002,0.4238434207043454,6.052371613148409
1.8125,5.7071868514768935,0.6682651729016812,-0.4327916171214416,8.048707139018191
1.81640625,5.918488529242098,0.22846780551293933,-0.7236126823561065,7.8108678547812005
1.8203125,5.023137452661969,1.9701261028465509,-2.8037214502631196,8.57024154456828
1.82421875,3.8954992863124445,-0.04201965409075803,-4.269105478908818,9.645640473587704
1.828125,0.8927932723202661,0.417152162888492,-2.1927598266109105,9.598006499644566
1.83203125,-0.24843207327021322,3.0452369559382464,-5.147152997431469,5.822450095305086
1.8359375,-2.008097977210147,2.340555404169946,-3.301706673527634,4.232866972410092
1.83984375,-3.671482067570076,-0.21587385166806572,-1.5140692909248177,-0.272152685192101
1.84375,-3.5323998338203837,-0.4416172517461281,1.2808260740193511,-2.341783965888507
1.84765625,-3.947750837024743,-3.11034603147297,0.1853343523442934,-1.4669712699691357
1.8515625,-2.0303794390092076,-4.052040182171915,2.329463328358378,-3.8837343966334474
1.85546875,-1.9720288090587186,-4.851956155924555,3.6113397591762504,-2.3578259373043924
1.859375,-0.12837925046818127,-5.255908212450315,5.02679808437288,-3.655524518087356
1.86328125,0.8725918823787695,-3.165038424067535,3.685644494529223,-3.106522112417564
1.8671875,1.9481783505606214,-1.2073818550944915,5.003852442319488,-3.850754687668774
1.87109375,0.419321171149003,0.26264035766017924,1.3018265863013603,-3.109252340406533
1.875,3.57335812361165,1.2881363981481617,1.7162465549862194,-1.7143004389124719
1.87890625,1.0579335266921805,2.770151657211109,-0.3646953219876964,-2.5058753076001574
1.8828125,-0.7342501089851252,5.603502089059596,-2.481238224016247,-0.9178048459949735
1.88671875,1.0506100848988096,4.740358761255182,-2.042627138745427,-0.9816203788532285
1.890625,0.9065564463460445,7.168585404486555,-3.1097324934272867,-2.095331195619419
1.89453125,1.4398986579007382,5.984222694934391,-3.1911888574627345,0.01233694069894109
1.8984375,2.2044251942555646,6.795227058607917,-5.690411074512943,0.16388806891976615
1.90234375,3.0276666121564784,5.272394957400471,-4.221168179561459,-2.232567749374449
1.90625,3.1479123211515216,4.328597114214216,-5.0605745503873845,0.14307803138767355
1.91015625,3.929905712946786,4.23606838012806,-3.1710959162324572,-1.2109531941447997
1.9140625,4.160029883141316,4.813212967996489,-6.698635136435138,1.6095229223137968
1.91796875,1.907020109697904,5.12362990605595,-5.957164608358232,3.7799971825323784
1.921875,0.2075681909841533,2.5381777514265647,-7.05718925802722,4.59665707449331
1.92578125,-0.5898924822940113,2.409925817366983,-6.10701722021804,4.7110811648742885
1.9296875,-6.215561511003161,2.157306370993374,-4.962480319142924,0.5648513133195392
1.93359375,-5.844513359005111,-0.3862602802780439,-2.920627342001691,2.3638776682098785
1.9375,-8.825831027214468,-2.968412832008956,-1.502878505026215,-1.4113099031809622
1.94140625,-10.587429362428747,-3.909171903904823,0.49518221779601024,-4.286918039179657
1.9453125,-7.85109711488581,-5.415485229484672,3.8392915023234218,-4.747040665100627
1.94921875,-9.298870595628083,-7.3957984168867155,4.7804486553604795,-6.278612825716118
1.953125,-6.756175019979233,-7.529079699561975,8.382225920047627,-5.114311140771797
1.95703125,-5.144289313746553,-12.033221539653946,8.837803191859715,-5.62917422223824
1.9609375,-3.85298397919925,-11.410047439328142,10.047069727599425,-6.071029666467622
1.96484375,-2.1221605152587664,-7.438075180202439,8.862119337839854,-3.2903747927990263
1.96875,-1.6179742784436548,-6.986110328809174,8.63479328958413,-1.636069434792275
1.97265625,1.9522475453435435,-4.637373235408514,7.255280881627617,0.16451732426479415
1.9765625,1.2220113293336863,-4.885319510640453,4.824198637241368,0.43227675700130264
1.98046875,3.534009585430165,-2.7746735840932226,3.948336821267572,2.773221163646847
1.984375,1.6281514355923319,0.35601471668483103,4.664180475962655,4.763141992866695
1.98828125,3.6942651852894937,3.3712760853636805,3.9882587638244615,4.794627040719381
1.9921875,4.9060100892006515,3.1716930945581323,1.2583124242968218,4.3885008931152205
1.99609375,7.079850631870919,4.055327508198149,1.308758347954189,4.936497735333231
2.0,7.436914638527134,3.9620092094247634,-0.10330457463890247,3.6402514811375974
2.00390625,9.708772907651104,4.115580344610414,-0.07073699504234676,5.746040631836933
2.0078125,8.059639310487524,3.6896695460678677,-1.6059254063090354,7.750002787277643
2.01171875,7.759579817959536,4.691866752828051,-3.6235940539393745,7.199709816654526
2.015625,7.704571467387027,6.403749855806803,-5.115532380460226,8.301011053934097
2.01953125,7.054599246929509,3.0313653194009174,-6.484708626982169,7.548973719670341
2.0234375,3.6808778858916362,5.889551555902487,-7.933549618699326,7.2291504835875
2.02734375,1.4416345974512281,8.00254183854929,-8.69353922528901,4.324087514608531
2.03125,0.1904395466147653,4.564403202912842,-6.894260077993419,2.550427684246481
2.03515625,-0.16598310224961788,5.29952783283437,-5.5357591655274465,1.9034340847813362
2.0390625,-3.412784651243382,3.276169099074406,-3.1540074907010514,-0.983701741792836
2.04296875,-5.472369928495558,1.1300006045629527,-3.2512079812914365,-2.1929963565899175
2.046875,-4.404644590402562,-0.9253110323785521,-0.6304831740644629,-4.219204563617713
2.05078125,-7.551451262188705,-1.6939457259589163,-1.557744499283836,-8.2940545275876
2.0546875,-5.701921120785169,-3.649426043947464,4.306476203536246,-8.224728060151081
2.05859375,-4.7705718422733465,-3.5527044887356545,1.7929772759756968,-7.278526133101034
2.0625,-2.719633796769942,-5.349397258543663,3.7152418349273746,-8.390142036505237
2.06640625,-2.658708171382536,-6.245648284626654,2.7049711399906,-6.977478899410915
2.0703125,-3.1870350024159517,-1.8450202099018709,2.6105146822507743,-5.175409788203122
2.07421875,0.6738525294726709,-1.3924721993278555,2.353032159318495,-4.179475512821994
2.078125,-0.8417024931478025,-0.37934124603925246,1.9290159655096628,-4.448828686307656
2.08203125,-1.3966478309215997,0.9354223863489849,-0.03960052886833265,-2.97904455315471
2.0859375,-0.7920742131463084,3.045484195085667,-1.3935442860407434,-4.144359557707516
2.08984375,-1.4467854085557743,3.8165482203397367,-0.8280289902568085,-2.911642625768187
2.09375,0.8452809329158519,3.709727695216564,-0.46574724154396524,-0.4645994819110688
2.09765625,1.1475111318278666,4.031085736135693,-1.131695182414683,-1.9766872445085772
2.1015625,2.602186186782587,1.0817793798821287,-0.8929850562414261,0.9855560113813528
2.10546875,4.159227431186269,1.3285007558203112,-0.6996106804042164,0.3886381265180967
2.109375,1.9696788473729252,1.536693583573794,-1.62105097788068,1.9876330207843418
2.11328125,2.2834809477066678,-0.8179814557909927,0.16702087664964993,1.8983476480576176
2.1171875,2.6174557936827982,-0.26485539827708265,-2.2416861990204136,5.554529705083543
2.12109375,0.8835357004704046,-1.0529080455579487,-4.032479749706265,7.123294737502288
2.125,0.7339066258014443,-1.2084498005877964,-0.9557438667653981,5.597646754020563
2.12890625,-1.0780681552175073,-3.0478260699691493,-2.3123267618560543,6.153453809454386
2.1328125,-2.650441600764718,-0.5675498263548178,-4.87474559985765,2.5778086041655017
2.13671875,-3.0835968740133035,-3.9658285318923094,-0.5106382655923334,2.1994740234596883
2.140625,-5.53882970485534,-2.344153922246696,2.979914158357159,-1.970161143895143
2.14453125,-3.4065659261639705,-4.920372027460033,3.932456580527873,0.017494696332025494
2.1484375,-4.688584950245921,-5.914106448288577,5.206134981772009,-1.7950107227218826
2.15234375,-3.676588776574796,-8.88995085700083,6.699341729768276,-3.7997131843182963
2.15625,-3.1514621808375405,-7.946433231299422,9.277379691579624,-3.020824398818243
2.16015625,-0.33978468854956234,-10.038712607085499,9.385778816187212,-2.7913720719188166
2.1640625,2.470891472246284,-6.397707846776363,6.784232667251814,-2.8241662139414347
2.16796875,2.1723314570319974,-5.674637902226492,6.361233542676325,-0.39958686415646305
2.171875,3.219858138949728,-4.604076158932775,3.0880555730246284,0.3755328670672248
2.17578125,2.559339011676349,0.9253317153183123,2.583376941034875,2.482035104683033
2.1796875,2.433257508638052,0.9055385180792651,0.3625408422248366,0.4271619382036487
2.18359375,4.284827604867164,3.7724601179718347,1.0199164978269393,5.076888774231725
2.1875,4.504936890787676,5.238624890728077,-0.1413295613453378,2.9155479119406795
2.19140625,4.167853190431372,7.934969503522474,-1.0655586900000706,2.507358874224116
2.1953125,5.045876847339694,6.95496747216045,-1.3309503418826893,3.059584759381395
2.19921875,7.125498070737709,8.275492896341815,-2.5524353159992357,2.072595604695145
2.203125,3.982452829031287,4.918926359510866,-3.141882203260894,3.2867746615370623
2.20703125,7.9730417487387415,7.03944208924268,-4.338613498835633,4.114142319807463
2.2109375,6.626817332216905,3.7294219636171566,-4.945833576472495,4.4643390130454375
2.21484375,5.944072582439264,4.565990144904526,-7.800265168352154,5.7681731805587
2.21875,5.080346236471174,5.825874650060329,-8.298332365558585,4.7215590457337
2.22265625,1.532861118565986,5.494010520212171,-8.411302908855516,3.7376978733835493
2.2265625,-1.5641636861494623,4.354390935919698,-9.186002272870432,2.8342859174695545
2.23046875,-3.6820415227158128,5.05692243532145,-8.259027513672967,3.0400659205583436
2.234375,-3.567006622125014,2.5884508105919606,-7.299654896386475,0.4769877928807422
2.23828125,-6.279736472503056,1.1764576471182946,-5.362870843845742,-2.585883353813851
2.2421875,-7.640588178176558,-1.159247915893371,-3.8971793711280878,-5.174363452093906
2.24609375,-9.985282065121012,-2.3493461289869004,0.7175090311616044,-8.16432019476532
2.25,-8.038200066678577,-2.712128851697642,0.6006346145839925,-8.512087594360974
2.25390625,-6.826840183348019,-7.578245058218221,5.614006253541035,-9.134922771266394
2.2578125,-6.8155699639802005,-9.054374927551173,8.097066085396847,-8.288496517168566
2.26171875,-5.532713093627912,-8.37923128588408,6.281608068696898,-9.675811522243372
2.265625,-2.3083765206024625,-7.6698849383798855,7.822068624344414,-5.33404601057977
2.26953125,-2.7738599902764514,-6.284031346292274,5.725400190223338,-4.302331467546373
2.2734375,-3.9584060324375745,-5.697422883574961,6.243579582008316,-4.595113129945809
2.27734375,-1.6879452831659294,-4.094114978034222,4.221004960982105,-1.353482185388263
2.28125,-4.19339375929658,-1.2350400757343694,4.218969744123868,0.14954604940894112
2.28515625,-0.6855699876623124,0.07091095169427486,0.8662315267623613,0.5756210442652839
2.2890625,-0.37882112315742633,0.44129729386023153,3.522591922251267,0.8286173500143487
2.29296875,1.282593187583002,-0.2380030694994324,1.8779320299376139,1.5740464094327695
2.296875,1.8170454784775492,2.0012895070168017,1.9733672875437813,2.8846757411068737
2.30078125,2.188585697208795,0.9693023103329939,0.8612789210042919,1.8610184434345305
2.3046875,3.6475103626179983,2.875233318404549,1.329193358922928,4.505664317036943
2.30859375,6.78018129319567,-0.450292382834375,-0.20598140246979724,6.281708721954375
2.3125,6.873811111160153,0.20090867006195445,-1.4755476494467623,5.809616081664328
2.31640625,5.514449880778168,2.5315023905437917,-3.5072822728270747,7.938038814384889
2.3203125,4.535644256367063,1.6366474431682472,-3.11585007983896,9.116183352647584
2.32421875,2.361969503478124,2.299997832019392,-4.014965076325376,6.6897418048345685
2.328125,0.5479016197382773,1.5320782710035223,-3.778691677575437,8.247069067970312
2.33203125,1.9091828510379114,3.4952329075840853,-2.324916026574953,5.986819359546493
2.3359375,-2.5773234780654386,1.1763571777971462,-2.4101252739187036,4.129155075626938
2.33984375,-2.1297533438030087,1.4448147554354525,-1.6893963919483563,2.463218191868586
2.34375,-2.3486263249412467,-0.4007804049260323,0.430445448107157,-1.5720276909077877
2.34765625,-2.9933357964193186,-3.825213633028193,1.627401760917932,-1.9292071803791297
2.3515625,-3.979352603951459,-4.3662995068214,5.027377880610394,-3.5882748264530204
2.35546875,-3.99308622197729,-3.46120267872472,3.4203003520989768,-4.924290961969439
2.359375,-0.6329114373263538,-5.422066947135473,4.397606470579683,-3.7226372816739692
2.36328125,-0.34192213658159987,-3.057321780101404,6.661430351847246,-3.7568187585489277
2.3671875,-0.2202316300572067,-2.726059914291545,3.5733121011571276,-3.0783301569550363
2.37109375,1.4477759500063296,-0.4901944925097651,3.138008337503638,-2.5463009122346896
2.375,1.1518411533680786,2.7021491055765243,1.870979482337929,0.21038876187158406
2.37890625,2.1768256854694927,2.649065476702976,-0.6588917812815263,-1.8707904464219196
2.3828125,0.2788353533563166,4.000005790945427,-2.098865328377215,-3.9901192163893326
2.38671875,0.6120531216242278,6.553851576455676,-1.4814546041119554,-1.272072585317174
2.390625,0.3405795574544853,5.694892305561989,-3.3325109287571473,-0.4414075635710229
2.39453125,1.512208151223223,7.229171030739838,-3.7455288357552514,-0.8396455768801026
2.3984375,2.880301350870915,8.588735660639367,-3.2378612153195085,-1.2204158804401688
2.40234375,2.9692187824858416,4.019274073583382,-2.80607943217762,-0.027769760425070067
2.40625,3.7209707187462686,5.457279940073944,-4.970120706868739,-0.2532988020916577
2.41015625,2.900061158687164,3.5461367891718956,-4.343658934534509,1.124729633649905
2.4140625,2.6796918926304407,2.145368121473826,-3.8874369715665287,2.4909178407839305
2.41796875,3.2031463724523417,4.242234658139081,-6.959163279992616,3.53302411651792
2.421875,0.007968207513227465,3.2344679853145366,-5.802538856498003,1.647978299247164
2.42578125,-2.416331103428267,1.0034710311202282,-7.820833903073636,1.867522835283184
2.4296875,-4.243046414799059,-1.3817848760640572,-5.34073298328023,0.8528861132110248
2.43359375,-5.171475433435273,-1.2602821586543718,-2.818348297421114,-0.46356541284418024
2.4375,-8.649830591111632,-1.0426992906793493,-0.6491049371884448,-0.988673266670679
2.44140625,-8.380970924420255,-3.395430120209021,0.37630097917269767,-4.349456725306582
2.4453125,-7.951994602850672,-7.1838408543135905,2.353306984340761,-5.259214203451642
2.44921875,-6.142178389549893,-6.6074358675766565,5.996894083704653,-6.919435881123266
2.453125,-6.685680533265185,-8.209618411928593,7.644714970877034,-6.181381774931513
2.45703125,-5.4367536846477895,-9.334435751601813,8.01759440157664,-5.5856796394242965
2.4609375,-3.230445255582561,-8.828469133247886,7.476343837047221,-5.4518226198923285
2.46484375,-1.8080346679023458,-9.802507659900941,11.01799696248804,-3.499449464384286
2.46875,-0.7130324819206274,-7.30394572231872,8.418664855775031,-2.8744228193965173
2.47265625,2.669045268628243,-6.0481776560885026,7.0775957622293655,0.34791100292439714
2.4765625,0.5603483102575929,-3.5233713439629084,5.199250213947849,3.2063645756855674
2.48046875,0.4970523224628385,-0.6051868631674729,5.758225959512855,0.8503202415093634
2.484375,2.025459765829364,-0.840479208780093,4.029011164531363,3.4862437327006432
2.48828125,3.1378211873525066,2.8551134976942,1.9456947466044163,3.9357774357534714
2.4921875,3.0423655246702284,3.202946929261913,-0.16920010744948533,3.530058774690759
2.49609375,6.420963901979735,3.336076240684439,0.33402566914275744,3.8052302929724156
2.5,7.3586796611812035,4.813317967212704,1.8561952784442755,5.641299397050084
2.50390625,9.743996131711631,4.160793964796531,0.08321637726988385,7.181746246915703
2.5078125,7.951901546301265,3.2903461347733343,-0.9765208289084003,4.281319639240968
2.51171875,9.738213898226288,3.95916665087472,-2.2650689482751893,7.0367563507388935
2.515625,8.925655125822393,4.664363618326247,-4.876790727277594,7.76002661842097
2.51953125,7.271527333999216,4.218965165577056,-6.444102662381759,7.9227663303224105
2.5234375,5.539783239476421,6.0319785168631626,-7.170875870461292,7.2580153384022665
2.52734375,1.775117523501708,5.4836977756449805,-7.140692082302097,7.128302820373803
2.53125,-1.5113367520055934,6.588266898564605,-7.657347384641917,5.476179617695167
2.53515625,-3.3235758922446212,5.996942976775691,-5.713573662110848,0.44105208961215436
2.5390625,-2.8812583660711537,3.803003613278114,-6.639541402070682,-1.5905542216677446
2.54296875,-5.583634296550393,2.075137722278826,-3.5660522425515215,-2.570817047675808
2.546875,-6.46756694548464,-1.7710830028841222,-1.3654424145064756,-6.303058028219204
2.55078125,-5.401468029651675,-0.8824649171929004,-0.9414087671471008,-6.737190297928756
2.5546875,-5.850963761858585,-3.6411842501299403,1.2904035940028071,-9.826817865942092
2.55859375,-5.088868940923029,-5.317231555778565,1.6413982772360396,-8.36583793922812
2.5625,-3.9351403712950126,-4.035958883287525,4.094624011161221,-7.081530591867007
2.56640625,-2.836325616531777,-5.282359082392352,3.6674572776080714,-7.107359466177184
2.5703125,-3.047817146377956,-2.548842241653991,2.512969013986839,-5.70314869002798
2.57421875,-2.1587404870067015,-1.566918509924955,1.1424015368125744,-3.48619247197853
2.578125,-1.5379853287756662,-0.21053194643840123,0.3506652015091477,-2.7344570995663022
2.58203125,-2.359136673065084,1.4482946848908118,0.1465982680844008,-0.366151100274704
2.5859375,-0.8408068288505198,3.855942835627477,0.48212036602208097,-3.1382429744942097
2.58984375,-2.4627695412426984,2.4459705180675027,0.08188658121285808,-1.6561996758378688
2.59375,0.36847135544967535,3.6457697437725765,0.16674682133497554,-1.0635872589353355
2.59765625,0.6622406280707651,2.777672662839309,-1.0718207501403956,-1.4525988609850582
2.6015625,0.812193467531692,2.135345398639038,-0.37658445761225434,0.5849140921711191
2.60546875,3.552593295526666,0.9294284541527924,-0.7843719544689026,0.9559922185607146
2.609375,2.937965149082154,0.277004332545916,-3.4125008948179483,2.939102827411357
2.61328125,4.448685909798326,1.0934866465405944,-0.36478002655163233,5.872063545659179
2.6171875,3.2736133725055683,-0.43615195105509524,-3.546902832621875,4.889686782505345
2.62109375,0.6162300000245855,-0.11632570031339302,-2.70790100106276,7.2370477981404475
2.625,0.14509889126180983,-0.27160175111762863,-3.0509969738490277,6.672848432200581
2.62890625,-1.675554049214085,2.5355376909737295,-3.117328871518515,3.8844955214294288
2.6328125,-3.8077307824503834,-1.8268160738687622,-1.3740425407980261,4.617405041758898
2.63671875,-3.6605054214953485,-0.955422885034789,-1.8340659060609248,2.3493906281682526
2.640625,-6.565222930061289,-2.0985439315510863,2.107868054058254,-0.24406697038887998
2.64453125,-5.921204239964158,-4.521327000691283,3.1870747676393987,-1.0705606634992006
2.6484375,-5.488435502137238,-5.735297520034652,6.165820446342176,-3.5278488265628147
2.65234375,-2.7368760306034865,-8.035142376929167,6.958971814420977,-2.159783574904167
2.65625,-1.6973792392133826,-8.33020437630044,9.002193649657462,-3.1136626897905515
2.66015625,0.6729707555195578,-5.693022528400789,7.780925011333105,-4.446001101838224
2.6640625,2.0656330993978482,-4.229175053690005,6.284534831876376,-2.1627678472228555
2.66796875,1.6534678821022144,-3.9978262019413533,6.321626712213029,-0.21194157958922943
2.671875,3.3088798028891593,-3.5798028958550616,4.551155881919426,-0.14410673345987846
2.67578125,3.116859078157569,-2.8061919900962224,4.301380376808554,2.146124501930096
2.6796875,3.5519042637082467,2.6234238309009017,0.7636822414269063,1.6287440485277054
2.68359375,4.016746742347524,4.878506111802791,1.7839203649510396,2.1985496047489694
2.6875,4.498778554021006,4.951158910906568,0.4929544452363732,2.640939024367174
2.69140625,4.860295681028662,5.518832761212206,-2.376332153671939,2.514008754300628
2.6953125,7.067481217859971,7.0815041188726715,-1.4899840214621838,1.9272598591610777
2.69921875,5.563393074128363,9.465113839747652,-3.5357207974693536,3.3668682851450606
2.703125,8.35010014300657,6.234145132201114,-4.257469735349162,2.1066164091206074
2.70703125,7.102489489791137,7.421621874911625,-4.378931665440346,2.3760074076125726
2.7109375,8.063216413493048,5.353815972689924,-6.2079633019911595,2.9666552345502653
2.71484375,6.565345854252297,8.084832807670228,-6.673065357814409,3.039046364941975
2.71875,5.796165216649365,6.496056650565382,-6.271174472115814,6.205131682109119
2.72265625,1.986307795936913,6.106841232635077,-6.138459110723826,4.721382001457364
2.7265625,-1.065270981709991,3.9999936593203795,-8.287244977112216,2.505048421841552
2.73046875,-2.9749338907574714,4.513572004330963,-8.773626318339787,0.9290572224066085
2.734375,-6.298090069590621,3.6133142346120457,-5.895291053621543,-1.1475108632725823
2.73828125,-9.281028623153611,1.9898267340940399,-4.401555903813048,-3.515684892785645
2.7421875,-8.40251393155158,-0.4342330139297486,-3.012814464433484,-5.767797369496102
2.74609375,-7.982468517930898,-1.8442169289992165,0.09199296925207828,-8.173860397785432
2.75,-7.771327824477937,-4.70697798678385,2.536994376684615,-8.232261227659162
2.75390625,-9.284185674468167,-7.109895419818823,3.8729746171658466,-9.891490353335318
2.7578125,-5.505097605512053,-8.888151056626356,5.743770644172696,-10.666424414511155
2.76171875,-5.177135744999476,-8.458986903224812,5.191117948723634,-6.0246002458230326
2.765625,-3.688988023917598,-7.319394688613945,4.947408981606608,-8.23467857423313
2.76953125,-2.0104657685432588,-8.744613210168819,5.544146380077964,-4.094052675287576
2.7734375,0.1772221728648855,-3.706222122337981,4.020228045075766,-3.4701844060031535
2.77734375,-1.8563031382525346,-2.720344228753248,3.7479430306804535,-3.7207046610702426
2.78125,-2.6882435980144175,-2.5650379839583577,3.790272735654696,-1.1856817535482647
2.78515625,0.4660921456577629,0.23848150250318745,2.736094932638484,-1.7229905950889775
2.7890625,0.2687561956473436,0.46656087799668733,2.614015069688522,1.3135772632829417
2.79296875,2.289618918929757,-2.4928879822500716,1.6850021502056751,2.8207680691714474
2.796875,1.3270207255241337,3.052426801579779,2.120738583888762,3.5996414935160383
2.80078125,3.366283836802096,0.4935667411468495,1.9603569414135058,5.177484487220735
2.8046875,3.9593385547146394,1.024050947919498,2.465735109696689,4.283023277413038
2.80859375,6.915552567225275,2.098082072816504,-0.12309490521258248,4.339135646142745
2.8125,6.337572661309787,1.7290750820957979,0.5694409353101454,6.4711368076430995
2.81640625,4.9921281060638165,1.5271261054753065,-2.237721986056871,7.25250152418759
2.8203125,6.4043249528693105,2.5622248229324773,-2.1233099772968544,7.19138182726133
2.82421875,2.954845094705817,0.6731023477379221,-3.581393780102337,7.928907601437438
2.828125,1.6535119388399453,3.4409351455793233,-1.7239994145697963,5.347140892480756
2.83203125,0.5300423620672823,1.288284503520667,-2.880109912699305,7.611618504752503
2.8359375,-2.5893157139112195,-0.14229024609707963,-4.464464129909967,4.387961676741026
2.83984375,-2.542199146706215,-0.5120235273462755,-1.53145509533989,1.8690685621681173
2.84375,-4.2897999390876445,-0.13387795897904187,-0.4679687478589846,-0.16662511541318192
2.84765625,-3.5299005917641297,-3.0887505439423193,0.9675599973798916,-3.131071140070826
2.8515625,-1.384700581590891,-2.9680741353379183,1.5458388830509087,-4.853704695829489
2.85546875,-3.0443400045673217,-4.485449477793128,5.1439579026078945,-4.425408612605828
2.859375,-1.791597629634822,-3.7773101049153377,4.71941375623466,-3.470951304492621
2.86328125,0.3705561890813227,-4.910503307522585,2.8332230111030423,-2.9438331591611266
2.8671875,2.202857500598335,-3.3916955392806067,3.734812377207726,-4.476370459596351
2.87109375,1.0075659106736412,-0.3425372999393066,1.7546246382420108,-3.0743974521867825
2.875,-0.28222644660622187,0.029148912990644593,-0.5779783140092993,0.25497021286121924
2.87890625,3.5529502639001236,3.450190746557768,-0.38695452134284924,-0.4747253797880864
2.8828125,1.08162711342377,4.371634047604573,-1.412389618955768,-0.590253692558582
2.88671875,3.170615179462346,4.452090799024328,-3.358754384376825,-0.3005934762312366
2.890625,1.231698615232172,6.633433402203852,-3.605594695508814,-0.69323590341418
2.89453125,1.191373254867496,7.024284804095939,-3.6460563182487973,-0.5816452999247366
2.8984375,2.7861946825448616,5.731287017791729,-4.559228372529905,-2.610073185433686
2.90234375,4.889218823484153,6.2398605539847,-4.123454836466803,-1.206594686203538
2.90625,3.4168567824411364,4.868387230315486,-4.885847920740836,-1.0982587309958174
2.91015625,3.2084256542299188,3.705153565136403,-3.024441626003987,-0.2686348201454911
2.9140625,4.851055820671203,3.130473468820248,-5.816395402911494,2.988614863200718
2.91796875,2.959217899150868,0.9020341549997528,-6.620810423806618,2.3670068892431093
2.921875,1.1130918406153567,4.717249787497667,-6.298236637624797,3.0252301555293792
2.92578125,-2.741763200332069,2.9581720499926343,-6.90438686585552,0.7763555819460559
2.9296875,-4.478002080439256,1.8487677906037443,-6.885745793692273,0.9437708405719741
2.93359375,-6.3028799082594595,-1.6018203626634107,-3.179385754964335,-0.6432320315292307
2.9375,-9.511059720248069,-1.7125756867486055,-1.3457451433413903,-2.147165905527314
2.94140625,-8.505959222348633,-1.1250661450936263,-1.7323150208670854,-3.7015909882483635
2.9453125,-9.324428720885644,-6.685432760651639,1.735464118487174,-3.8663937604377807
2.94921875,-9.028475554938046,-7.4131015263498705,3.8826261556654633,-6.887044374566744
2.953125,-5.93460521035834,-9.01504112060748,7.154273322865139,-7.614192026273371
2.95703125,-6.729707619563251,-10.92703990298256,6.957776866392412,-7.238268091524345
2.9609375,-3.3752445359732492,-7.795306542326076,9.741301106064864,-4.628743140771525
2.96484375,-0.8588616906078863,-8.0747239973547,9.163242224729654,-2.42008272260935
2.96875,0.776920734943346,-8.494150245572701,8.480362886496907,-1.813269277027032
2.97265625,-0.1687364916420091,-7.895952499930303,6.755709052418785,-0.9526350316795545
2.9765625,0.6296231592666581,-5.307811665847252,5.829388125500395,2.3421254425940505
2.98046875,0.4384502291160701,-1.5273347264543953,4.654795907427608,3.8324677311104383
2.984375,1.6258681012599894,-0.4538883404989149,2.6150492418612803,4.496921633928315
2.98828125,3.653384582384438,2.6793209673213108,1.9757837217044698,2.5981787610178984
2.9921875,4.96326475540929,1.7776071731001644,3.7338189298868265,3.293536845186182
2.99609375,5.8842116739615795,4.522995772045135,0.8428852001533267,5.123571550482973
3.0,5.439971548187076,5.904434309995482,0.3687505900655309,6.209592598514782
3.00390625,7.612321610366439,3.1457517848723673,-1.697843354175315,4.685807947811029
3.0078125,10.058912978342088,3.4041465031306632,-0.468054903353581,5.099736211035525
3.01171875,8.988673813929783,5.530510408713922,-2.7062541706342973,4.446880989017434
3.015625,7.406318905021605,4.271129493463008,-4.3333493597292305,7.118070250456786
3.01953125,6.861402591751335,3.663728229066455,-7.115497775680116,8.948490363992516
3.0234375,4.73491887454279,3.941767069778752,-6.099575861517399,8.662721510575654
3.02734375,2.6539312444059733,6.341218870549922,-7.98918755385156,5.8309787037591505
3.03125,-0.21148438491680302,4.997027000422741,-8.079948446763456,5.601182079805048
3.03515625,-2.587703085792843,3.367251042645395,-6.626746834301458,1.0340602533872871
3.0390625,-3.5044218460032504,3.1775893922879437,-4.314727862850685,-0.5184899767827714
3.04296875,-3.880261019095967,1.6310000329309062,-3.5202027498509194,-2.4110540021125404
3.046875,-6.652111446044374,-1.3341706029807403,-0.8073487935202761,-5.533082284041693
3.05078125,-5.46809630473992,-1.7726649886488857,1.0044091584421082,-7.145799902455961
3.0546875,-5.264931873753664,-2.878044318353005,2.781104893216232,-10.856423717053874
3.05859375,-4.569158520060105,-3.291842447195821,3.727176334633688,-7.77266365882921
3.0625,-3.7581343401270497,-3.7095186753586322,3.3834355884079885,-7.8852540449341495
3.06640625,-2.8649157800378555,-5.82332902942429,1.491448770569491,-4.964854281156749
3.0703125,-0.09305524153136502,-4.0759863311934055,2.3105979577255984,-6.1051511932304185
3.07421875,-2.3650239620268287,0.04779093036765758,1.9929406281277995,-4.862698292484654
3.078125,-1.6418827940765337,-0.5254865308963697,0.8226559095352717,-4.442244921087324
3.08203125,-1.573756952966546,0.71260855619754,-1.1122534144681135,-4.556359869770268
3.0859375,-1.8251022975541689,2.9090432519780047,-0.4984222551512097,-1.6217689318261554
3.08984375,-0.9184077718646024,3.3803419893774143,-1.755360024734274,-3.829171086272061
3.09375,0.7272045478558347,4.857154623859788,1.2298045181592125,-0.8362619253194434
3.09765625,-1.0849823334475321,2.069188199146281,-0.27313120688328696,-0.06581771104427914
3.1015625,0.6883659687056771,2.077060133688666,0.13170404338417807,0.41599401473959297
3.10546875,4.31605932497247,0.5275554417754884,0.40628215061545414,0.46184764535449063
3.109375,3.784747705834227,0.5428581622726176,-1.0684612661005084,2.73108850578526
3.11328125,3.08736169968498,0.3364145002388494,-1.0163992141089826,4.187499710464095
3.1171875,2.4769499834903344,-1.041737240215121,-0.44199572560520184,2.735512748561006
3.12109375,0.9259870759683487,-0.8864527480087884,-2.3893733114794964,5.03820057470576
3.125,0.06819173804314693,1.1756821140196307,-2.1138722315709693,6.712813733916222
3.12890625,-0.4254423302257351,-0.522696149406305,-3.786179711810193,5.3375341609523925
3.1328125,-4.0972059532303255,0.06254649822300407,-2.5218424172224148,4.187061820895023
3.13671875,-4.112554745209362,-1.7718360641730517,0.1658018677990879,2.1045733725870477
3.140625,-6.181803113585811,-3.9367655561298474,1.578356054557883,0.019239926575896737
3.14453125,-5.521644202168949,-4.777676802063443,4.305517087458759,-1.1990047006914082
3.1484375,-4.79669560728493,-5.36045282291847,5.568855382507106,-3.0769060662076866
3.15234375,-2.9853462578314582,-7.537375625252322,7.897595654831459,-3.9355324420619247
3.15625,-2.2103145786958622,-7.699131445901752,7.041515652379744,-4.6073516492547055
3.16015625,-0.8653497715336296,-7.590616667484323,9.624324943971391,-2.8628450787053485
3.1640625,0.48198807483723516,-5.538404634578264,8.540186383119842,-2.494650025813346
3.16796875,2.0796711093254263,-5.404461747735233,5.650467850140503,-0.46568949664045467
3.171875,4.898337851471099,-2.257976009059884,5.489650705394517,-0.20422266055815974
3.17578125,2.098446402181591,-0.2291509634090838,2.69727159082483,1.4230236222103179
3.1796875,3.5350510944859797,1.380898088052058,3.43388835427093,1.802134774247507
3.18359375,6.6172463455627035,2.877515239706092,-0.7883626364669981,2.7563204424660523
3.1875,4.136617988332116,6.65054450163257,-0.1779019531102507,3.5459439416414735
3.19140625,3.847366549549399,5.341011722954661,-2.134701522865678,2.2022505993640014
3.1953125,5.570325965977325,6.116071908777355,-2.3816313995806024,1.7192037810996004
3.19921875,6.903539400822579,7.721744440771474,-2.649316363046322,2.6272756854966834
3.203125,6.364659793568667,6.8656428211104386,-4.556041272979336,1.7836111544877378
3.20703125,7.1070240983125155,6.366417237582822,-4.882150822048526,2.534492598337425
3.2109375,6.795490491555774,4.05147814755248,-4.728191235887082,4.257084847418769
3.21484375,6.4637776234761954,6.1922770603740345,-5.961745048263282,4.437249307342126
3.21875,3.7678723217591727,5.8290257374019,-6.814830701975229,2.368114522358917
3.22265625,0.8221427470946108,3.3514066094116655,-8.581837992505363,4.471554068448366
3.2265625,-0.22281235926109377,6.335626016050396,-7.602150726560684,3.97344340697942
3.23046875,-1.6364727690513103,5.0025487097918075,-7.086678094421565,3.744217339061419
3.234375,-2.919428003286939,3.7665037468965545,-7.350326155814384,0.5475609554136722
3.23828125,-7.183420517292043,2.252983971548551,-3.238869386765338,-4.189536960225794
3.2421875,-7.947307465846994,0.2842346929241699,-2.9103486356090684,-6.030288273808396
3.24609375,-9.195952769712916,-2.995659057743841,-0.07721167875342931,-7.971229430495162
3.25,-8.20595529549216,-4.557780095822501,0.9888227509131218,-7.13847857565369
3.25390625,-6.91974818934941,-7.478065454859147,6.584802075269501,-9.70684255253814
3.2578125,-6.1562258390718405,-7.89257859957185,5.222107873866292,-7.838905317588466
3.26171875,-5.1635214987630365,-7.142422865629523,6.192788463294043,-7.0867660322888275
3.265625,-3.0297553301886575,-7.500150796180715,6.331899618882802,-4.834364538713452
3.26953125,-3.6346761774904603,-7.037455468933414,5.818076431271091,-3.9151486549358676
3.2734375,-3.338340308222098,-5.464062343424731,5.26685416911719,-4.036550611610404
3.27734375,-0.32803259884469904,-3.6559070631719024,4.074446072921742,-3.247594593556615
3.28125,-1.0705760910667446,-2.5725808585911736,3.1533475302066414,-1.7480962835929206
3.28515625,0.12395135717394512,0.46244041675324565,3.262727995674404,2.092747834417483
3.2890625,0.5094098704961041,0.16937553169903713,3.001965333715847,1.9014643912548448
3.29296875,-0.9845348207762683,-0.8577102929503453,2.505421304824134,1.4808338157267613
3.296875,2.070544215658546,-0.8886567489297024,3.4473178016580492,1.6573610532691994
3.30078125,3.5736890999813076,1.2390328890467834,1.6032256947389274,4.615350668956159
3.3046875,5.2080297417120205,0.8849133963102576,1.9967643303017877,3.9131139088720452
3.30859375,5.5271168098041805,1.058622951370984,0.3949323887437872,5.924578502818347
3.3125,7.14621633142296,1.8671497944328757,0.7316375134453448,8.269522644336682
3.31640625,6.4763132326315604,0.558096073350975,-2.5535611706506516,7.586652580262553
3.3203125,5.456409861720626,0.33165777981987565,-2.8897876636470907,8.285585298569817
3.32421875,2.844046676978956,2.2756555524567577,-1.3257737548082416,7.671625406267487
3.328125,1.0557307702806964,3.295644087660885,-1.2511110231672133,7.759174847267915
3.33203125,2.475735445804021,0.26115735596077605,-1.6179674082703372,6.516079102845546
3.3359375,-1.173825468708035,1.5486889020695949,-4.311542084858614,5.020898871058509
3.33984375,-1.5863294760453632,0.2906676519208725,-0.3627359174099949,3.30659583269904
3.34375,-3.6964550267834557,-0.48893412327565033,-0.8417776863634555,0.6456342829550537
3.34765625,-1.3736592694798497,-3.590296966836892,1.9976472022676672,-0.5827184671545544
3.3515625,-3.023289044257574,-3.962481991782899,3.416183547190475,-5.063398506646196
3.35546875,-1.7497045030229177,-3.9883051887428866,4.18602205591985,-4.41300047819224
3.359375,0.6465406142505801,-6.212998344039926,5.38978958172531,-5.27490925614624
3.36328125,0.7768819834597059,-3.0089671804892335,2.9433996198202976,-2.8298501739990027
3.3671875,0.48841049223332833,-1.1492277821451329,4.211517274518535,-4.025636071907464
3.37109375,1.1434005018408624,-1.1536045341145278,1.6208853184008314,-3.776228080418174
3.375,0.82600762555309,1.502029155325427,1.402471557026837,-1.9593505432503524
3.37890625,1.6201081985817105,3.7181912051882997,-1.3378955700944337,-1.230109633493075
3.3828125,1.2880193665311566,3.3347634774402257,-3.3168643547733465,-0.3717582518532098
3.38671875,0.31593871886047875,6.781430668190094,-4.332599889072431,-0.1845743298918261
3.390625,2.7220991355371527,8.298854891160603,-3.246155620612656,0.055086898143039464
3.39453125,2.407163646658899,5.633633977208397,-3.729577874595722,-1.1298181203275395
3.3984375,2.7527730038601956,5.883111893945764,-4.37955443726259,0.5620102950850048
3.40234375,3.3827688636982223,4.8231927741273655,-3.8077606257897036,2.1544106576082935
3.40625,3.1307927948497936,3.9341955126964203,-2.653235633150873,0.6827201315690573
3.41015625,2.2571946401140206,3.3184514650418158,-6.236759209881768,1.395498707559458
3.4140625,3.027707340109051,3.004770103988486,-5.9481812585632845,2.4520889925192844
3.41796875,2.7962417075934902,2.7578466883246056,-5.190633198106826,0.8229357544409053
3.421875,0.2801436770001445,2.013589543831185,-7.718538474268794,0.850142784738638
3.42578125,-1.7304110517975895,1.7282534834022203,-6.8095806587270875,1.6895172936936536
3.4296875,-3.169504935418604,1.0248673958957544,-5.011231023262757,1.5811862978913322
3.43359375,-6.297671331674219,-1.1370543479157693,-3.9708212635221667,-1.3393141366018841
3.4375,-7.134487668471213,-0.9345229680173778,-2.652863526635797,-0.5016756254363264
3.44140625,-8.539032639642183,-3.9408022778698073,0.210530323535552,-2.6357483270309436
3.4453125,-8.806923886985107,-6.529032122109717,3.305550968334564,-5.700947708725987
3.44921875,-7.315884981832218,-7.533007812276786,3.8568581812758054,-5.572878126317441
3.453125,-7.001745725997586,-8.983241727120232,7.08982589070098,-5.916530381333876
3.45703125,-4.12364415075959,-8.384444156539718,8.151747150458966,-5.930471965838584
3.4609375,-3.9852785011653475,-9.129253660671274,8.427747195700748,-4.457739906947481
3.46484375,-1.490409830978673,-10.247535253116677,10.032117020378855,-2.9285217215624906
3.46875,0.7981755002502018,-6.7953477942413585,9.831601267736163,-2.7056428777224584
3.47265625,1.0794834615840734,-7.999908783400672,7.395056689115615,-1.691792407293626
3.4765625,2.3758346242227466,-5.255085901094628,4.806074390401909,1.4412326844666694
3.48046875,2.9110885413697916,-0.480119802634265,3.2007103947131066,2.333868230935015
3.484375,2.5236683227094243,0.6638864344771984,2.5407719828480344,2.387656872700111
3.48828125,2.765314754773906,3.632874227125681,3.721699596613723,3.2594494253672566
3.4921875,4.489100480691182,4.278521732992417,3.090524146212592,3.927123069609337
3.49609375,5.736749433657235,3.3180217470844817,0.18795530193856957,1.9489840947588402
3.5,7.337122299858692,1.5431986907584099,2.0116982046323653,3.9247480850090968
3.50390625,6.296581147392473,3.8535323838275666,0.333856603196904,6.611148080689016
3.5078125,9.35684403845488,5.212942666755327,-3.27497606043341,5.2454507524641105
3.51171875,7.586072603757238,3.9155892332834905,-2.3757348885645477,5.967834579268029
3.515625,10.507276167973265,3.7091637073677965,-4.794950692762636,7.897615169104698
3.51953125,6.231483984844104,5.434825365153275,-4.489294404031218,5.526538515722786
3.5234375,4.572463932568655,3.7446594543785943,-8.9175140291906,8.001850813284815
3.52734375,1.684595960040857,6.159448232017088,-6.826268762130469,7.854726004679219
3.53125,0.3340936217822541,4.391740033635637,-6.5426426130515,4.456263084861673
3.53515625,-4.266741859545925,4.829230920215803,-6.767356742358731,2.9433483493108374
3.5390625,-3.7476715444387274,3.016415126197744,-4.213932425313098,-0.3070344519688185
3.54296875,-5.231891198964552,4.964190648277582,-4.623269073930093,-2.9766361858143755
3.546875,-4.084926556336207,-1.4388077401251076,-2.912049201935969,-5.175171877605102
3.55078125,-6.5213934486813,-2.68537386243243,0.2507533634610053,-6.237204242426342
3.5546875,-4.419839649287361,-4.1579687395480995,3.2337438462910617,-8.834324183379165
3.55859375,-2.1626024009798672,-2.7503562101623107,4.016664751047756,-7.7723722604426015
3.5625,-2.1299220007830835,-4.852637651733419,3.019646940743793,-6.1653187862511265
3.56640625,-4.386388318375441,-3.670886167649265,4.153596277385269,-5.855878621696621
3.5703125,-2.7566206412589342,-1.966120397415436,1.935668187462138,-5.095352768806356
3.57421875,-1.8526690074350174,-0.13484110027297636,1.1869558108302016,-4.892835362179644
3.578125,-1.9677971128574296,1.8563241953738148,1.0680265550338222,-2.5400794257033477
3.58203125,-1.5607131810523096,0.7917300597127467,0.030308703105595386,-2.6730324955965012
3.5859375,-4.027242201877694,3.341138137750466,1.4805371018062468,-2.329092744686274
3.58984375,-0.114358690693243,2.523580414826603,-0.6983387784497446,-0.3886255567565895
3.59375,-0.7543006277165318,2.3079398526644206,-1.2117394925995957,-1.0797009623452185
3.59765625,-0.7834140294328078,3.68721724269341,-1.839442870959246,-1.0059436100907635
3.6015625,0.3302094843716461,4.120486003153973,-0.8042684880018334,-0.9168021349799039
3.60546875,2.077039151998441,0.885385097780305,-0.7651840749784693,0.38404877600019427
3.609375,2.9428672941171126,1.139307546582132,-0.6942314782144405,2.769435748202411
3.61328125,2.6708380055878953,1.7234157565785966,-2.2924495796375695,3.5753272386761688
3.6171875,2.9871528294692884,1.3085007591717372,-0.9259115342737076,6.372112560695776
3.62109375,1.2844300925925,0.48686226506151237,-2.9484354750813253,5.408564607275232
3.625,0.2164125175815591,0.5312639220232718,-2.439878729977473,5.99257049269549
3.62890625,-0.43247303058161246,-1.427598197741803,-1.4898843230384724,4.929735923090094
3.6328125,-2.7414650432278447,-0.2674549154061151,-2.409520750761149,4.858495984072164
3.63671875,-2.010469012847037,-1.5888535720488925,-0.04319234982655412,2.150972678754435
3.640625,-6.056836240685962,-2.665850192343812,0.23297717866335232,1.6737977518015525
3.64453125,-5.3365466316651915,-3.584833289285508,1.3888965534504383,-1.996911685194088
3.6484375,-4.562438306687084,-4.08669532199748,4.65460722870688,-4.259256460068385
3.65234375,-2.7789530776160425,-9.21700908814851,6.310057507060963,-3.389737197789533
3.65625,-2.2767488873831576,-8.226468398807274,8.669162328444234,-4.036210713671876
3.66015625,0.05638919580574414,-7.62074905368232,7.831989021140488,-2.213208723750803
3.6640625,1.5004431565128968,-6.882264264190599,8.499847696563338,-0.7711968749335061
3.66796875,1.820278737574955,-5.6656141939773255,5.642744314045996,-0.8750364879947086
3.671875,3.914834450227894,-1.8551369239844728,3.843968781646068,-0.6019780838483517
3.67578125,4.143349059614791,-0.26365285390948984,2.1984439508644424,-0.7064556848993386
3.6796875,4.357585049069328,2.6114924255680947,1.3651568859670764,2.6295356992203582
3.68359375,4.340758759829528,3.3449025107154426,-0.511497180060287,3.0173770539081084
3.6875,5.2063547352080874,5.161187387436729,-1.6398426733162954,3.5403579927796427
3.69140625,6.083489680242595,6.247365052331163,-1.6657149495337804,1.8285087111764147
3.6953125,4.9095085876734705,6.804401953120997,-2.4634794691680395,2.1525503149196945
3.69921875,5.210598183646234,5.642298979059066,-2.3078201835083503,1.3828913993296135
3.703125,7.284928980435416,5.998016467590559,-4.803954676599242,1.882630303683249
3.70703125,6.607774525603797,6.3537593392636555,-3.152924903692588,2.2407419262001125
3.7109375,8.645878590943122,4.785660376778657,-6.226696944310104,2.4731787731866692
3.71484375,6.144172835135119,4.736305242661378,-6.927641010218469,3.892909971345979
3.71875,5.935518406850727,6.2601255141924295,-8.738853683593476,4.261146205015924
3.72265625,0.3878772313832628,6.078154461936996,-9.35704255280227,3.664340380892303
3.7265625,-0.39666128643485293,4.884230085886892,-7.072563762935768,2.2608818176723533
3.73046875,-4.777526799485411,5.945300666470331,-7.765680082769138,2.548896814748556
3.734375,-5.415987530020887,2.721098928699046,-6.086856562530354,0.03933590446714719
3.73828125,-4.643966250659901,2.6822563829867208,-4.063067491217722,-3.4663945915905825
3.7421875,-8.986005669669286,0.07206095861615847,-2.8514609202230843,-3.700562635806196
3.74609375,-9.215355655784773,-3.9100558701597787,-0.6279563309490108,-7.166069757191617
3.75,-7.073678426272123,-3.1968427587288715,2.9043857792455707,-9.00315157542363
3.75390625,-8.926066140233202,-6.056064719753949,4.045808732277509,-9.838838924597708
3.7578125,-7.676469861309172,-8.225937943943746,5.122581374145585,-8.566549670710787
3.76171875,-4.730361657723831,-8.584064937894324,6.644104683388661,-11.092589009931693
3.765625,-3.1577626999234214,-7.117483230501648,7.825254861010004,-6.348596031941233
3.76953125,-3.320440118719788,-6.776695743788795,7.2532783946221775,-6.049885161924562
3.7734375,-4.341883823587548,-5.463417734363512,5.437160980584022,-2.073479128318279
3.77734375,-1.8695784818368812,-2.974491515833393,3.121298857389374,-2.907471435165071
3.78125,-1.3179985535815857,-1.4637838425250935,2.6867831905542285,-2.2426288550323195
3.78515625,-1.7300573064338687,-0.6327920783171515,3.4456077466884114,-0.6739928221723223
3.7890625,0.6364853534525141,0.20420775183355044,1.9152028458632375,1.780665494475729
3.79296875,0.9104146102762467,1.3914886461363232,3.041237770154134,1.851832194900719
3.796875,3.322477756363825,0.3548698082309225,2.2602814400552163,2.938122581558138
3.80078125,4.276088498434796,0.5587647123432231,1.6422722600072817,2.011107572234998
3.8046875,4.8132561189684635,0.6698276442127323,3.9582970308236094,5.146309308019812
3.80859375,6.4112655174799995,-0.18067765423641002,0.20852516984264902,5.684860460471766
3.8125,5.134142490559842,-0.041044648936955475,-1.356192256235515,8.805623190925226
3.81640625,4.783326068953806,1.0772119139209175,-3.029283430345381,7.931515768277755
3.8203125,5.827892015095199,0.8655772217826664,-2.4128019703423886,8.85944162361292
3.82421875,2.801521328358352,2.540948578687616,-1.8652433178107581,8.13053978355701
3.828125,2.444809409664124,2.186132514890306,-4.275029143836498,7.339572454572759
3.83203125,0.2512934131250725,0.8186493117375138,-4.635852940403712,4.318541192646437
3.8359375,-0.3736805470777218,1.9287340746501997,-2.2997347316511836,3.9705738279398806
3.83984375,-4.751184201495727,0.9082566177036911,-0.7017306694840028,1.7368048499180708
3.84375,-2.0258187831201564,-0.4275226886645226,0.30380680650552183,0.022612758545450307
3.84765625,-3.206977767109779,-2.825513059498907,1.2569937687449928,-3.134870224122345
3.8515625,-2.8340243999852115,-3.748830378405244,3.1971207796012973,-3.197386751168222
3.85546875,-1.2037923437028897,-6.475730119617651,4.1967056687198525,-5.811890318796445
3.859375,0.7344518788012155,-4.219455412450421,4.327990182621901,-4.375006438918545
3.86328125,0.5460404394267941,-5.2950324636686545,2.917910671951143,-4.228926908811647
3.8671875,0.4699704594358015,-3.5377060842970542,2.86217419772771,-4.658621987284022
3.87109375,0.9113679339680684,-1.4621597129311321,1.3371533513177671,-2.7721666031383845
3.875,0.9838101289401371,1.9339940994109952,2.023904175630225,-1.9618136631377143
3.87890625,1.7560353493271337,2.7182433277195392,-0.37333498327298864,-0.6273942832089177
3.8828125,0.9114110179343448,5.194726232097724,-0.4917552963890024,0.3345913193395844
3.88671875,0.8044019711531524,5.589926131640893,-4.277165426451472,0.4211863649936245
3.890625,0.13385922704637876,7.37684751362375,-4.149211400460858,-1.054634704800422
3.89453125,2.3868336727737227,7.816260813303746,-2.856341005729368,0.7514768959459188
3.8984375,3.7594156870351263,8.624906811768078,-3.8745327150656284,-0.4143442627965975
3.90234375,4.385167672244473,4.496447188718161,-5.464088252880294,-0.9571002310458816
3.90625,3.7229802526107973,5.059205251897518,-3.4798690473145033,-0.3226853354290544
3.91015625,2.0581640895365774,4.33541645973807,-4.0477513965022895,0.8106929753696953
3.9140625,1.6533189579673904,3.0505321123176063,-4.1479904189801955,1.4449355609252317
3.91796875,0.4906172590456772,0.8788865285861671,-4.979264134731604,4.767559307778356
3.921875,-1.8685322292152085,3.2337921788104356,-4.6143394548386185,2.3224612315289637
3.92578125,-2.5110345639124283,1.3955001728118734,-4.286282958045758,3.0067782201111917
3.9296875,-3.9964994156355775,0.6343130015553139,-6.365625680471405,0.811435289980168
3.93359375,-5.78473251169488,1.4176844022928148,-4.532953184834376,-0.1436105477444488
3.9375,-9.66332913104644,-3.4976871633855215,-1.0228217110224076,-1.9339275489694217
3.94140625,-9.585528145109922,-2.656128891054082,1.6956075685207719,-4.263692834185638
3.9453125,-9.25164197776686,-6.359663611913147,4.23237102569238,-4.675662625833407
3.94921875,-7.321248428047483,-6.817194442157277,5.684953113385781,-4.406295157802623
3.953125,-6.735108146693348,-8.308790354652873,7.606307660893832,-6.007516691496895
3.95703125,-5.157304767175916,-10.382875004472199,8.47683022159317,-5.249533243381131
3.9609375,-2.037426967935185,-9.682590219849898,8.787819568061064,-5.320042679883462
3.96484375,-1.2390920582522005,-7.960881585601243,8.577765380505175,-3.177435161500819
3.96875,-2.2002453802835906,-6.144715770861842,8.144518564862867,-0.6488189849889077
3.97265625,0.25416765630059857,-5.084044060163982,7.895886447799957,-0.968314615620378
3.9765625,2.82631886398422,-2.7814760222037718,6.347534216299295,1.9596611177491676
3.98046875,2.8067730038033445,-1.9120654595488618,4.313739719999505,2.9927474470992825
3.984375,2.5413803273432385,1.2021712526183097,4.226726119457096,1.8070572036134438
3.98828125,2.470867781710395,0.9499424571046688,2.3211190274799054,2.898478829445599
3.9921875,5.017731260649105,3.0155199402052233,0.7845283158901157,3.850398239805185
3.99609375,6.7525048321234395,4.163000790922059,0.5266294169237627,3.55846734201507
4.0,8.03306098192145,5.414418413860683,0.2943532757725039,4.386323318290789
4.00390625,7.651483747642228,2.6973849943562223,-1.6021647608362142,4.459384635438882
4.0078125,9.061602332807254,2.929713065944548,-0.27744874264384123,6.105421924526858
4.01171875,8.089825856314347,3.6581725819472877,-5.175951116462882,6.395288546279598
4.015625,8.19554596319078,4.489631589456181,-4.345945846127103,8.84926394121914
4.01953125,6.809015647260002,4.802229339703304,-7.5952454156772,7.801609174648091
4.0234375,5.3158220439819335,2.4600916192598894,-7.454836899691836,8.011033631101494
4.02734375,2.344112227189719,5.439123975224938,-5.661844832511197,4.301373134374128
4.03125,-2.512436673862557,6.456229968618843,-8.817081216937279,5.216759586114661
4.03515625,-0.6842174041591418,4.882851543692285,-6.435764698988313,1.1278118867102802
4.0390625,-4.006224981529777,3.2892360443096322,-6.24985926861823,0.5868558516406861
4.04296875,-7.102387528852889,0.10038532737209871,-4.272275813928863,-4.36895001106811
4.046875,-6.446531458314275,-0.7218408677871984,-1.8482275285837877,-6.410841111664629
4.05078125,-6.897183879343125,-3.1347896346041386,1.4340606834569107,-6.821123023832927
4.0546875,-4.594859391551334,-2.559981611795789,2.515037317682196,-7.587167316604042
4.05859375,-5.1775049266958195,-3.962363892919424,3.6172713772593497,-7.704109912508413
4.0625,-2.839040760233054,-3.580567269866167,3.6862145636613213,-6.604286943712371
4.06640625,-2.1988455552502466,-4.960030781614655,2.6647725344171764,-7.938134046445127
4.0703125,0.04089050686684903,-3.1468014994358575,2.7627305018953145,-5.876883976575141
4.07421875,-1.5971950572089986,-1.4007560936148498,0.680729532697294,-4.87007221802162
4.078125,-1.5829471333065492,0.6761732259271183,0.2279186298229633,-5.264706884680506
4.08203125,-2.2480603127483194,-0.2531736968938998,-0.4119557276853382,-5.067473169306923
4.0859375,-2.3927003428090567,2.6805909987856533,-0.9841831899957303,-3.103802474613026
4.08984375,-1.4394550232378365,2.156021465410015,-1.4027210270224244,-0.908636168373564
4.09375,0.5611755250227688,2.3088302730532915,-2.5152906636590004,-2.3582420169553515
4.09765625,-0.7360598267237759,3.594565527931466,0.3038553403882345,-1.7396287080029178
4.1015625,2.1965320690069587,1.080534345291646,-0.6820355616714282,0.2881929636164232
4.10546875,3.288747566896833,2.371830896877299,-0.25802279748972884,2.1187596700914537
4.109375,2.4367780590968655,0.1625639443800117,-1.3819599504260078,1.8119807666647225
4.11328125,2.1265602941433293,-0.7481587087996606,-2.1124527931343335,3.7628521225750626
4.1171875,1.5810543128328376,-1.1977284702631847,-2.926776792526384,4.799343079915695
4.12109375,3.3561698247228824,-1.2585782721000889,-2.4472458105041692,5.2124119337264565
4.125,0.596782079563021,0.27076239782339095,-3.9059558827088385,4.766869076086858
4.12890625,-1.2040302783690937,-0.68174222207461,-1.673823897448459,4.59560101228853
4.1328125,-2.5271433138225965,0.03151146917854064,-0.880695511780833,3.921992926621192
4.13671875,-4.901569448790121,-2.743686775789345,-1.5905723155144302,1.8869520673326656
4.140625,-4.730661498211382,-1.936963198571422,2.3928050155237512,0.04996793998151111
4.14453125,-5.506694570054907,-4.447116540279644,3.9136995386312545,-2.949278521736056
4.1484375,-3.921848784977007,-4.036177181818649,3.8179599486779114,-2.582990476206483
4.15234375,-4.3822668027964475,-6.507403742087096,6.51816944837055,-3.3245067376031265
4.15625,-2.295036968464093,-8.126937576824753,9.238763749123514,-3.026184160111321
4.16015625,-0.7298852957823705,-7.711297322371589,8.581222973020122,-3.561228880703564
4.1640625,0.6634782035196849,-7.544070915394023,6.7308440906453715,-1.0246334214400066
4.16796875,2.4315081540818633,-1.9206718620902032,5.966096312597568,0.3930926829138064
4.171875,3.816553121375678,-3.6747644335760006,6.444452404663892,-0.2585782890291597
4.17578125,4.088173648007464,0.7643717086630253,3.6958641418776783,0.6397555134068394
4.1796875,2.5928014027482176,0.6781651206892481,0.4789864745223005,1.6479958162329114
4.18359375,3.8309549918308865,2.942101208330637,-0.4382659555843452,2.465715501921347
4.1875,3.241366878969692,4.082689390794744,-1.3906174374259204,1.8843313449201404
4.19140625,5.753698354592089,5.568029117831105,-1.8047299454108736,1.962278118827749
4.1953125,5.199030888654077,8.182452619303994,-3.3917536817543876,2.5605003981859595
4.19921875,6.266143616327733,6.269247018528251,-3.738738602363223,1.967704713284872
4.203125,4.884852615825519,6.6488648853031425,-5.270928576860463,4.850241310206947
4.20703125,8.452007197226447,8.142903754324902,-4.1684486085361545,3.1830787959238376
4.2109375,5.859612928113149,7.46129125695891,-6.249380706030729,4.324338712355109
4.21484375,4.655809793827074,4.904958871487707,-5.293901993057284,4.074900025304139
4.21875,3.5480202181795297,5.50861202994534,-9.679292133287632,3.9182167887748762
4.22265625,3.6652618186128336,6.428121382016549,-6.877268023839107,3.8566631123189996
4.2265625,0.07343477841027446,4.085287754054422,-7.528822457167859,4.3462854540488784
4.23046875,-2.9488982049352996,5.256478198650501,-8.632823986087491,2.3680217865049977
4.234375,-6.2337502688778645,2.8732053305945877,-5.52690727746709,-0.8038066712912463
4.23828125,-6.164609470211602,-1.2810608388740206,-4.395221296566683,-2.382931425770191
4.2421875,-8.922040300248842,-0.6488573161116031,-4.190348531085114,-4.266286047923439
4.24609375,-6.957161287892333,-3.0233946777881266,0.5902658424803088,-7.236409757608192
4.25,-8.9107969029015,-5.5661323649965935,2.884763497249819,-8.176719704461995
4.25390625,-8.050900102062124,-7.682865431519969,4.052198978863369,-11.306471552976348
4.2578125,-7.241220901575992,-7.127918984383774,6.339316685038922,-10.460386578264652
4.26171875,-5.746265453771336,-8.895556305688356,6.363062741959306,-8.651989541694647
4.265625,-4.378535943228716,-9.184945427772366,5.795568083992874,-5.843399066977826
4.26953125,-4.629865002357197,-7.631640435123005,7.916072836834379,-3.766951428849773
4.2734375,-2.390840943705368,-6.3222223451196555,5.5873597966416035,-4.199054456293001
4.27734375,-2.593984927349708,-2.912036542563416,4.215502887267745,-2.383709635735074
4.28125,-2.007998290646354,-0.4730888301142193,5.35483174992571,-1.801887144722571
4.28515625,-0.4160397962322836,0.3611634228988174,0.8437957733129235,-0.43030022482301655
4.2890625,1.4548997642441712,1.7625283059681858,3.4495298871896263,1.53644143551626
4.29296875,2.7163338369047336,1.646406694480329,2.9170050688103286,3.379075012845713
4.296875,3.683346097012377,1.2215051902660168,1.3357580485575458,3.6961873719238816
4.30078125,3.8780873086639103,-1.3626193767690817,0.6800556207225099,1.4805853597582017
4.3046875,7.08467988034138,1.7614476076368835,1.3562970543709434,3.6908864550322753
4.30859375,6.8668328788963695,1.5659859323226164,1.8822656826594155,5.140983502727263
4.3125,7.558277479592837,0.04004064189163192,-0.5199326535667664,6.385503464844046
4.31640625,5.881954914041561,2.211116429362766,0.1691227802665909,6.270807746101141
4.3203125,6.145488618223109,0.9645090097070647,-1.3539709999247937,7.687258960082605
4.32421875,3.666960961586084,1.2939698115421803,-4.732810873234667,9.219767473407416
4.328125,1.2637287011907876,2.791201400756178,-2.426622054320851,8.645439913640041
4.33203125,-0.11283745845011095,2.062164373593354,-2.276674196617602,6.9890067095453245
4.3359375,-0.9203630970209808,2.662965422039497,-3.088050408852538,5.11545685375531
4.33984375,-0.3673202967065703,1.4712459916966785,-1.9719820555520362,1.3119446729282578
4.34375,-3.3926171598686765,-1.0680715063770432,-0.586099323740032,-1.6711608270786786
4.34765625,-2.457322924465474,-1.481199500001388,2.386816268080202,-2.925101978450838
4.3515625,-1.8307930297812747,-1.5414859423519878,4.552909824566587,-4.0114357702689984
4.35546875,-2.1031580894520663,-4.678250124062107,5.446017381256107,-6.2156264458609165
4.359375,-2.7255741930079997,-5.373154990445058,3.7986096274032657,-3.2073874017686252
4.36328125,-0.993114783338106,-3.7421250858494526,3.4272442314592664,-3.470481279040103
4.3671875,2.221492717918691,-2.8840862767245508,4.462093227891186,-2.5978777244646056
4.37109375,1.159931370961115,-1.5065992778491748,2.905654860287215,-2.7019011958743264
4.375,1.673783505375488,-0.9163190959743359,0.9577643256158426,-1.2571312627190736
4.37890625,1.6563760427546015,2.792944586578293,-2.043231355815311,-0.6729389640618062
4.3828125,0.7411553675593443,5.209807738933581,-2.0607267779643843,-2.4793369377985472
4.38671875,0.4689220587781524,6.945157531001646,-1.2293205758856762,-2.242841948600092
4.390625,0.29057976910963623,7.456313104673477,-3.7115885512319986,-1.941112779351689
4.39453125,1.171271647057392,4.629178021537309,-5.731341777759459,-0.6974887342697879
4.3984375,2.825433143681221,4.719714474534248,-3.769866441024483,-1.7657908402409062
4.40234375,1.8215874816593485,5.109861113724488,-3.05772994863505,-1.2037032710215205
4.40625,3.3778439114068846,2.793162092773305,-4.526264880635153,0.6239955695279693
4.41015625,2.9483489297401952,3.3372091971930695,-2.6318259512369107,0.40901036384390765
4.4140625,2.6140195808795395,2.595798517243245,-4.925917316109407,2.5767746483701135
4.41796875,3.12883150678125,3.065855977412026,-5.593131413093223,2.435006368672052
4.421875,-0.8486262838419887,3.5299321506463963,-5.021106398139627,4.182623810842489
4.42578125,-3.278934186251317,1.5426013195574424,-5.381340649014378,3.5060734529878532
4.4296875,-3.1134935522992566,0.6348715949689169,-5.098470747219193,1.1823955657711136
4.43359375,-4.988043951493779,0.35969142629636924,-2.339197403313498,0.3732250137235423
4.4375,-6.026463400111611,-0.09164594166243889,-2.151313827317059,-1.89928145365221
4.44140625,-8.479803618147479,-3.661189124731538,1.6720214999050291,-3.493204680679121
4.4453125,-7.126933585155292,-5.964776142216487,2.5329579531132556,-4.537617104132107
4.44921875,-7.873042628695231,-6.435404658792435,5.248182074450237,-7.01843626234649
4.453125,-7.96432959365869,-8.072287509378356,6.669622510192459,-6.357606453990314
4.45703125,-3.6890042780523604,-9.33680157050273,7.651222030826678,-5.686618847207191
4.4609375,-4.170906257823183,-8.948140040208969,9.00467536356334,-5.716835168382903
4.46484375,-1.1733290455174088,-10.055311641361566,8.291631444782265,-3.557640701444245
4.46875,-0.05703692708658298,-7.637453941250935,7.859594823442495,-1.4497824122524263
4.47265625,0.5863966579780393,-4.105702864312374,4.833854757064547,-0.04143682601133014
4.4765625,1.7621072257178227,-2.5087979905871713,6.761293998110913,1.8393883308935013
4.48046875,2.6645566012567556,-1.4299249556245281,3.723732002967308,3.445825239904304
4.484375,3.675573148547073,0.1953330530524668,4.0572144023157435,2.2656058491774145
4.48828125,3.071199620034332,0.6727722289032663,3.7096157916707515,3.2157436285418957
4.4921875,4.3596492214821705,3.167034248674821,2.894554385470315,2.990800309738969
4.49609375,4.543321585240119,3.68730835430991,2.117836303596988,4.312011725984762
4.5,8.180773502426462,3.8430926246690604,-0.5753595515993478,4.517441752408406
4.50390625,8.691704069043068,5.385754661088041,-1.2602786272653717,6.161671755219725
4.5078125,8.06479512009742,1.9338365476023076,-1.7920769560135785,6.936255436275242
4.51171875,8.546702978104268,2.6073032183719573,-2.0354726546038457,6.227218692360063
4.515625,7.806764033842426,5.893067551957354,-4.363055347580112,8.220389786832953
4.51953125,6.278258994559712,5.999314309490289,-7.350682553554217,7.085434194193926
4.5234375,6.0214798377811425,6.91732090086809,-6.312332748567747,6.832007874750125
4.52734375,1.057769002093327,5.587372760326479,-7.4093247552934764,6.734258534084495
4.53125,0.9353681675009402,6.446473570148112,-6.915311653004465,3.4438235979509786
4.53515625,-3.406396291047399,4.798962887899724,-7.0664536323910925,2.560118642864516
4.5390625,-4.702902971333694,3.1188577023392514,-5.796367442559361,0.449732436167272
4.54296875,-6.477068743324021,1.628493522820333,-1.4727027355071391,-3.226315577051398
4.546875,-6.055794073955852,-0.41842262963044907,-2.2688215768778823,-4.776408221270332
4.55078125,-6.414228662471233,-2.0620406988455366,0.12815769456798753,-7.8295222664501996
4.5546875,-4.43594282025258,-2.8782230115191716,2.0969837676512078,-7.162743125256488
4.55859375,-3.8735074640599927,-6.476196114210843,2.8740796891824725,-8.96676536303777
4.5625,-2.976351558302224,-2.9215115250366352,2.689743563301579,-9.473172839268381
4.56640625,-3.313717651167668,-2.743611936625787,3.940033351713265,-6.336660256568804
4.5703125,-2.8728498882591165,-2.58898375933751,0.91744567592391,-6.021413026123271
4.57421875,-0.8722554612613993,-0.3312083809966022,2.3343201374691525,-6.03042742682774
4.578125,-3.2478248054357794,0.23214075192492334,-1.1196495401388258,-1.186477338625378
4.58203125,-3.1373996844617844,2.866100817074497,0.09017415974842674,-3.632093830483025
4.5859375,-0.786112442424819,1.923440882632856,-0.48535899524087767,-2.58095733768811
4.58984375,-1.887528874372209,3.3959444469466256,-1.229949371513129,-2.7675892340258326
4.59375,1.0200421152213055,1.7305289688438035,-1.5656006929319355,-2.505152323982446
4.59765625,0.603236715673603,3.931145541906551,-0.17649246901205096,-1.1969419378424995
4.6015625,2.58402684598843,1.2294610268410473,-1.7836368525160475,0.3340794703598344
4.60546875,3.552015904251355,1.3242098713264472,-0.4200972779176265,1.8557562718952008
4.609375,3.9412906753895056,2.0542236654366652,-0.7519978291348306,2.292883547526269
4.61328125,3.544739000820953,-0.20302332761401243,-1.6470298525470675,5.145974172932607
4.6171875,3.674468193076749,-0.23451992642506686,-1.0738681952366533,3.4602675079921466
4.62109375,2.982404921596107,0.21223094500672887,-2.6176675507314027,4.882238939873252
4.625,1.6968345759820247,0.5094993444227052,-3.282427722292323,4.2813476782374735
4.62890625,-2.761417368977098,-0.49216447715079953,-4.241894204367496,2.8079817148085944
4.6328125,-3.1806190526533875,-0.34881345791014085,-4.312556591226599,3.6908456426708316
4.63671875,-3.8314817292558807,-3.152135163264851,-0.8498064321457879,1.241803282155084
4.640625,-5.685486560553349,-4.106986327263497,1.2532800771955315,1.0398481147468637
4.64453125,-4.862349393422059,-3.8842677805966503,3.020000320870595,-3.300869190902338
4.6484375,-6.984841225708566,-7.121710052475234,4.425360132852771,-1.33883566143039
4.65234375,-2.573432479256544,-7.048905448117536,6.312715434666034,-4.91305380043688
4.65625,-1.1412043227878068,-7.8116753895700315,6.890768078800162,-2.2324514848812043
4.66015625,-0.16959302258170117,-8.14349071027979,8.612061158286437,-5.068325789393416
4.6640625,2.064337970438851,-5.908030562533029,8.439501078205762,-1.7541306907812002
4.66796875,2.8892568438140156,-2.872036937894783,7.268250015869208,-1.3007064268830557
4.671875,2.6842826855937507,-2.8426095042153703,4.077837409628971,-0.529159914099379
4.67578125,3.2156057444323065,0.18141227113661207,3.9373956416495144,0.9925539434118704
4.6796875,3.082181126018832,0.6714079808282796,3.3373570531656416,3.6738598228076738
4.68359375,2.3485542521122875,2.426524758634282,0.14570550604613614,1.4800543328847928
4.6875,3.6015032171386157,6.194801696330277,-0.9236458745816354,3.2885766230930873
4.69140625,4.429174700009332,7.149385465763176,-2.497286785505983,3.0635483555029106
4.6953125,5.676048267427566,6.636199611593575,-3.5275196761131964,3.1190306732786532
4.69921875,6.987770125885197,5.18396675373627,-3.6746741170928003,2.593039779755884
4.703125,6.599728175849226,6.565144286947327,-3.1530482625702616,2.2321220960340105
4.70703125,6.947035118095575,7.07148302992163,-4.727276249983598,4.765451807272605
4.7109375,7.512175383032307,5.350952760590511,-5.962725350012649,3.4274148383845118
4.71484375,5.813398495059332,6.623957819139787,-7.866848841464325,5.1803494503021055
4.71875,4.426166556434591,6.499184751813013,-8.805475753015555,4.967605572401112
4.72265625,0.8620857589260016,7.193718741965774,-8.866021906699327,4.240409183291214
4.7265625,0.8828466414218883,4.8311839551767815,-10.005890008290457,2.3250301019431467
4.73046875,-2.8384646037117114,4.569616063105432,-7.481089076311482,0.7186199204917658
4.734375,-5.555298751898102,2.8306289678205925,-8.862096287551275,-1.5442211323545656
4.73828125,-6.80006267686595,0.1719154663571365,-4.694495147927768,-1.207044571471488
4.7421875,-8.726300880804574,0.35872198286166324,-3.499408689809563,-4.726492208902993
4.74609375,-7.4418164099193636,-2.706987462289047,0.1614507137074982,-6.581130073931073
4.75,-9.69860223485023,-5.611036353531324,1.5888125126388681,-8.194917557654511
4.75390625,-6.536066198536938,-6.2861616199357755,3.7574567475054823,-10.376649952426352
4.7578125,-6.465526234629404,-6.429469471968801,6.375734797451427,-8.56375559899912
4.76171875,-7.035717347113265,-8.015543564844942,4.519087987659515,-9.230620106993284
4.765625,-5.212263180698839,-7.245415929576464,4.547131914471682,-8.498028337344781
4.76953125,-2.471301117457462,-5.53903141431964,6.135364512530802,-4.143156333636172
4.7734375,-1.1013955500751704,-6.169213983891291,4.893790790279499,-4.180297396293584
4.77734375,-2.152732607541683,-2.8743680453341405,4.452470602441564,-1.6754598464676849
4.78125,-1.6458741162946011,-1.829585047241033,3.061885074595397,-0.5192342206944295
4.78515625,-0.25220230602918126,-0.3776655120126083,2.483632411055042,1.0454920215221328
4.7890625,0.9236155661433244,2.1056807355296216,2.0436611377908545,2.969788203464641
4.79296875,1.3615577086512494,1.6658040162281207,1.6087861434949717,1.300795880294166
4.796875,1.793002404957271,3.3675556003869316,2.598719310900895,1.6735352344416936
4.80078125,4.924425807910142,1.0025327770270833,3.019503746732041,3.346255158677348
4.8046875,5.428310543938055,1.319672014225242,1.311402302450904,3.032401683557132
4.80859375,8.60915069686952,2.5656883638322343,1.4665067077095846,6.285322833324135
4.8125,6.805871316630597,-1.2424213582077483,0.8822807934181192,6.349760831960231
4.81640625,7.074688491770213,-0.06688010699543545,-2.7669693779165425,7.738552043629001
4.8203125,5.429989265657734,2.8098223341784054,-3.578161045214999,8.883997508109886
4.82421875,5.282238278568542,2.133658645314884,-3.928156159614851,7.328124912668018
4.828125,3.031434272320072,2.6513970988051367,-4.723233822482586,7.790266880501676
4.83203125,0.8126751747366981,1.0654924154257612,-3.1927208348417953,7.550478418655681
4.8359375,-0.258866375474309,0.856750917270138,-4.1939651526444495,4.004202556885305
4.83984375,-2.316732800074935,-0.061050279391312634,-1.1750363129157155,1.78398035292488
4.84375,-3.4009883814685047,-2.194906566491072,0.5644114572916477,-0.4553184434396293
4.84765625,-3.286762044766297,-2.4067931919155963,1.0362349059298477,-2.2580486749963447
4.8515625,-0.9147456870070243,-3.0341952796517724,4.6244347750911174,-3.4855187443713493
4.85546875,-0.5438819245750701,-4.185343685396931,4.635158270214982,-4.001482004534373
4.859375,-0.2914819910196378,-5.359153025423586,3.8984285292395056,-5.061092112008062
4.86328125,-1.592983783706829,-3.8026605715755197,4.811678067100475,-3.537981536110951
4.8671875,0.10932331958570107,-4.567168975081732,4.475195264142822,-3.291938724640333
4.87109375,1.0184161086853742,0.3972982545411239,1.7329325386889822,-1.896228549335181
4.875,2.1587694666333603,3.5824189387055503,0.770055527363279,-0.3058212477919968
4.87890625,1.3200446216072388,3.1359811049485473,-0.7792858173474715,0.6963051863675913
4.8828125,2.165377510575463,5.227418382734133,-3.285133694878939,-0.4535923322396063
4.88671875,0.023164925528657676,4.236315188316582,-2.4055566412021485,0.5380740855554507
4.890625,2.1111290262106692,6.911073674331395,-3.19348187653702,-0.33525610249686255
4.89453125,0.4576159157492079,6.447518747923187,-3.7747904170201294,-0.2453911819942335
4.8984375,1.450165092950421,6.803762640153531,-3.460269070651261,-1.6103407815296171
4.90234375,2.434116840282803,5.473037061111268,-3.8708415303901558,-0.5604796816307138
4.90625,2.1974167274919716,4.014081577723036,-2.19546986173771,0.8852386911119019
4.91015625,4.102905000011355,4.968362509708324,-5.183567501961215,1.0374403907854786
4.9140625,2.7369850626997496,2.8619350770992975,-4.346953940773997,1.7794871530096992
4.91796875,1.9003900434856913,4.372538018451314,-1.8657343526464332,3.378739413291304
4.921875,-0.5470225945928193,0.8795231651446946,-5.399606135710501,3.1227741068735924
4.92578125,-2.4346732711390078,2.269460880897403,-6.553206590530368,1.68749119555123
4.9296875,-2.659704701389339,0.9075260368926298,-4.064652234800387,0.9786278787861367
4.93359375,-6.92839417670946,-1.633978577454254,-5.908660229898129,0.6041483329587531
4.9375,-7.074720922034555,0.47269101291433624,-0.7339854501241583,-1.8209536081371458
4.94140625,-8.419297265736088,-1.8571632463228798,0.2650641441721358,-3.308995401100641
4.9453125,-8.141742074896932,-5.489621638576314,3.2630962649969373,-6.340870556742514
4.94921875,-7.693330423825071,-7.990266131551008,4.830382575800738,-7.367936978459108
4.953125,-7.393811654502587,-9.455635620901447,7.472924354932874,-6.693420191338246
4.95703125,-6.174661625782086,-7.522844204192374,7.29115778225604,-5.770843621552906
4.9609375,-3.573610376396669,-9.633011812292413,7.64075279049674,-4.4029474807395115
4.96484375,-0.22490866635303086,-8.401284709295604,9.717255592110272,-2.6121793073633284
4.96875,-0.15318471980490225,-7.790382244490149,6.989912385975991,-0.2824841238725977
4.97265625,-1.0013040642538193,-6.63067304480031,7.0324392680428875,1.3433289680960285
4.9765625,1.4873222849225616,-2.8432517686777805,4.334848472944975,0.6927925519786229
4.98046875,2.590327473785303,-0.7392932160334279,4.725220399295646,3.4581100158085167
4.984375,3.4888090754862526,1.5138830334620943,3.10868359497352,3.9073621575958337
4.98828125,3.0223275150359874,2.4806860837925515,2.5833153681017373,4.476603499367441
4.9921875,3.4315203806382635,1.8793539080074753,1.7093353937247817,4.594634191707201
4.99609375,7.352624277748356,6.27911396014537,1.8903556741759044,5.618477654608872
5.0,6.994121915035852,2.896495816970318,2.152765010796796,6.42447738997325
5.00390625,7.4987409099271956,3.7096233526196714,-2.3387576064209146,6.763211344509844
5.0078125,8.95012862271544,1.0307012200056618,-2.722363882265503,6.65236182612058
5.01171875,7.643005288239586,5.385195610074126,-3.5884237058381427,6.72300836556876
5.015625,7.558971546265869,5.221948086446764,-2.0382041848234382,7.748107918421674
5.01953125,6.095319655037476,3.397416612771867,-5.678079029890914,6.310292558923689
5.0234375,4.503829227021404,3.6776246785389635,-6.461179802545285,7.150810046915591
5.02734375,1.7367827751791136,4.914818330359217,-8.19416813450913,5.548943294311465
5.03125,-1.1908862191252951,4.536065477625664,-7.397110164727313,5.834727171819061
5.03515625,-2.087135652903076,4.373729375396467,-7.121429671093014,1.979233899828068
5.0390625,-5.254050108398159,3.280664537041935,-4.134173280852508,-0.7107542993580214
5.04296875,-4.833334532589495,1.6672716846406588,-2.91001972002988,-3.7477535073913355
5.046875,-5.561293417910472,-2.2445193986741776,-0.33174578563605217,-4.5457878064368975
5.05078125,-5.69531376979026,-3.637757792538829,-0.8590950084982871,-5.944708659061937
5.0546875,-3.499361542259426,-3.309941604149558,1.3331224778915383,-7.762147459081913
5.05859375,-4.348253270530513,-4.328951286983362,4.646136560430183,-9.622575434206981
5.0625,-1.6287839266651905,-3.200508183604781,4.066699777697446,-8.329244935455467
5.06640625,-3.105610169053323,-2.9466499088317484,3.473978568050096,-7.289995826711387
5.0703125,-2.575157697668975,-3.704059774619128,2.8715233278621923,-6.347229661854865
5.07421875,-2.121467905029826,-0.7495799451888798,2.051791745311935,-3.439297598318359
5.078125,-2.887516206580346,-0.2625820318287725,0.43157114273066915,-3.29021493690676
5.08203125,-2.32766663261891,2.1034773051220803,-0.44397735793791904,-3.139333533596145
5.0859375,-0.4973753737116322,2.9990960210474373,-0.9770116598582691,-2.278928719075324
5.08984375,-0.5202500653600202,2.4806035460940645,0.6343703961481582,-0.12973390246884908
5.09375,-0.7757290714969249,2.349736160197854,0.4533839438107553,-1.0714040199195725
5.09765625,-1.5744279823471543,3.029492061619027,-0.05703784335416129,-1.1242758385253022
5.1015625,0.7592429220212131,1.3105354336059247,1.0682572474560592,0.43832420390826043
5.10546875,2.1489419882416785,1.6418898876583288,-0.22344660122507015,1.2748438744514026
5.109375,4.140242402849423,0.1527350243431997,0.7750136802264507,2.696656358511384
5.11328125,5.033092074463472,1.329829533488463,-2.3823707382866597,3.7398088996268974
5.1171875,0.6928299218293787,0.8293263229515916,-4.750583169143686,4.993005292099607
5.12109375,0.9668246970730261,-0.8196951629419912,-4.549877973088295,5.752873490168768
5.125,1.00122448398321,-0.20578295476740668,-1.9661922892209391,5.996866497939474
5.12890625,-2.354359221651732,-0.5384943843107852,-2.4112132695029267,5.78010575402912
5.1328125,-3.2490695752731833,-0.21347543443178274,-1.7642580584559024,2.5987316091001844
5.13671875,-4.724726903396821,-0.2525191983049555,-1.950501268951823,3.9772515631875427
5.140625,-4.042630023325353,-3.674184476231701,0.7493554045199574,-0.057497659159951364
5.14453125,-4.67432392557147,-5.777574770152196,3.8360375115806606,-0.08516265628858677
5.1484375,-2.679452910047635,-6.045884278897818,5.165123495356193,-3.1279126382943447
5.15234375,-2.9172555567616465,-7.216812504985225,6.433286823097057,-4.266025715484945
5.15625,-3.8215566927260554,-7.929160292185515,8.68374283630331,-5.0768288551935985
5.16015625,0.24263469672626758,-8.681776051377984,8.989944999973066,-3.596962528984295
5.1640625,2.47770875038937,-4.3867690770892125,7.005539371817839,-2.469888349371577
5.16796875,2.9800165391278766,-5.050446366713861,7.389352575685745,-0.26177347669985246
5.171875,2.984508174141589,-3.531574078656017,6.7202606403087835,2.167134847408434
5.17578125,2.253076640156552,-1.2123546729660355,3.4797406832610127,3.010349826974826
5.1796875,3.02700148616601,0.8459291520149635,0.30946402255210304,2.0959225576687994
5.18359375,3.6501372815312543,3.7131106314141515,1.0908495014421273,0.6987412878823667
5.1875,5.737061266188376,4.800049233274266,0.3758576230603963,0.5604807102605052
5.19140625,5.605174819598371,6.6643687136826495,-0.8604727494277128,1.6434672116488545
5.1953125,3.612037740817052,8.365478026946906,-4.473096559418325,0.30389538779320713
5.19921875,6.093668001638771,6.321509576780228,-4.004084765999333,1.951256069937223
5.203125,6.811835929015969,8.034061161076352,-5.307746208368537,1.6688569537986468
5.20703125,5.414158807945442,6.38577276845989,-4.564563996812423,3.0117939676321726
5.2109375,7.232354181010486,6.228390066599283,-6.877835101239994,3.369564812397399
5.21484375,5.301629196874039,7.506000973612489,-5.301787701845921,5.6396874141795825
5.21875,3.3547942800940707,8.36900098579602,-5.8916005068372295,4.980996283406813
5.22265625,-0.9193945737455711,7.30190507575205,-8.921271208307731,4.404300833834079
5.2265625,-0.7390148284410542,4.947734633120647,-8.60995339350246,3.1440573091354382
5.23046875,-1.9402473116530832,2.3833548873809005,-8.3271415012153,2.434292938826644
5.234375,-6.820800374061774,1.7652481538092786,-6.779960224222696,-0.7228789388865878
5.23828125,-4.846522700504002,1.182449605822772,-6.148267823235577,-3.8081215555183263
5.2421875,-8.912980051677259,-0.9054690105304671,-1.0386617358467714,-5.9596653476727175
5.24609375,-10.192192238001713,-1.7825381128540516,0.05980069264748725,-5.294931945554497
5.25,-9.281264842905728,-6.656929991566021,2.6327534812671645,-9.19553832534731
5.25390625,-5.853481836665232,-6.148483716884565,3.8661200954270547,-8.053644217257947
5.2578125,-7.646985982437572,-8.366198440706725,6.073361027799661,-8.923338604964426
5.26171875,-5.44666490526752,-6.819340301498304,7.799892473911332,-7.926368621738841
5.265625,-4.482843929905984,-7.444026884763672,6.351052194561569,-6.955287268827954
5.26953125,-3.539019609498003,-7.119779073379891,6.241240357352114,-5.76241302483417
5.2734375,-1.6108171804334197,-4.497530357574927,6.604584851943134,-3.734480748993329
5.27734375,-1.743335581789163,-1.7399084676372143,2.7304236833142426,-2.2243907400505725
5.28125,-0.09778299046181105,-3.7873913870554157,3.339337115172076,-1.7090322049198252
5.28515625,0.15454567977843436,-0.29439970052435915,3.988976891605719,-1.1822250653085122
5.2890625,0.3913304933491947,0.7801598931276236,1.4210920555586595,-0.6568027763522428
5.29296875,1.2752277008763384,3.2518111210824507,1.5767998766836073,0.24400932615200666
5.296875,3.919254776414255,-1.2950459629344167,3.1144355784075834,1.3693183174182066
5.30078125,4.126408295943293,0.8395044806933305,2.6486485239787485,3.491891017813166
5.3046875,4.548425203228268,2.1098908260510623,1.3063608906729254,3.786771501749591
5.30859375,7.309411040143671,2.901430459323984,0.09860671951682032,5.677822401334816
5.3125,6.1442065396746,0.7242388649093547,0.13016134152030923,6.121456501825665
5.31640625,6.24651694065288,0.3620284832587225,-1.4165591187785012,6.703965740434343
5.3203125,6.105023550472738,2.0888839680841724,-2.8704316943972703,8.851691661579867
5.32421875,3.0836508274500725,0.7228454529589994,-3.9443182030543458,8.20217651357675
5.328125,0.9805024592963902,2.7032967390703906,-3.7066050993888306,8.188507338531483
5.33203125,-1.50233207355884,1.3540144539107244,-3.9345246830140708,6.4676515420918435
5.3359375,-1.9314985877215294,1.260803763547045,-3.104165234675609,3.366722884792543
5.33984375,-3.3117985447760216,0.057190745489021755,-2.124069725564378,0.5205262879289987
5.34375,-2.3147904497520644,-1.3747581259556958,-0.2883826288137499,1.2255800390422575
5.34765625,-4.58158822898657,-2.856841664330857,2.104524909112152,-3.2376359289123204
5.3515625,-1.8987197601171606,-4.366062243412259,2.8985964800288433,-4.351468769384682
5.35546875,-1.1383719652761948,-2.9308757035500963,5.027871288507776,-4.128638586206298
5.359375,0.865658218418921,-4.92762195882604,5.360007918334738,-4.19866596447594
5.36328125,-0.916927308775431,-4.160719891470429,3.6587786656627843,-2.754605612041217
5.3671875,1.1582982430128077,-2.7207450680195637,3.697959290240759,-4.015766332976691
5.37109375,1.226832518707087,-0.1773514670863796,2.249307626203478,-3.3677463696226657
5.375,1.0376460786834087,1.4441121749191759,-0.6839567046487249,-0.3922437382811912
5.37890625,3.2391342531347247,1.5939796741214936,-0.572216763539412,-1.0782335965403402
5.3828125,0.8756991131871101,4.961386573919152,-1.4850840803737846,1.3459378174167211
5.38671875,-0.43445902172128537,6.9006940124308365,-4.334088614208722,0.25991519492486514
5.390625,-0.027602483258905686,8.075182218761475,-3.664556911914369,-0.5966370190576289
5.39453125,1.328742953875625,7.1418832379857005,-3.4129188014108762,-0.36401207888980514
5.3984375,3.057329703475439,5.9745375652060035,-5.133608921786756,-0.8474242979160149
5.40234375,1.986165660528985,4.880142942614431,-3.033115329389524,0.30456723763178484
5.40625,2.9659148746132975,3.541735256307397,-4.25916253131705,1.228462786871836
5.41015625,3.413446650485674,2.996403307763525,-5.397015738409486,1.9303269012874007
5.4140625,2.210282770974145,3.9050900712803083,-3.447232628444369,1.511875315057533
5.41796875,1.8987193798696618,2.7681763158562585,-6.526344500256895,3.401348448290535
5.421875,1.097199880248092,2.7926738848650787,-5.858061882313233,3.05374264354801
5.42578125,-2.6938174933001884,1.451309004649544,-6.618974325826809,2.5644317110300316
5.4296875,-3.728791856372424,-0.1283258845777362,-5.279761194648387,1.551880573731159
5.43359375,-6.941650889280266,0.6481642847046477,-6.854341688825819,-0.15873293236468283
5.4375,-8.390136399024737,-0.3161908797494555,-2.4396601158675364,-2.2621642871237575
5.44140625,-9.338476908221752,-3.83191593639042,0.3254049826265401,-4.881115087784856
5.4453125,-10.217507829399691,-4.071006183191556,2.821767097902939,-4.028300465658267
5.44921875,-8.381723612646601,-7.231245096534173,5.355579945764888,-5.225422445352061
5.453125,-7.577774697492025,-9.457960752444372,8.39051381470687,-6.389153548715446
5.45703125,-5.523852308477898,-10.823091042117992,8.915846950574187,-5.542968994254714
5.4609375,-2.58714505686007,-11.192034387793859,10.200403796811253,-4.763674905965119
5.46484375,-1.451136194797165,-9.393189248592288,8.118808145124152,-3.6583255160527512
5.46875,0.5448153822585428,-7.3520921154815415,9.35331266656901,-2.3605736017961925
5.47265625,0.6909549567336476,-5.6952210140548924,7.2130870733124635,-1.5481890090264459
5.4765625,1.500843892982743,-4.08689749854487,4.5273680975189805,0.6405920917162623
5.48046875,2.2421543159195476,-1.5902463424474749,3.8556565541588688,2.474885803819327
5.484375,2.7217404876420845,1.4777205782778797,3.20811362455997,1.5576227238508804
5.48828125,3.037013261856577,2.1653716201230373,2.759412077745981,2.7015423885340315
5.4921875,5.247261554324226,3.3596852360305527,2.449082100270952,4.809445374629212
5.49609375,4.205995737470934,2.996931858206255,1.8862934610511604,3.6194386031245083
5.5,6.8699514718352,3.453650296540176,0.08596192755087528,7.6427380310474575
5.50390625,10.71796590821657,4.1719990621908725,0.1754622427263396,4.724310447979003
5.5078125,9.877888248791976,3.14131298046223,-1.2017348037154663,6.921667331201678
5.51171875,8.526922024345057,5.369942839201004,-2.7548994949576255,7.0666331895383445
5.515625,8.94159056031294,3.846929061444673,-6.86958082869159,7.039441434066875
5.51953125,5.827096961890516,3.9961079057805398,-7.299787149793088,9.636736061314553
5.5234375,4.186879577406019,4.971886405863276,-5.5857736934313715,6.260477134199282
5.52734375,3.63227849037309,5.219591886260223,-7.69212945241172,5.664553988594216
5.53125,-0.16474440957730302,5.831653933407282,-8.870628418938365,3.3668820211129864
5.53515625,-1.9546756337889883,4.887298951855281,-8.819445640373127,1.7665094343410195
5.5390625,-3.065255366717814,3.3604846354298465,-5.438275957639831,-2.458785308045149
5.54296875,-5.8351267946274445,0.12616312721036094,-1.743052695677729,-3.103682245795421
5.546875,-5.284291051999094,-1.4534327632121973,-2.1441765672596906,-5.818680223764927
5.55078125,-7.010758501927656,-2.737390126118891,-0.03517008741675598,-5.403764972853527
5.5546875,-4.945677384697452,-6.115394703551024,3.0999552114175253,-9.758698943744745
5.55859375,-4.126759879398628,-5.718141425037178,2.5486502057161022,-8.792685960194035
5.5625,-1.7288432135907794,-4.4572955324190655,3.963999710298572,-9.255948574827421
5.56640625,-1.832051115089878,-4.965875261154763,1.9878255599187296,-5.479769112299967
5.5703125,-1.4362396741319068,-3.5326246457323203,4.377501973345327,-5.374197131970761
5.57421875,-2.1105825831347866,-0.39234540003183604,1.876394674730249,-3.151529947372132
5.578125,-2.400760839460689,2.422245596047716,1.366377660076,-4.528432653959011
5.58203125,-2.281826429831206,0.5798788635724228,0.06469489306602022,-2.03505021663251
5.5859375,-0.7816940528623904,2.756600760126217,-1.6670485034395202,-3.26579412883014
5.58984375,-1.208796347323535,1.853727762155499,-0.23177859053987704,-2.1055790419026863
5.59375,1.0639709310003933,1.6343756713472761,1.3308398615379189,-0.21643687328310013
5.59765625,-0.046155142829507056,1.2381103391019466,-0.1025982478775608,-0.5229908742943801
5.6015625,0.2673861621035172,1.7286639836584872,-1.5723641753876418,-1.7022382642979337
5.60546875,1.7387619897782605,2.3702688042181244,1.1245597920841646,0.5264919611797203
5.609375,3.5470760770317225,0.04412135238292103,-0.8268385204898873,0.5943871719840685
5.61328125,4.441802564303702,0.6169214074765583,-1.0123351055979817,3.3343248616838395
5.6171875,1.2950884312962152,-1.4717022654258505,-2.197803407904408,4.35645077054202
5.62109375,1.681351755778701,-0.2907657099452706,-2.044495250321702,6.351477288638017
5.625,-2.2239460139415455,1.5824014307500351,-3.187268784011511,6.570483820634514
5.62890625,-0.3532059127489471,-0.9557207097650361,-1.9338341977003257,6.205172776756271
5.6328125,-3.6647544426187846,-0.3954660649055366,-1.43587770790626,3.3196232172793794
5.63671875,-4.343439058789157,-2.7705419680885264,-0.9012813195969234,2.29127526242842
5.640625,-5.432368914719029,-2.906476532472167,0.9267017490253827,-0.42511745926679567
5.64453125,-5.116935282127027,-5.528636788077559,2.722348040773,-0.6082361377440999
5.6484375,-6.3457142411006675,-5.769687704205872,5.957443929399762,-4.58339555087536
5.65234375,-4.17948213480184,-8.15659282488166,7.027699818076399,-2.786090742877768
5.65625,-1.8218414547929696,-6.880973173580939,5.296377062306647,-2.0796791091069435
5.66015625,-0.3685410595729476,-7.427736744149264,6.92747602299515,-4.833880116927931
5.6640625,2.7417297705577033,-8.40706565786852,7.528553357698305,0.0442515409014721
5.66796875,4.219646857995163,-3.3231618126266875,8.004881056693481,-2.6045572846942715
5.671875,3.625221974006541,-4.08419083437146,5.151884752984116,-1.0735517220951716
5.67578125,4.07454331486833,-0.35042187469381286,3.438432671944674,-0.21393973910205344
5.6796875,4.72795123446166,1.1919783588055202,1.5447079496677196,3.3132574892922904
5.68359375,4.897066908056966,0.004841104825990428,-0.7834202944837462,3.247702748910455
5.6875,4.324846720129404,4.018767452138067,-2.1921951933278008,2.3800316750785826
5.69140625,4.763247124057667,6.983252140526124,-1.2866339688043222,3.5302986656773445
5.6953125,5.343334250432391,4.795459189878641,-2.720115004054745,1.2251340914873023
5.69921875,5.898609170870929,6.7835983207555985,-2.1452443056996997,2.734178088948387
5.703125,7.092311982072525,5.313770374478976,-2.257084805832278,2.52364567661131
5.70703125,7.084793112882801,5.200961436103265,-3.7326593375530552,1.6700229683535566
5.7109375,4.993867138119134,4.183963613301055,-4.411967002174523,4.451286102114865
5.71484375,4.786545120681526,6.081768587896011,-6.1358517371203565,5.379698726353683
5.71875,3.407036416848368,4.553609309791125,-8.10300324669076,5.5157790598801295
5.72265625,3.4112147434960676,6.5549676776616925,-10.764200957708043,4.172387310830759
5.7265625,-3.06204459316144,6.831828999786998,-8.522546040510774,4.1092774149363
5.73046875,-5.040181428490966,5.936388655868627,-8.581174907462433,0.28249578981600254
5.734375,-4.486467543395076,3.725949381518991,-6.273587460426903,-2.682833271777341
5.73828125,-7.2528129997979,2.3976025424249467,-4.922029888380045,-2.5515643707610067
5.7421875,-9.211115238085348,-2.4150622980023164,-1.4482264705153671,-5.848286551626828
5.74609375,-9.817147059763975,-3.4255053492484877,-1.3149131527699345,-7.94637985478983
5.75,-8.951480888742362,-5.594942546730182,0.9988122334919951,-9.065308035017036
5.75390625,-8.834932487163348,-5.12985248457505,4.682918591070634,-9.909560266693385
5.7578125,-7.138484451338484,-8.393017219689657,5.799264964303063,-8.348614228339354
5.76171875,-5.046772477625632,-6.729374450044381,6.287174882060691,-7.196593350055074
5.765625,-6.185668384074072,-6.514829713608149,5.55283754259408,-8.547864162535529
5.76953125,-3.5235989794281046,-6.491284632315844,3.692408079500019,-5.324555980003639
5.7734375,-1.0561240527689,-5.66415702508966,4.899782382441413,-4.7174560907388186
5.77734375,-0.921101450624348,-5.362115836717509,5.367493179239968,-2.742628536076066
5.78125,-0.9480440620099869,-2.0930340322755026,1.9298162962167467,0.1426476216696586
5.78515625,-0.6798042785253408,0.18137465321543,2.448865159066549,0.10463338346284103
5.7890625,-0.8910296918675447,-0.08570904618324016,1.1454589126906582,1.8361257969066638
5.79296875,1.0964247281402704,1.3575946327047526,3.0145377429681615,0.3379215543085363
5.796875,2.14032990996719,2.101190991154432,2.312140296723152,2.1796616901760966
5.80078125,6.629239491925322,0.7922288969970843,2.7145146906985262,1.746995617549646
5.8046875,5.054260180123482,-0.14852110353263348,1.3420251112011712,4.667029281774807
5.80859375,8.343461582542904,0.16338884844120966,1.721527478998386,6.556987266672691
5.8125,7.182495865944839,0.9569503121736571,0.34946406668123786,4.7154372975674095
5.81640625,7.166951719388259,1.3145058821020292,0.3004119973520194,8.086148330816105
5.8203125,5.137805056411771,1.3176213992784793,-1.8809593318554967,8.024036926410417
5.82421875,3.903715440237259,3.740601509942252,-2.657001713263124,8.707093277315893
5.828125,3.8044363546983124,2.246500437333381,-3.3523375143929224,7.946758869617366
5.83203125,0.07275151339447827,2.0446168097422204,-5.015443913268085,5.0435313607912065
5.8359375,-0.7892754245351677,1.9724403361613545,-1.528594257746932,3.806117875367458
5.83984375,-4.26580253932539,0.4392956338099228,-2.593999466614502,1.308998078144448
5.84375,-3.4809389950010905,-3.103321753618239,-0.08855511940679092,0.9565843794303841
5.84765625,-5.854455520182582,-2.1768413943088145,3.556267808502568,-3.7284516173595295
5.8515625,-2.7434024495233458,-5.087079483832694,4.354225197288773,-4.861589613814076
5.85546875,-1.4378438084852707,-4.637662208937717,4.388197685729909,-4.508502189789769
5.859375,-0.018664816437066523,-4.659056020679289,3.3944301488143793,-5.463456022785053
5.86328125,-0.6105378676289073,-1.7746357228407676,3.8687589869109043,-5.021483935741264
5.8671875,1.1037026735701934,-3.3018725341796067,4.97412161419247,-3.878221120148038
5.87109375,3.938398980692167,0.17485098470955318,1.1297945615644296,-2.5602570416894306
5.875,1.2239133229006671,1.3343078867431695,0.631245359314011,0.6217236644393362
5.87890625,0.9943496450499345,3.162001384013379,-0.5211280312639295,-1.3270589974538605
5.8828125,0.6964227530880152,4.743356888769062,-3.0364422795075185,-1.28176074799426
5.88671875,-0.336559857954426,5.094072989447095,-2.232686681199177,-2.126969706424043
5.890625,1.287726157072873,7.643835563115377,-1.8258213802382577,-1.6594370729178678
5.89453125,1.82334436329162,7.000860177193593,-1.7150160594194597,-1.2428107282313015
5.8984375,3.0264981327738756,5.745110789899529,-2.441851491020072,-2.354488137303811
5.90234375,3.601338791835213,5.0045340441696196,-4.44687329910426,0.3035746979853905
5.90625,4.355918777203782,4.751605248856225,-1.712883399040034,-0.9980183952918178
5.91015625,3.3123054326971393,4.168182683266829,-4.845377727971944,1.079212332045615
5.9140625,2.284274695119104,2.38736211953327,-6.38317182940477,2.88233855270166
5.91796875,2.1577679256857456,4.567343881097532,-4.744076233138621,3.3554616596577445
5.921875,0.5687540100991038,1.8865646399796026,-5.2675846737291305,3.049132422753389
5.92578125,-2.6799741729259163,2.0213735888387068,-5.4778198538715,3.2732447376794997
5.9296875,-4.084950454038243,0.060261450903273284,-2.8893865643951386,2.5408536344668056
5.93359375,-7.62975271871762,-1.2880047927962384,-5.009019268717144,-2.8435168463398055
5.9375,-8.984306960295957,-0.5659298196240551,-3.7532658825140293,-2.256798497358127
5.94140625,-6.822251209533526,-3.7802844629325283,-0.05141581956036434,-1.8833939890858942
5.9453125,-7.492009676621536,-7.443062528177374,2.9560956828294627,-3.764519468933309
5.94921875,-7.344723800247405,-6.856888627987603,4.9546904344278,-6.764746659730999
5.953125,-6.760897285135793,-10.26989843590054,7.472972682602955,-6.919268142987465
5.95703125,-3.454365848245163,-10.819002033423473,7.9073940099138,-5.882495864920567
5.9609375,-3.6916264467841886,-10.383940323337182,7.637390636545133,-5.957060288957979
5.96484375,-1.8858585820125446,-8.589896732530605,8.43448372554574,-3.2881450896705435
5.96875,-0.3318281940795993,-7.3490710855942085,8.121043003313499,-2.3193943180757124
5.97265625,0.6280726555816054,-4.407186899558906,6.714196192059227,0.19821496640651115
5.9765625,-0.9737999776035791,-2.7652702812405203,5.986022932024574,1.4460410621269335
5.98046875,2.305044360602069,-3.1818546754374832,2.9517110656854384,3.9341429772686256
5.984375,1.7887619845853766,2.2940100533673378,4.487470668673508,4.57898295172744
5.98828125,1.8802087345820078,2.857081381141869,3.537944923397006,2.9932991058765586
5.9921875,4.838248974905295,1.927379259941859,2.9479580220193835,4.203523588139439
5.99609375,7.71335966877254,3.17139032699424,2.3409177163094164,2.804812287742804
6.0,8.440370003197208,5.231220300398813,-0.293964364956654,7.133634941366186
6.00390625,9.805310882516649,2.432227105835861,-2.43483344656802,5.304820355134167
6.0078125,7.392538214364297,4.327984570860431,-0.3908418884734113,9.088833707970458
6.01171875,8.409207817426495,4.5631040132333505,-3.1388432145697718,7.875981922255316
6.015625,7.282185148005064,4.738017400598438,-5.696722825839428,7.392538219042442
6.01953125,6.074833608167926,5.139579256372933,-5.170691933174902,7.303961011290309
6.0234375,3.303295486408567,6.27211611259882,-5.591992271390594,6.780614488018246
6.02734375,3.641448218114235,3.558885851326949,-7.672177450654021,7.816366627929055
6.03125,0.43387276095280547,2.7315706925498193,-6.631466087946662,3.2578257748869395
6.03515625,-3.046135956017615,4.990837394722783,-6.686449012028979,0.6481425726234895
6.0390625,-2.7031513963723044,3.815545389456801,-3.6978067472005733,1.2587703705797137
6.04296875,-3.7397125309218096,0.21688535922008656,-2.8224607324292443,-2.2658589306609858
6.046875,-6.313127498235259,-1.0474124331716412,-1.5102888515638961,-3.186014116355762
6.05078125,-5.0076388498931435,-1.6839880181780489,-0.15591229722342925,-5.104207427868439
6.0546875,-4.3915972996679375,-3.2248148239464,2.0980426644722745,-8.020474031505254
6.05859375,-4.591444466872922,-3.4696349201392414,3.144155372847458,-8.252933749819684
6.0625,-1.2275758068192968,-4.222584609566083,3.9405139773379254,-6.413617926535092
6.06640625,-2.7747575720135735,-4.7398145278022685,3.7719304947805767,-5.277858168332034
6.0703125,-2.8820434006172873,-2.763307018802617,2.819600711668963,-3.565183654833473
6.07421875,-2.9981565882044423,-0.7812380846538376,1.3777985580550076,-5.432400938581619
6.078125,-2.6829068072398288,0.07602218929399249,1.4005943303211983,-3.4333123607373706
6.08203125,-2.183807723608036,2.6749586443343976,0.6089398581804485,-2.658046960590867
6.0859375,-1.8792747168522808,2.701705598186764,-0.9398012121715413,-2.060906029346918
6.08984375,-1.3854672957821303,3.29042065312569,-0.40065299403112453,-2.2661132382828484
6.09375,-0.049058693354120775,2.552924717612189,0.6864393236818453,-1.2482063857981662
6.09765625,0.5497861827729229,2.280866855695399,1.4902135359142532,-1.3889068127037014
6.1015625,1.5166229461012233,0.948000248899904,-1.3910115981972482,-0.9163830038015209
6.10546875,2.6427905157198635,1.042605683770931,-0.5573040115888117,2.8973505123584262
6.109375,3.563053466399301,2.36505182263385,0.6474430549421253,2.2403948383936743
6.11328125,3.145703954456925,0.0022444283660970343,-1.7104227125084426,2.3495913285949346
6.1171875,3.2341904355841713,-0.26812194759403507,-2.7737559514992545,4.701916043380216
6.12109375,1.1432342649044624,-2.044936164587521,-3.0568457832680314,8.441700333966324
6.125,-1.2686848697278856,0.960492338727942,-3.089616880762956,6.519540526086302
6.12890625,-1.6853057889535226,-1.4866010125597142,-2.3040498987119813,6.478532503901317
6.1328125,-2.5438019090481614,-2.0202231533534185,-0.6864310256818671,4.609938180642918
6.13671875,-4.652587388965885,-2.2959178572445027,-0.6475116008553636,3.238359602830265
6.140625,-5.423275270418042,-3.365408442706435,2.125605652074837,0.7036686096814115
6.14453125,-5.241594926613412,-4.651566908701857,4.270349854285859,-1.8937529549989587
6.1484375,-5.418881937565398,-6.624208406394425,4.067618795414461,-4.941252006838573
6.15234375,-5.069834634182804,-6.20393178087615,6.229922005730192,-2.7835881608925153
6.15625,-1.570768993454077,-5.936161751876557,8.06152927194441,-3.9571436375928473
6.16015625,-0.7885322456777302,-9.305131732424815,9.506048786375244,-3.463713043578367
6.1640625,1.216074367533283,-5.697640668468461,7.227697446424159,-2.3271633245938252
6.16796875,0.5913085173184087,-7.483624187352526,6.803097737736252,0.8425654929601434
6.171875,2.6902369059062305,-2.733714814823502,4.747987901732052,2.453286806998373
6.17578125,5.962913720727917,-0.9707294197451932,3.7085768264241668,1.6876028102462428
6.1796875,3.8120841060939537,3.1345006250833944,0.8550685429464783,2.3903294701212534
6.18359375,3.290750527318043,2.4632186616317044,0.34780812463412003,2.0156998643973063
6.1875,2.234603452051341,6.348060570388772,-1.557691117020512,1.892135614005694
6.19140625,4.751108494531331,6.960628558979867,-0.9733972905350895,2.081615173464024
6.1953125,5.3658244675532645,6.358595753195569,-1.7900921185126248,1.850504244360654
6.19921875,5.628063248450589,5.935272640303448,-3.5210947863525717,3.6069751790904974
6.203125,6.535336232268262,8.730836004128387,-4.736878079535491,3.048733818264148
6.20703125,7.325189248072356,4.564991821595209,-4.54669956122701,3.7251882224415978
6.2109375,6.023504609905753,6.684743931560053,-6.574525138442284,2.1911983483160427
6.21484375,6.665007098675302,4.720002910584342,-9.424547012302423,4.198045231412778
6.21875,4.118828891024359,6.99011304254654,-7.519557458590815,4.509965138795802
6.22265625,0.9451409372225099,5.683523876745026,-8.969652862429637,4.818814059433242
6.2265625,-2.1970245449659,5.5572076901804905,-9.110960766372655,1.784427399817903
6.23046875,-3.1056205116189846,5.188514570819333,-6.812143869178765,0.9901473162756123
6.234375,-6.2599744452973445,3.3068650558033523,-8.508179964624574,-1.7658492398220154
6.23828125,-8.815924534387907,2.290986262711434,-3.7774883125170344,-4.647956256652198
6.2421875,-9.683825934000911,0.479917604439247,-3.4480902930150195,-5.7045972427928415
6.24609375,-9.883916572072264,-3.1518995602210054,-0.2996057729186109,-5.663172496775745
6.25,-7.884219582473788,-4.4482792319894555,1.9129739305996907,-8.788865519118099
6.25390625,-6.810495550149251,-6.41187365999987,4.332130222193512,-10.199256980900039
6.2578125,-6.638099018050741,-6.590463385926078,4.752462894208786,-8.251163671825864
6.26171875,-5.56785716668887,-6.890116860389744,7.545875613116204,-7.3707638692874475
6.265625,-4.000629340301054,-9.276974233085541,6.393956822601576,-9.238960479607462
6.26953125,-2.8450625739524282,-6.149836448523761,5.431638892246679,-3.6688929141379076
6.2734375,-1.8407174094704475,-4.741454558523099,5.5046363590097,-2.103832329040318
6.27734375,-1.9536397074933576,-1.8226555548127659,4.5727329379089845,-2.523032548986049
6.28125,-3.0684481697716217,-0.9283260012316951,2.366195260028045,-2.9314227198649907
6.28515625,1.4987056501045974,-1.2361705704872885,5.21684764513051,-0.653494465705055
6.2890625,0.4997855905737506,1.3831979107731929,2.6230992694518607,2.2924559108537874
6.29296875,2.26443612286773,1.188525260929864,1.3777605555892023,0.7465157303550783
6.296875,2.397687854564836,1.4306377924074383,2.700346688971878,2.658460888751431
6.30078125,3.291504610515614,1.7644348439883615,2.015954682977596,3.382783878714371
6.3046875,6.022853748169965,1.9427694013619625,2.6551732410477467,3.5606766223054684
6.30859375,3.954653345597868,1.9714099925808806,0.8142637738438596,5.181134205692836
6.3125,6.876831399771676,1.2694376589381515,-0.18592055377586367,7.93825805111294
6.31640625,6.586286015343455,2.3849920405879406,-1.934656619206923,7.801748600331187
6.3203125,6.219971438464864,0.8845482938861106,-2.4306175615988717,7.720371360824789
6.32421875,2.6459878311706295,2.882197225824025,-1.73183964946972,9.423993901818198
6.328125,2.1860343310223365,1.7630658698077921,-4.1030773767216475,8.464891911388976
6.33203125,2.133932200079729,3.3436130183421935,-4.15213420203429,6.140842551376849
6.3359375,-0.07067870588625169,-0.07934207826449358,-2.8792711561208275,3.8109541517423358
6.33984375,-1.4318182111725115,-0.3203471119884824,-3.555786472373312,1.8761861293729567
6.34375,-4.449812743908879,-0.16338369663850316,0.4340979121929007,-1.393399532027683
6.34765625,-2.0330762590057763,-2.0503605773138656,2.894318835196707,-2.2079201820047016
6.3515625,-2.290039671710607,-4.8257542623949945,3.301819748557343,-3.23062534913985
6.35546875,-2.4911689392319056,-2.9373102875364085,4.414078180004122,-4.2697402851033175
6.359375,1.0900083500157878,-5.106647219172946,6.015250293613453,-3.7863968432241712
6.36328125,0.5611088566241181,-3.4821449899883548,5.324007483176144,-4.41973584072702
6.3671875,3.0019481310235356,-2.581310366571835,3.2033857161115002,-4.809456103570826
6.37109375,2.620799158931517,-1.002991079026091,2.4939055049693,-1.681063003208895
6.375,2.0887558767479417,0.6255168231239232,1.1530591470101363,-3.4070153996338526
6.37890625,0.04839731705926109,1.6227594000663013,-1.0008316483646362,0.3937361834466855
6.3828125,1.830916873857129,5.153243630232827,-1.5807225194678924,-0.03532603046550542
6.38671875,2.3118332453347374,7.6142312497716045,-4.678886813688387,-0.3663729212910725
6.390625,-0.24978590662645206,6.224070131138685,-2.433052570500084,-0.3771002308013528
6.39453125,1.619889616243424,6.298876061671989,-4.42503296159066,0.08971486981676025
6.3984375,2.611564819525653,6.1720586681632446,-3.20352083976237,-1.5348656856847902
6.40234375,3.6395357020350194,5.557729288629148,-3.0345429649077005,0.4019513164936245
6.40625,3.73987803904974,5.289859414699412,-6.244219300377485,0.11951321016319205
6.41015625,4.463286417507444,2.742193116852042,-5.058195543032699,0.36193131271810774
6.4140625,1.6930028128000363,4.473259891429956,-6.36345258941846,3.4747136725391004
6.41796875,2.9716868971024066,3.716406641151005,-5.269051859634476,0.7764691129755312
6.421875,-0.2332262612340027,1.7845296575282257,-6.011209008016195,2.6661486549652995
6.42578125,-3.811566267761788,1.7838441211560363,-5.573109923012059,2.491330230160377
6.4296875,-4.316239384350251,-0.7357852249838905,-6.028126435318214,1.1135950695807701
6.43359375,-6.775085289535959,1.0227252323702223,-2.197587046309101,0.396008940366906
6.4375,-9.338570590362457,-0.049740021013177316,-3.1346548699791166,-0.3510472440996464
6.44140625,-8.857124913506022,-3.9159092296204565,-0.27490120471722257,-2.2662989265607285
6.4453125,-8.786215088534927,-5.352021452748581,2.629245800561823,-2.490602688559445
6.44921875,-7.4277352140733335,-7.257727561221579,2.650533863364772,-5.76595288942271
6.453125,-6.068185486296322,-7.018893655138641,6.007814075179498,-7.700391137719068
6.45703125,-5.290283595075219,-10.876874039401446,10.008488755577371,-5.537345289019765
6.4609375,-2.7734726053883687,-10.081210665303928,9.642066835586197,-5.558535167189028
6.46484375,-0.857887738125906,-9.47599350561251,10.756407544332399,-3.861662011435906
6.46875,-1.1769991236054358,-6.94124175711176,6.604188746852709,-4.7242397846376125
6.47265625,1.1813092382518657,-5.696147314845898,6.8255466268842175,-0.5731763782233341
6.4765625,1.0839164936198573,-3.6336104599485486,5.61251685482029,-0.3242995863681488
6.48046875,0.11344747838783587,-2.075167560236976,5.038759759112699,3.382656365646854
6.484375,4.286172877031211,0.6161394235308916,3.3261254803701563,2.8360937987776964
6.48828125,3.642088959443969,2.1836426352800506,0.42849010659032394,3.5339439729630104
6.4921875,5.706229016783161,2.455644954249922,0.6870346023039164,1.5320400950245956
6.49609375,7.51554556536802,4.298817787420596,1.4006279002031246,4.958017537910524
6.5,7.603212077443086,3.4200239893698203,0.18050861124109083,2.8973235049139534
6.50390625,8.760325500412359,3.8467963328846912,-0.054229023326763326,5.6445279421277315
6.5078125,8.500006406256116,4.621998990313683,-2.49128018272275,6.008955200381112
6.51171875,8.665116057946742,3.215520860997925,-3.4880310607303535,8.108925671698543
6.515625,6.5992175213795035,5.1428812256476,-4.469221392961069,7.771693391609853
6.51953125,6.89165048332847,5.482011662540639,-7.232264214740394,9.003243586792882
6.5234375,5.754132896875617,2.9427030181760663,-6.671609233044839,7.05571878074935
6.52734375,3.199301547581876,5.9679104449166696,-7.022639814945007,3.814941096353366
6.53125,-1.8109759121202842,5.674507254334438,-7.320183165501755,4.189569020319824
6.53515625,-3.2885989626511476,3.803817439284339,-4.781117631715649,1.6751371250622966
6.5390625,-4.297478884708054,4.38608453975063,-4.299914008091079,1.0250195580057788
6.54296875,-5.374659901932602,1.5737651671748485,-3.2685130832049967,-3.2038693040785695
6.546875,-4.089016985549774,-1.7361747454792145,-2.6602799761369575,-5.186484995450921
6.55078125,-4.9353984663894845,-1.3538102765730518,2.0448331238855926,-8.025910639004929
6.5546875,-3.0565746047988505,-4.083664818943702,0.8428267841081098,-7.519830169645823
6.55859375,-4.6358078203524915,-5.57456549458109,4.108635133381478,-9.103495049340559
6.5625,-2.7566888342446845,-4.720036951527551,3.3614866401407073,-7.224848984937849
6.56640625,-2.02995626363465,-4.375033275597796,2.6276023357047342,-7.485045680964421
6.5703125,-2.018197916608145,-1.8100373131993017,3.0655798793267914,-6.036323904199012
6.57421875,-1.9145242910340499,-1.908397347490525,1.5968407371456488,-5.480593700572479
6.578125,-1.8837998459101857,0.5099426574918446,-0.10365137924802914,-3.6475217104650195
6.58203125,-1.4941518173169317,2.2060549890686696,-0.46416635783653604,-2.459287941049386
6.5859375,-1.4843618021017848,2.1138512718418396,0.4414477285093247,-3.960129297226824
6.58984375,-1.455378879059227,1.5661117316057807,-1.3920559892165327,-4.0139436769603645
6.59375,-0.612253461727257,3.1022493413833025,1.0923250853147337,-3.2364655024991094
6.59765625,-0.4099949068159692,4.149276141170844,-1.064083303484982,-0.46022117636193505
6.6015625,1.1609820804758864,1.6859795625836274,-0.47438184257798116,-0.8962576722179705
6.60546875,3.7946737849139796,0.06835910553368518,0.9281138362327428,1.8662483043871734
6.609375,3.884361211576941,0.5934608416424743,-0.015380045601005032,1.8203343817195519
6.61328125,3.9276717960899754,1.078823650144618,-0.17317527444221903,3.808853325677054
6.6171875,4.190345817041237,0.22133900981566862,-3.7129762127562502,3.607528445453064
6.62109375,1.503520967756219,0.9063228808630112,-3.5217998658919973,6.231329418146393
6.625,-0.6487790500310854,0.5377252079420982,-4.721498569858992,5.789043021790603
6.62890625,-2.186058440911805,-1.4522218073356736,-1.8025011588758104,3.181376363369563
6.6328125,-3.086229877736264,0.3458953062642436,-1.9268213341214433,3.7142561662674143
6.63671875,-4.974261450932536,-1.1885492781966258,-1.0435731744713337,2.5488040311666365
6.640625,-3.8688905867627623,-3.3603579434005644,0.4958561111440887,0.25854075044738045
6.64453125,-5.20631392904015,-3.7893065650384843,4.747848304546438,-0.8745877536163259
6.6484375,-4.52941166075346,-7.199449513089468,6.747026253320006,-3.494198338132523
6.65234375,-2.3296939220608293,-7.290527369997323,6.919279346906545,-3.9958019153721187
6.65625,-1.2918980403061984,-6.948523189155686,8.174043467211348,-3.829084704048784
6.66015625,1.3436881123901938,-8.155639502461703,8.622790897141142,-0.3420385353350657
6.6640625,1.8098296056070722,-8.435467682574327,8.38322122955309,-1.2134478790874623
6.66796875,1.6457766464125858,-4.031095326614001,5.731158653071961,-0.09092874449503419
6.671875,3.806356496309335,-1.5382463053960074,5.981359411480327,0.47568080200349916
6.67578125,3.691326925106583,-0.8763309718309906,2.872971403586555,2.1155540184222756
6.6796875,3.9539144291377832,3.421882146284378,1.8029978896337648,3.448260900586572
6.68359375,6.126010200683368,4.589248333437933,1.5000614848243328,3.709910590012365
6.6875,4.022561885605086,4.212791463066765,-0.09033096683479935,2.3339122877204947
6.69140625,5.506138214156376,6.415886348930529,0.04031258576851249,2.1867997316813756
6.6953125,4.8754491340422685,7.244323468919466,-2.1609247541293812,3.033472423589007
6.69921875,4.364173647077656,7.09781643937754,-3.557358062856016,1.0333015679313515
6.703125,7.254549584959147,6.292540968337622,-4.431219907927057,4.159614156206413
6.70703125,6.297639808437491,5.83110734050496,-4.167038594731906,2.617889633939682
6.7109375,6.5460728614477866,5.496708396097644,-5.424020942713814,3.746116139162076
6.71484375,7.14209133141677,6.9078682525972654,-8.0572173568007,4.247492308356791
6.71875,3.0135352290463997,5.733921695366305,-7.141045085527704,5.305680041605925
6.72265625,1.3985501607751996,7.789787245954978,-7.547696188035173,3.912120103249708
6.7265625,0.8750498544426816,5.371960714172636,-9.630007905123637,3.613205355058954
6.73046875,-4.818645626875402,6.036318139066587,-10.080649332092474,4.557084404367032
6.734375,-5.553769269336616,4.474242608373337,-5.00514190510053,0.1047391199305624
6.73828125,-7.763378010679647,3.4432543237748456,-3.582018893329683,-2.9084391654112047
6.7421875,-7.995998908269706,0.28229050748648965,-0.9612196640361397,-3.9039333217579077
6.74609375,-6.644488163252033,-3.4077756141007667,0.4805193470465846,-6.543502057484913
6.75,-9.251219773804097,-5.557727936374692,2.731021373259586,-7.706308627788577
6.75390625,-10.278410295746603,-6.528484681063253,6.306410522308461,-9.939322192498043
6.7578125,-7.692260914080313,-9.428153035231228,5.247020405645684,-8.872416397394582
6.76171875,-3.3853317786491517,-6.379990012711435,5.810816180434342,-8.36873184452367
6.765625,-3.920193354582205,-8.279957865627821,5.50630065614645,-7.24163522426583
6.76953125,-0.7442068504045847,-8.30827165946899,4.878429913939096,-2.5362009872007554
6.7734375,-3.1795158314029113,-4.529702020116965,5.701807172938705,-2.707329123667195
6.77734375,-2.1847426432719086,-3.961243385910983,5.3509559647368325,-0.8543674117521309
6.78125,-2.311816666250637,-2.379634836707002,3.1687037227544,1.1294659597025611
6.78515625,1.1288243737316375,-0.41966288883939273,1.4181888695760494,-0.9898126147916755
6.7890625,0.8976272230147633,0.8159514911301936,3.3098625085351423,1.3799262557567211
6.79296875,2.543750846879702,0.8358444382157139,2.3362007044710813,0.40583519096114085
6.796875,1.713550318387606,1.8445985338123272,1.9845713349735121,2.1345293297097903
6.80078125,3.926289499131864,0.38334600677818376,0.7446960374763425,2.7581753615988296
6.8046875,5.120676462611424,1.2080744140969244,2.711651976610438,2.6425959390930918
6.80859375,6.4725808431071625,-0.6287359818145566,-0.1181055512325273,4.278410174993949
6.8125,7.495626515139889,2.7204377284396606,0.1445744460425702,6.170058012834984
6.81640625,5.590390411498825,1.5706390559244015,-0.7185867055535198,8.104939928973042
6.8203125,5.834922427077926,0.9914419277564177,-2.2240773280887254,8.622290435118634
6.82421875,3.187919645382696,2.1919111373503735,-3.6984404949754253,9.966653488671456
6.828125,1.8170710650538586,2.4893839751474585,-2.8275852578839853,8.522932906594397
6.83203125,0.24583484113494086,2.0906838716733964,-2.136500758827735,6.500340311145522
6.8359375,-0.6517038712185474,1.9897211170675604,-2.788034246724766,4.35225710438694
6.83984375,-2.79199837721419,0.2929655431323488,-0.27080024503893685,3.19855897865476
6.84375,-4.16533319832709,1.5833671469796076,-0.7780154091946776,-1.2802349163267173
6.84765625,-3.6750155167358636,-3.2055169922207742,2.121604652637878,-2.3172359613882727
6.8515625,-3.084317945053589,-2.8529000461955185,3.5417025554518435,-3.7986117861245265
6.85546875,0.2580608145031662,-4.506146165996343,3.260080516054921,-4.912545028359755
6.859375,-1.1307545209646301,-4.235627031550969,5.61220748231413,-6.040436950429342
6.86328125,2.4337866366249563,-2.470615305077464,4.87431181260957,-2.0270360472215776
6.8671875,0.30761055715190444,-0.4544133758833495,3.0769108197118564,-2.3152081776218596
6.87109375,2.8661308833722114,-0.3079536385474597,0.8009153635112458,-1.51090966162956
6.875,0.8813090195507092,0.9833799361245935,-0.12864127259650215,-2.3299094890124517
6.87890625,0.6062451269348613,2.8102482482520195,0.9574517476707782,0.44562758725207785
6.8828125,0.6053700371985952,5.3136115820713385,-4.153850318661469,-0.7599651357358177
6.88671875,-0.04799138732705566,6.5577325819607,-1.765911025013605,-0.947807072567008
6.890625,0.7151907536601526,5.671761416418464,-1.9036902278191572,0.2485725297798742
6.89453125,2.635490997066989,6.446144632393529,-4.677358700270212,-2.093282114132703
6.8984375,1.8020291417184693,6.089971569016174,-1.4019671836602279,-1.5600260246749384
6.90234375,3.2521114857706483,5.513198667644874,-4.146706499140776,-0.16896353012819842
6.90625,2.1855813290668387,4.609231054118377,-2.78376109836063,2.2520767857119717
6.91015625,0.9986218717851099,2.98775801525868,-4.779452539144822,2.0207538284830076
6.9140625,1.706039791628391,2.6953702228616425,-4.479946663505227,1.5800867814397916
6.91796875,0.4735030447347326,3.511823597129111,-5.533773663545871,1.0827864470253075
6.921875,-1.8524619554657944,0.2504809557341581,-7.09579599158189,2.647275112150597
6.92578125,-2.062062656227517,1.7503233616084188,-4.8201380390594695,1.6931733869539047
6.9296875,-4.562868240959386,1.6898065895174643,-4.893100570035195,1.7854293731764213
6.93359375,-5.451362149445687,0.15811733749705525,-4.100723510909593,-0.24051835215479866
6.9375,-8.228610345301446,-0.3440141597189601,-1.7893403289510417,-0.06619649803145156
6.94140625,-7.388440831867324,-3.0196457700670467,1.0880945299772882,-4.66026121341728
6.9453125,-9.049678809943911,-4.061741521052632,3.0370499098206793,-5.695629962263421
6.94921875,-8.831548071414234,-8.35401287488803,6.632980488743453,-5.234989603194456
6.953125,-7.4823670446430075,-9.716301073091365,6.47743675239556,-5.02899564413727
6.95703125,-5.543592704958519,-8.56036835199394,7.990680607094987,-5.2770033855720335
6.9609375,-3.082269560724179,-10.67255937439143,9.542635219973945,-6.751354097166277
6.96484375,-2.9229025983257824,-8.322931144428768,9.419213298692002,-2.8769221719374762
6.96875,1.2836034073321363,-8.570594506241049,7.7800682057631905,-2.855718076341411
6.97265625,2.9309237530205334,-3.9247622728105425,5.261188595181516,-0.6202463490544741
6.9765625,0.030151307440582586,-4.1186368333151755,6.015388732941133,1.143835000034673
6.98046875,1.554047760741787,-0.6252138114476129,3.821665140271601,2.8711075536511927
6.984375,2.324869287618244,0.7100778829638063,2.2739687359867373,3.3345239223328536
6.98828125,3.912799203021808,2.7350202200712257,3.638864888148384,4.115564157514026
6.9921875,5.4102685807244315,1.361033209427444,2.19046659398136,4.0730254834988315
6.99609375,5.839893876868429,4.60795066701694,0.4316680686602523,4.424517800764576
7.0,6.447506946914857,5.187216569390738,-1.4011168397564477,5.724160412338043
7.00390625,8.159951642589219,4.5742632378462185,0.2252927961741037,5.023516790702805
7.0078125,8.35837360502996,3.221042531437174,-2.9497001822017888,6.445916026125634
7.01171875,9.862966360867121,5.515062443475907,-3.116803631783323,6.995430793405293
7.015625,8.432153352316812,5.86141313630277,-3.018071310703615,8.641304191421693
7.01953125,7.248636881406987,4.824165172503457,-4.810054867338019,7.463463080897721
7.0234375,4.673660437401611,4.850736505420276,-6.018524973936376,6.425316784477554
7.02734375,2.1873916504521524,4.6932909540983205,-7.6849435629820615,6.340850240935592
7.03125,0.005410573991956297,4.451081245133705,-7.349692830008964,4.252217243457109
7.03515625,-2.2172511913540713,6.147326596431985,-6.526961480294125,-0.15743734137521548
7.0390625,-3.3694129089755456,2.9140332883696565,-7.033214114072269,-1.1875820891487487
7.04296875,-3.604692275837604,2.304969241247619,-4.167441193217546,-2.6882832400703762
7.046875,-6.921234608557244,-0.383324249137425,-1.4229177781738516,-7.22332346492475
7.05078125,-6.567359114898645,-4.155709470689085,1.4773934986412285,-8.649203861959048
7.0546875,-4.719295075968759,-5.056318827116158,0.7285131970271388,-7.033123777039117
7.05859375,-1.94953264377749,-4.983106363099947,4.17168613076037,-8.770556003911455
7.0625,-3.2809981197785874,-5.4514539468147465,3.897306349553883,-7.659208488852842
7.06640625,-2.214611295780121,-3.6460068095636906,3.5560218228501177,-7.100299696579279
7.0703125,-0.45539767536103426,-2.7335159734573358,2.061171936289999,-6.053437193366887
7.07421875,-4.275122658838056,-1.1827384899565936,0.08871693412832471,-4.10572056418751
7.078125,-1.8095935339015556,0.169295999679913,1.925933262698285,-3.7710502064704645
7.08203125,-3.163377254612377,1.2385129266872743,-1.3196087126095166,-2.2623671508678065
7.0859375,-2.1774206659923014,2.149113761848771,-0.4036599291187485,-4.918412634643477
7.08984375,-1.024675366082074,3.5428121090101903,-0.6684938225680714,-2.97777965137594
7.09375,-1.5108766768067154,1.4947178433811554,-0.1701966159423718,-0.8814698351753242
7.09765625,0.014048168233636193,2.536136761689022,0.34857565110879507,-2.0349969925813993
7.1015625,0.9033806240158427,0.784371931969412,-0.4263105689477257,-0.5264765019254634
7.10546875,2.488533790953624,0.7439422773133674,-0.29458104756639275,1.9273375795893153
7.109375,3.056755625146636,-0.602285687948124,-0.5145527668996923,2.778863189845307
7.11328125,4.39580591842545,0.9378280614084125,-0.3485062575693565,2.1921031182463295
7.1171875,3.1656890266630917,0.48054866841350635,-2.0305674045321953,5.04361106659362
7.12109375,0.36101366485721464,0.35963630270209207,-2.4665476277025284,5.917863346755673
7.125,1.009415996805813,-0.645968649816484,-4.3581703709922825,5.941804706531336
7.12890625,-2.2061576244447143,0.5959652267997774,-2.932290282951794,4.425793280969314
7.1328125,-4.361719461695498,-1.2351613186417945,-0.7082776558933577,5.4035863037856195
7.13671875,-5.512917971409049,-1.3809822093319912,-0.16738849768471625,0.7477417040512897
7.140625,-4.985968177726993,-1.6938299950120068,1.105415024715135,0.12718955477054522
7.14453125,-6.028388008117412,-6.391625162510382,2.645923963823418,-0.4166525814152675
7.1484375,-4.33456176909991,-6.104287113936297,7.174251557357812,-1.1051749558096289
7.15234375,-2.381903869798784,-8.711171377145734,6.532486414269376,-2.4796491227630453
7.15625,-1.638190173924439,-8.190937559813404,7.492060753527602,-3.0788481372419647
7.16015625,1.4081350678280848,-7.0051713116353405,6.785545521314347,-2.321977503350652
7.1640625,0.3945966940050035,-7.99401989798058,9.097483718367913,-2.653100609790019
7.16796875,-0.021363064637297757,-5.141806539794386,6.688787383518694,0.338862192506755
7.171875,2.2318690068821323,-3.530493369392184,4.30117969950763,1.8315402029816807
7.17578125,3.295472756079924,0.9592826446712092,4.202192417182207,2.5039285143939716
7.1796875,4.5122114462402605,2.4368550160298987,1.131150945399672,4.473904540744944
7.18359375,4.6729822662467555,4.7586453282161605,-1.3888750836358064,2.571011126893805
7.1875,4.033210356465105,6.155755429559692,-2.0872739194018575,1.6646830102481944
7.19140625,3.0458525421102927,5.157341169915284,-2.8433610471546826,2.8261489770410426
7.1953125,6.305648034202102,7.959527748349236,-1.8082750060038273,2.5529439578860336
7.19921875,5.785001035539398,6.7723031032416925,-2.738540309821784,1.5549541852817659
7.203125,4.8613219314870575,7.423818156382718,-3.581285925434475,4.190256886524118
7.20703125,7.4079322082192895,6.625787519596179,-4.5176193314428295,3.3010440984165172
7.2109375,7.3028201248221185,4.1726200333193155,-5.316187985879368,3.4738466662065517
7.21484375,6.800277762278692,6.441600349599232,-6.091312426248841,4.614670949807084
7.21875,3.2089018642192135,6.183421597921416,-7.676983232156314,3.270884386902608
7.22265625,0.2415274468381987,5.068374972992452,-7.97568919678708,3.946475185489722
7.2265625,-1.2374624116503554,4.768726241313645,-8.9290651432512,3.9963545084231837
7.23046875,-3.382951685089718,1.295921320884231,-8.177882898993827,1.6038293316693712
7.234375,-6.9145663669062865,4.113637627365106,-4.592301563009409,-0.6172367718911127
7.23828125,-6.193591928176461,2.2383320491011482,-3.4100834782386418,-2.626784596761487
7.2421875,-8.844791481314921,-0.7038737606447707,-3.1855627184103046,-4.054884909945108
7.24609375,-9.175257993994915,-3.469393451320548,0.7351825654641885,-7.592422088991245
7.25,-8.864327974914284,-3.3615262604012432,2.1594648902695055,-7.959967532833741
7.25390625,-7.712588045655421,-5.045021291618491,3.907853163326678,-8.56992653690865
7.2578125,-8.07545265620528,-8.367502907112335,7.225589934671628,-9.200175614806364
7.26171875,-5.01381757619963,-7.760364268362028,5.686399199608787,-8.756621276765879
7.265625,-1.912816573462179,-8.389867946373668,7.906635975141481,-8.4627293325539
7.26953125,-3.1192892851959257,-7.648334605303256,7.039198922886086,-5.672767271755537
7.2734375,-1.587688659747953,-3.8737474682864494,6.436282186607456,-2.8045049972782325
7.27734375,-1.8525966161757776,-2.8002919076603683,6.069560943913251,-1.3070188951097246
7.28125,-1.5235515272491154,-1.2086829877642442,5.297558701503789,-0.22942392039327708
7.28515625,-1.0643792997360717,0.06460308825672123,3.5141938151800467,0.08517659637189602
7.2890625,0.23128970327129952,-1.6589950729005292,3.755487913056965,1.4320572897061141
7.29296875,0.05259501799810806,1.8670368755615325,1.497126184782323,1.3699193309592959
7.296875,2.1360740734586323,0.19674779471138648,1.244594381070691,1.720933482900513
7.30078125,4.445839940226578,2.2694425022840727,0.29069619979778194,2.1630861318324683
7.3046875,6.858329266105809,0.6731230175678736,2.197360661183426,3.5211675347092415
7.30859375,5.926043260747326,0.45620685464865585,-0.7708797076373788,4.8862330970089225
7.3125,6.625391946481491,0.5923820227711062,-0.1231686034731927,6.833394237657372
7.31640625,5.324485909636307,0.7847017579876451,-1.7986802124538872,7.798758244285091
7.3203125,6.52439960589477,0.9599925758285748,-3.898446243882802,7.8067226385045565
7.32421875,3.041391833369081,1.8454042606306573,-3.5778395737972257,6.611284284900893
7.328125,1.6616015413148233,1.4718740741067606,-4.125026020494976,6.055092876417684
7.33203125,0.9981589226361631,3.1683315555402034,-3.530888898322715,6.385337376769549
7.3359375,-1.3552215064643753,1.3155307890086527,-2.109528975983539,1.9323965326144825
7.33984375,-3.299559493007963,1.370377924194886,-1.9730470248948808,1.0450352818039335
7.34375,-4.029628174289403,0.25417097312317694,0.9900325434385796,-2.2103943321977884
7.34765625,-4.809956870483566,-4.7357790078561095,2.340211797432244,-0.969425506701846
7.3515625,-2.4828770768604294,-5.1283240797857985,1.8607821853697515,-4.286903343908562
7.35546875,-0.566357532717636,-3.6461353197182875,5.237476157090189,-4.699551939652113
7.359375,-0.5661386024014908,-4.373440258498542,4.73671179223127,-4.4331077929708025
7.36328125,0.614656654368555,-4.869049755687774,5.51093597760248,-4.4366752384041
7.3671875,0.7787163744562233,-3.1137590999138447,3.406028353330958,-4.415038791959542
7.37109375,1.9219910426620552,-1.2700221331390935,1.3236101643638238,-2.870657148845536
7.375,1.9972671658122712,-0.16176768543124798,1.3946359603971115,-1.6036106115861843
7.37890625,1.127037728624317,1.6392699330209406,-2.4054342419950543,-3.728197424594799
7.3828125,1.496813427772532,5.201700969815271,-0.9908440886370717,-0.7181742097737157
7.38671875,2.216437881170595,6.822640318351917,-1.9459006115232036,0.395102574640521
7.390625,1.405151781234813,6.878803622674855,-1.9365195251498772,-2.505525303496203
7.39453125,1.8383067444364072,4.0635047277981995,-1.1212504563246988,-1.4536585053339632
7.3984375,2.189366724663965,5.596594111782851,-4.398346509358213,-0.39656994333484863
7.40234375,4.208586809205027,4.543207061977949,-1.5927575891951293,-1.4705786511742946
7.40625,4.290448333978006,4.386393893216125,-3.688145941858297,0.58875301831673
7.41015625,3.376162111090667,5.583553874204925,-1.8916464780374755,2.0991255788288123
7.4140625,3.859526319500194,3.8111874503096748,-5.515406473473305,1.1727143759237593
7.41796875,-0.9235810350560363,2.5144124252629947,-6.350836149630644,2.0745921559593423
7.421875,0.24448526098021606,1.0948051542606707,-6.570835344036409,1.0801327746568674
7.42578125,-1.7949873574618418,2.0205012221786722,-3.977567943097396,1.4880581489865716
7.4296875,-2.9883816884941483,-0.10621875212036169,-5.113048161729257,1.7693265734031358
7.43359375,-6.029677053585251,-0.17851933809872572,-4.692953055312657,0.0806293959879408
7.4375,-8.247655209794722,-2.3549662771485,-2.887899303451219,-3.292100240078491
7.44140625,-7.735477751162499,-2.3853088192647043,-0.3385263554316684,-5.321892199061452
7.4453125,-9.07593431891125,-6.98392258605115,2.3446794651186362,-4.307339946185754
7.44921875,-8.767461736027556,-6.462604081783581,4.636764056579181,-5.593183578190869
7.453125,-7.3775574529746395,-9.75942961959203,7.5324681859407185,-7.837119623319961
7.45703125,-3.232075678917668,-9.338408264183549,8.555865786145095,-5.71840253748355
7.4609375,-2.0071227191548218,-9.521190379501206,8.539563652894943,-5.385102129708103
7.46484375,-1.109692887606108,-9.002702488766799,8.010426800660246,-3.384474952086513
7.46875,0.557126950636996,-9.64134911269252,8.214596129953094,-0.9611279462608078
7.47265625,0.38512863029285177,-6.087861773592296,6.6426707440813475,-0.30677225894975124
7.4765625,1.5518218117416855,-4.212927605309725,6.092945883348057,0.925029920165112
7.48046875,1.1891921468396887,-1.6849031105207588,5.158281093995876,3.4475352454941204
7.484375,2.346397618441448,2.842965036714477,4.376710258466549,2.8223142384540747
7.48828125,1.6139369522611988,1.5856328631312437,2.6647090848194406,5.660651892055981
7.4921875,3.1567037129147923,4.336687818443321,0.7318435681181806,4.521133392168397
7.49609375,5.144528905680955,2.853790479422109,1.1158176068514252,5.512257890356178
7.5,5.938524620159033,3.861771032740113,1.670668648840758,3.6783814060228055
7.50390625,8.004526311867824,3.0265615600544717,-1.2085282548655294,4.9547837004568285
7.5078125,9.047449736212807,5.196658232612526,-1.3562665023716298,7.403192400868374
7.51171875,8.177380850580409,3.576540775009317,-2.2846777860153655,6.799834086339231
7.515625,7.8564369700459755,4.076137406972369,-5.728860238257286,7.984730644533648
7.51953125,6.552969257953566,5.688803637481043,-6.1288380128643425,10.515768520319158
7.5234375,5.098420915457305,3.8427569364656717,-7.005148750796113,7.150693653834747
7.52734375,1.2381802608569732,5.142446821062713,-8.407216079846965,5.9497595944088575
7.53125,1.0594132524450701,4.615035030101442,-6.12777771748154,6.114827000630108
7.53515625,-1.281348380478512,5.009646809106533,-7.172591792294436,0.566331537469946
7.5390625,-4.261739049953627,3.357836474177115,-5.501840275589214,0.019103369576226492
7.54296875,-5.080153604952817,1.3279250868991774,-3.055132396475842,-2.4739811105708713
7.546875,-3.7732407198349422,0.17234106987305198,0.613650710905969,-5.811121973433162
7.55078125,-7.8348844511527655,-3.2313385274169866,-0.27890968013385486,-7.039527638335653
7.5546875,-4.910014365450864,-4.666293512553884,3.412757393047438,-7.934448702158714
7.55859375,-2.824329470321526,-4.991912854205781,4.241786540024503,-9.814298654793504
7.5625,-2.5746836546129876,-4.873314183814427,2.8003992155394584,-7.125420977594797
7.56640625,-3.37166467935832,-4.64105202074485,5.156716102277843,-7.159515901957694
7.5703125,-0.8417942469521715,-2.483833784930194,1.706348329186185,-6.366638909839693
7.57421875,-1.903870311518025,-2.1866764691760836,0.9223567338370118,-5.199316525692284
7.578125,-0.8800992426549921,0.2057122213882286,-0.2511630672004399,-4.3588487952576775
7.58203125,-1.0404397275504893,1.460570996812006,-1.0853488031293326,-2.488801979148497
7.5859375,-0.7627009087925445,2.15168697815453,-1.621555445472925,-1.5042161364579374
7.58984375,-1.8197693049396237,4.0396498325106585,-0.22091074584628018,-1.259490453748614
7.59375,-0.39761549007349684,4.300393986424838,0.3156876335076,-1.2027652603726071
7.59765625,-0.4308939913206924,1.442225009466002,-0.8409688493259038,0.31647498348769165
7.6015625,2.5196912992985125,4.0778818420527525,-1.5687850994988009,-1.430002746785375
7.60546875,2.563300281180201,0.2734664861676279,0.7067480327043645,1.950606852790416
7.609375,3.6243486147201933,0.19493005494767834,0.007832053013136386,1.8978689611664057
7.61328125,2.787725208927192,-0.5158415894082887,-1.7666132577418303,2.706016309544426
7.6171875,3.6629273648363783,-0.7626901315455364,-0.5573226941591805,5.003442449682343
7.62109375,2.6721660738767965,-1.7897713418510968,-3.7537778877440884,3.6771666436608914
7.625,-0.9053542250348248,-1.2000643958858417,-1.9475027737303496,4.9667419781502335
7.62890625,-2.9521478840635615,0.46967918012538823,-2.9896270022077336,5.645430872552904
7.6328125,-5.981786411080417,-1.0449454066459687,0.9233395868370211,2.033390191714273
7.63671875,-4.64703971186733,-0.7400927020310417,1.4092487919335697,2.0928294338540767
7.640625,-6.102483890305509,-3.8884067688091966,1.02483422843921,0.5273189576461303
7.64453125,-4.363155684121458,-2.5007270200029814,1.675682780237885,-0.8524472036664732
7.6484375,-5.1422070452725634,-6.33455071462486,4.772825310480032,-3.129808185320078
7.65234375,-2.5714362624488913,-6.23093476345553,4.663664105524282,-4.7192761476227005
7.65625,-2.807930524910995,-7.975671395427215,7.212541232265129,-5.871875199489509
7.66015625,1.4150278380051402,-7.429703784422164,9.418001253527638,-2.7751207188213804
7.6640625,0.9980374838326366,-6.425693636303725,7.411113719668863,-0.7763546709307514
7.66796875,1.5161131917128907,-4.1156626199014354,5.851049611761572,-1.3146526468943858
7.671875,3.6216076944140076,-2.8153843257382833,3.320814691848468,0.5486834256106926
7.67578125,2.9486228377364183,-0.28728619617725404,4.305017706288398,4.258920120692499
7.6796875,5.211876315495899,2.260402757232943,1.8211136310278404,1.9008511383157718
7.68359375,4.846395514505923,4.860192279592707,-0.3499771688510238,1.8095765218262079
7.6875,2.350827727970808,5.523182296288307,0.7938240759427901,2.820831404986356
7.69140625,4.790229221276253,6.016984456437465,-3.3051980674823036,2.1435467974911093
7.6953125,4.906008931596803,5.189253794134859,-1.9461370786968608,3.4232225700258403
7.69921875,5.561000193616191,6.285547493537753,-4.873617745433917,3.002329896864368
7.703125,7.413594706740068,6.288721435968765,-4.733725532029455,2.2403944089914605
7.70703125,5.647631279945543,4.82589045025022,-2.7892275087013005,4.882921692052987
7.7109375,5.599166653236536,7.738792277810396,-6.853196236438057,3.857259559377816
7.71484375,4.898532325796552,5.463903408691349,-5.940448469859745,2.4085435698674686
7.71875,4.335013540138538,4.89315838403203,-7.942744026051836,2.866885575062875
7.72265625,3.164507074817717,4.948876715277111,-7.163342581648383,3.6201014521456294
7.7265625,-0.507512343606961,4.620495830701268,-7.991490668626002,3.3795468333738414
7.73046875,-1.5667321519141735,3.7389856631211957,-9.28314683404264,1.9432040182775858
7.734375,-7.569286109899414,2.9662355156003137,-6.718205430502363,-1.0042299878092176
7.73828125,-5.63044684102086,3.2824433163875932,-6.223149103777159,-3.071434954775314
7.7421875,-8.374095450050987,1.074839929737911,-3.609203886429357,-6.188643681401627
7.74609375,-6.428880138439716,-3.4143189232442595,-0.6188128766782983,-6.074064349916034
7.75,-8.529336031636838,-3.8678915519138806,0.4669298627512728,-9.100548631702823
7.75390625,-6.7258047216863375,-7.289150379679538,4.7837100244029465,-9.274996971632023
7.7578125,-5.954066422131168,-7.57611076246292,3.460127044551686,-9.384468776598387
7.76171875,-3.6905967591317754,-8.355685270023033,5.668181958135114,-9.05414508847083
7.765625,-4.794154767905498,-6.573614004502153,8.111932612104225,-6.231573929123536
7.76953125,-3.7307554841957953,-6.635027268556209,6.363127347428916,-5.064763767864417
7.7734375,-2.0793707651107374,-4.643287276131704,4.32783657848793,-4.529263260808052
7.77734375,-1.7895608566139038,-4.090551297450093,3.1850543229703887,-1.8071684778164236
7.78125,-2.0658707212299388,0.7595760703433405,3.1539113825181686,-0.6933901526112934
7.78515625,-0.6491720694996244,-0.403888496193183,2.2532439000913635,-0.41737094408733844
7.7890625,-0.31657443099553995,0.7043563541742487,1.035839362125082,2.492055262771297
7.79296875,2.2846361847295915,-0.7869174123681246,1.1302187425098233,1.407171893938681
7.796875,3.39141375835879,0.7218068169553111,0.1521677274685116,4.673283228257523
7.80078125,3.893682656922625,0.181215708082607,0.9859433163568019,2.91539873273471
7.8046875,4.679890659613873,0.5682724635532264,1.1082414755956507,2.3292599151094224
7.80859375,7.508711303444665,-0.4218674932581692,-0.018389611250174465,7.1607856645403585
7.8125,5.955785783399478,0.11422432954181327,-0.2424763902622853,4.647225164569635
7.81640625,7.6305978312639855,1.9064745039131579,-1.5544197223703229,7.537250160888166
7.8203125,6.448965537876571,1.1492690933860623,-2.7253396156632217,7.84209152868468
7.82421875,4.299652292014319,3.0348117812588065,-2.150101575972509,8.644204454109524
7.828125,1.775393093331696,3.204138489369126,-4.111753190644467,7.880998155243791
7.83203125,1.4383760319204364,3.0978221634451746,-2.118683082613079,3.5907435262974614
7.8359375,-0.29552247658494735,1.3044837265495643,-3.4399654414384897,4.024750003623293
7.83984375,-3.7283153497938235,0.4128903749639571,-1.285921354797551,1.819739476575131
7.84375,-2.6165465148613296,-1.2614389895914178,0.8024888902644741,0.04585388401446455
7.84765625,-2.40015413694366,-1.7806971424755305,2.304838127399107,-2.087677660217338
7.8515625,-2.045340777475406,-4.369372918276803,4.134872386053688,-4.805945779498806
7.85546875,-0.3434449592090323,-4.648095504656574,5.603292345454761,-5.139746574074915
7.859375,0.6963169830539009,-4.668623821323012,5.516495828999571,-4.243422611653613
7.86328125,1.3135778442875292,-1.3455653044953464,3.9073867307670254,-3.755850161625401
7.8671875,-0.8097386043906796,-3.2024273706578117,1.763893249667585,-3.1945565170356844
7.87109375,1.5145114278045964,-0.3815915028043022,1.4023149946570403,-2.3389008025523594
7.875,1.4457879608436903,1.207201895203345,2.2229122381385755,-1.2965668557982843
7.87890625,0.3612708670025242,3.552227801402086,0.055743882130677935,-1.4956020406981683
7.8828125,-1.0387370998412535,4.464053405978477,-0.4221865035603094,-1.364177700182258
7.88671875,-0.06836325081364603,4.215312175548008,-3.5855020502079507,-2.8681975968000644
7.890625,1.6669460353596235,7.819654730359511,-4.470697781815382,-0.9488381494795403
7.89453125,1.299153577462889,5.355101230398006,-2.879869796283548,0.2408448452010743
7.8984375,0.7447085055415035,8.03788214824668,-3.3177576964742426,-0.9460036468034116
7.90234375,1.7333846217984918,5.656533738348057,-3.986738298536456,-1.7920410952512549
7.90625,2.6956975961152625,5.3533526317503615,-4.688123033940241,0.3894116591230997
7.91015625,3.702404300828415,4.002057703408476,-4.216798905595308,2.4731535575169823
7.9140625,2.5859613016191036,2.8352381625397833,-4.4676364139976155,2.748357707977443
7.91796875,1.1730958998755896,3.6104836210139646,-6.4484020211259505,1.8221652404267936
7.921875,-1.6969956080963975,2.3302206377646755,-8.437895833366964,3.277774948157886
7.92578125,-2.064302014715927,2.8354559586321226,-6.124343870486927,2.489037061590316
7.9296875,-2.6580436217009487,-0.3312313696037197,-4.3026870656400735,0.22235513543223107
7.93359375,-4.794664366964137,0.1549060097749806,-2.8037696373297463,0.5437843906994179
7.9375,-8.436578106501639,-1.3273274110118845,-1.8290277085079474,-0.7591284327027898
7.94140625,-8.186095178170183,-3.170461825056132,1.380862236791154,-3.4739404894016177
7.9453125,-9.42598698029289,-6.644509084441189,4.461667165630356,-4.701864134736733
7.94921875,-9.032851561252869,-6.934240374232962,3.7047528312193654,-5.3370570186181485
7.953125,-6.348271486048958,-9.310714935949397,7.967968965587205,-5.879275946452352
7.95703125,-5.436238038391701,-9.197816467340855,8.301287326662134,-7.291960541444986
7.9609375,-3.184127103332269,-8.848716732332065,7.418650965366651,-5.925004432048715
7.96484375,-2.093212271107685,-10.314326230747062,9.859481587648235,-3.9624507029077494
7.96875,-0.38553228283516766,-7.259847922135986,6.663881652646422,-3.036705005304052
7.97265625,0.29612396364532184,-5.083666792734122,6.51712414190906,0.15273283012398542
7.9765625,1.561521055672462,-2.734205316827523,4.104193642063493,0.4205947060719759
7.98046875,2.1910168289713545,-3.550199681402172,5.178210717761624,3.070551593575993
7.984375,2.3291303710191427,-0.28028138731878205,3.7128013208707813,4.202805482483657
7.98828125,4.146300083809504,1.900677533432591,1.575235851295925,4.690437899003221
7.9921875,4.695114720514559,3.9854282596599044,1.3409562576339442,2.3701926712341272
7.99609375,6.918676412713614,2.750810712659331,2.8294345025128154,6.471155924238721
8.0,6.642412748812394,2.878529157394845,0.26279252233458217,5.728805864973108
8.00390625,6.744179238133425,4.768346596009279,-0.3234191142429056,4.77249294917852
8.0078125,7.241590473595403,3.6769538659953374,-1.5955645648334402,7.0202538986012595
8.01171875,6.881926581495705,3.488230832967628,-3.2065224464515474,7.189384813674498
8.015625,8.6591970466863,2.198420723910669,-4.748980780677722,8.388377037217879
8.01953125,6.5988484978968165,3.5062824451146684,-4.931420091138266,7.079797133685456
8.0234375,4.852253889984196,5.368021909465005,-6.723255598161772,8.131420102533834
8.02734375,1.1192392370295492,5.3176395398544765,-7.5774233732429,5.271160433328032
8.03125,-0.07498589427407687,4.51437829003202,-7.002172166983816,4.560325867983273
8.03515625,-2.789277503561395,3.4056075742340663,-6.029630960515029,3.7538289748374076
8.0390625,-4.661906349461467,3.3627695653557925,-4.0871331355341205,2.1788020969675688
8.04296875,-7.651969365595004,0.8011828481572341,-3.3492910255510266,-2.9143618919510708
8.046875,-2.200804656946971,0.12203394910229504,-1.4685390538297047,-7.084439752690917
8.05078125,-5.924712407483504,-1.6915336281886835,-1.546351535600289,-7.875851438732272
8.0546875,-5.47577629952554,-4.435543230030113,2.3384549846254195,-6.240034474284999
8.05859375,-4.24193679241863,-4.0378015895155395,2.494942019587741,-8.632167933164736
8.0625,-4.697701329777093,-5.6196202824222,2.8151052160406627,-7.065182904799953
8.06640625,-1.4253382196920086,-4.2265046528564305,4.160717974958307,-8.018214977165021
8.0703125,-1.753670353302963,-2.058235779660089,3.5229780879013934,-5.955103739408688
8.07421875,-1.681529390285335,-0.7733883908758661,2.4770117444883097,-5.13980382752235
8.078125,-1.8606536285794797,-0.8690201628339205,-0.7606650865306153,-2.6258603680001977
8.08203125,0.39932265065757955,2.5385683436799638,3.731836058269561,-2.2929730018393264
8.0859375,-1.8170879497433094,3.0810596385254363,-0.5621834067662431,-3.580352141705366
8.08984375,-0.9353495504823237,1.7109584266035196,-0.6521202520406724,-0.16021012911288657
8.09375,0.47050051344966104,1.117522739631597,-0.8310976228707616,-1.1487935377478347
8.09765625,0.7890196072422384,1.8068435170865031,0.9832537349753154,0.6647277745162645
8.1015625,0.2698038012988544,3.0525386036745488,-1.9634146259366725,-0.024833617043743886
8.10546875,3.051666883664173,-0.33540280767011876,0.5290427174390042,0.39354731766263573
8.109375,2.6393946051619883,-0.005038208371247133,-0.8756556579562625,2.0023174697379167
8.11328125,3.370684468078105,0.5887372854051701,-1.6617834137096803,3.941592368094216
8.1171875,2.765630663222811,-0.7748773104483635,-1.1125042715584064,4.296812631227265
8.12109375,2.6107544855282874,0.2713631605092518,-0.009554956994906494,7.637209473526417
8.125,-2.0994158576266315,0.8399298874622296,-3.44234821166169,6.404290050318852
8.12890625,-1.4907636199442689,0.5853660763063105,-1.5542413806759023,4.81291462503835
8.1328125,-4.549343578202014,-1.6404948071220908,-1.5073060597698247,3.0136982243112422
8.13671875,-4.43422784174377,-1.1087936190994336,1.0182400719088323,2.0962180796515937
8.140625,-6.440816337934666,-3.6964071919987433,1.0235168178489917,-0.7959569463692941
8.14453125,-4.999863715137374,-3.613479825971317,4.723974240950029,-1.7599081832525738
8.1484375,-2.456629417462373,-6.978048010649353,5.52461871073204,-1.9565979381138237
8.15234375,-2.3243762817126643,-6.654082421808603,7.520038167834926,-2.9770287343260744
8.15625,-2.1029188997292243,-8.496279222284201,6.837784863408195,-4.160273667242361
8.16015625,1.1708285746722584,-9.305206897306523,6.6643344807394485,-0.2350929180767487
8.1640625,1.7741217874931148,-6.752725470989579,7.4751480897055,-0.5645917209348852
8.16796875,2.286859619986585,-4.583238880821392,5.7606618286952616,-1.6928698353181537
8.171875,4.811246513829998,-3.674284796160645,5.135630266056301,-0.8430852295253359
8.17578125,2.4694343251754614,0.38645073021099907,2.864287035119807,2.1913026592104834
8.1796875,3.0233129272709425,2.7379772129513116,0.1353500944920012,4.3709516382974485
8.18359375,3.264640338411532,3.123802258612852,-0.619668502361316,4.363302683901449
8.1875,4.513621986737506,4.918623490660555,-1.9061012456786814,3.611121008647352
8.19140625,4.924415325454973,6.02638698236547,-3.3272753613405355,3.0873974155150523
8.1953125,5.817050875984166,5.578762495331119,-2.7704303578251253,3.2532552658177867
8.19921875,6.49728042742872,8.016674909304411,-4.065293478520967,2.96061480948162
8.203125,7.41812587941082,5.559863349576399,-3.3728088471039017,1.5513166350965948
8.20703125,7.705999423215876,4.372281488903655,-7.2566925671109725,2.9027285446635873
8.2109375,5.653926357928916,6.697411724014708,-4.999874589154432,3.1493134964114535
8.21484375,5.60215790627894,6.140007494374173,-8.166021121666262,3.5815297296167765
8.21875,4.277254662013328,6.096426331631568,-7.0904075876637,4.832514784393221
8.22265625,1.7660674600102229,5.881851673698176,-8.043544487955328,3.13956253041146
8.2265625,0.18575514301749185,5.213697051370217,-9.10987166930652,3.6828406342932394
8.23046875,-1.4153977272541047,3.4193374020124243,-7.275477519174754,1.6043778671055657
8.234375,-4.212624038813473,3.7174193812397873,-6.244077514407207,-0.5092436169576302
8.23828125,-7.261586284260643,1.2826278744411537,-5.623597390851045,-2.461620402786048
8.2421875,-8.540102652849836,-1.0631181047300617,-1.5517852730521464,-4.231693466599794
8.24609375,-10.498122268665044,-1.2648336875382538,-0.5904485357385707,-8.322381755907179
8.25,-7.925746013175199,-4.950718145589512,2.1407447772570265,-8.575077339157998
8.25390625,-7.88514256022528,-7.1911920055943055,3.0159765287723275,-8.704868219060474
8.2578125,-7.2562919946094855,-7.696726045294744,2.6994470437861104,-9.966852240901114
8.26171875,-4.056747419177953,-8.603818010744504,6.5730970583246995,-8.447987535093201
8.265625,-5.5439588263576365,-7.346934955722112,6.853234473271214,-6.631905360981678
8.26953125,-1.8772883795637116,-7.320907572250676,5.79529167899099,-6.027437728706353
8.2734375,-1.313372298792292,-3.1429601779587744,3.818112803290955,-4.114764344122765
8.27734375,-1.7824702056367743,-1.4782412050925615,3.1804960505107753,-1.71983514966889
8.28125,-3.2275811338947777,0.800986821076257,2.4190430828198584,-0.4738955103318076
8.28515625,0.6235539852451752,0.36334526569000436,4.143556505145933,-1.0974606701236709
8.2890625,0.5455660204471983,0.6216320673971999,1.9077853512371488,3.2960942471978734
8.29296875,2.3372736958999103,0.5035222680012911,2.819836696439626,1.3703981461962482
8.296875,2.7035346062787906,0.5554643669057701,2.251603704773987,3.734109978544077
8.30078125,3.3620374953257532,1.8958520122250855,1.2689074935652087,2.343321643004865
8.3046875,5.77405976728208,1.5164148947770602,1.4994411018973635,3.8142634081456785
8.30859375,4.9148650280043675,0.7777442407569136,1.4084209495068511,5.5425158249593816
8.3125,7.262819587798332,1.4981597517892762,-0.8552042892597171,7.395729778235111
8.31640625,8.37380679618381,1.375625529836481,-1.3629506667975098,7.013475715386146
8.3203125,3.8578346375568873,1.5654166732519965,-2.6271712185837828,6.784230340373643
8.32421875,4.447510437076267,1.3876379865720812,-2.31152423874118,7.5796230074912625
8.328125,1.5380846338490828,1.7196545243530166,-1.7507037559181664,7.481777302472793
8.33203125,1.1552168201113275,0.8468786475268768,-5.13107028605947,6.097401906563316
8.3359375,-1.464216107154075,0.025741503942624977,-4.136794513416775,5.012701597180281
8.33984375,-3.0709991675039445,-1.1959028889759877,-1.480863613155352,2.4876297580943594
8.34375,-3.7967492687644,0.8452247038327878,-1.2543288555084977,-0.43539896918299803
8.34765625,-3.322092459064626,-2.0439381545761983,2.7529081595106097,-1.8267221056510055
8.3515625,-2.1332405413952205,-3.67692188049156,4.364558940826267,-4.976555845602736
8.35546875,-2.228845605064533,-4.565155362195678,4.118103983360136,-5.095539506303688
8.359375,0.44897382521280316,-3.784165514720217,3.1114544476096686,-4.687951863134375
8.36328125,1.3807556916891857,-3.4710480125269405,5.587817849299087,-2.583813441717401
8.3671875,2.4563654675540696,-1.4084658107017953,2.886873759513899,-2.2068286003482953
8.37109375,0.6174971607875019,-0.5019332359071149,2.4870806494368076,-1.4807064674574097
8.375,3.174226072970634,0.23808056350533002,0.5859199350387074,-4.382679389404904
8.37890625,1.7373422000384706,2.598405405536333,-1.3530741311862777,-1.0692173233204663
8.3828125,1.5967582093811377,4.5068043542645695,-1.8971337014606615,-0.16631907637438736
8.38671875,0.9835949886004804,5.818826479919152,-2.3056217156751586,-1.705180148145856
8.390625,1.0831323797712908,5.480205092106169,-1.8048631494224447,0.12975430257318843
8.39453125,-0.1973232765668056,7.0465824048184835,-3.929136739039433,-3.1386902759693562
8.3984375,2.350777425943003,5.381110338368941,-1.7963239688112038,-1.2849302255843469
8.40234375,3.437068104815687,5.074770264914346,-5.109039352861003,-2.8295732873119235
8.40625,4.79601510227395,3.9404629739477937,-3.4785265974251436,-1.1067551243505995
8.41015625,2.762100815707757,3.9609937040726426,-3.632600361453119,1.4566450356443985
8.4140625,1.552122538178783,2.8989805475093533,-5.166970260495487,1.979505161618173
8.41796875,1.8649786416836538,2.7656091516322947,-7.109973965605032,2.280212147021077
8.421875,0.11793760909343981,1.8580836294060723,-6.819962229213881,2.4788342461701838
8.42578125,-3.1231761252433365,1.4455887665050449,-6.387403410151551,2.002999860626826
8.4296875,-4.8226395556648205,1.8169083929445051,-5.705710664875064,1.4457678568003094
8.43359375,-6.713894236203917,0.46185609564858066,-2.49207151090339,0.11940459382806165
8.4375,-5.5729045827187065,-1.5539220686574382,-2.39541060550029,-1.7469823448151633
8.44140625,-7.878142456526429,-3.8722644530804082,1.8144013825953558,-4.159816855042754
8.4453125,-8.907413677921594,-5.659730767956241,4.636786928059529,-5.086616770439828
8.44921875,-7.861883655993893,-7.864354953228854,2.955248796467108,-6.195418155948797
8.453125,-4.56359179040132,-7.080115268147046,7.479835748502614,-5.707630561813538
8.45703125,-5.062865583170749,-10.118189729467758,8.314436158326977,-7.440543224774898
8.4609375,-1.6006327936827076,-10.08936589177118,9.458139078540459,-5.395334246493982
8.46484375,-0.6123356806024536,-10.068947260126636,9.44450494962952,-2.5402313475019946
8.46875,-0.4992658542997704,-8.44123697201069,6.918621841281741,-2.9631779831115628
8.47265625,-0.2065775037434946,-6.091249075610552,8.64090439757247,0.5400753331760187
8.4765625,2.3764172069774276,-2.3870245919345487,7.060449095294623,1.4453539433056846
8.48046875,1.7050229788708318,-1.15916948478368,3.0437923289458952,2.551165598256066
8.484375,2.9204904884970455,0.09852813962415685,3.328203502041941,1.0974883246594198
8.48828125,3.098728162700236,-0.04751608817726716,2.0877067387433135,3.3818106671341557
8.4921875,5.0584787861745895,3.6618303100314797,1.6110731139583665,3.691617548252542
8.49609375,6.135446532179388,2.470442347429646,1.2686799478415185,4.846573953118364
8.5,6.26259417676289,1.3895091757539353,-1.32287978725931,3.1353925918844583
8.50390625,7.656979491620558,4.970822919367287,-2.732923881447358,3.961503830889952
8.5078125,9.44170038751104,3.7092810657547997,-2.1621623031258377,7.299727642704275
8.51171875,9.138281653036415,4.8328497482723485,-4.035744840850067,8.101498994528509
8.515625,9.309413396133689,5.689030046659193,-3.962316754730891,6.929815940978778
8.51953125,6.138368839871155,3.787120928152374,-3.9191744763549794,7.800098317810719
8.5234375,6.64473455109818,4.8806880204721015,-5.772458371038754,8.65545416501681
8.52734375,2.219710163660654,5.315390779377866,-7.782503597666855,8.41123669100045
8.53125,-0.7418571309795593,4.795625768082752,-8.128967448731538,6.259535779030096
8.53515625,-3.1998075764076286,3.5204611204071927,-7.4229510494869775,2.711112249725962
8.5390625,-4.114306840436234,3.4443980064112694,-5.274859503573796,-0.7292450751316083
8.54296875,-5.767870015693377,2.0035196173540073,-3.538528275165434,-5.2596014920887235
8.546875,-4.558417894633668,0.40517133754919044,-1.2726926418661706,-3.19092020456648
8.55078125,-5.635320095266452,-2.086749179939629,1.309836300228815,-7.621710559092043
8.5546875,-5.243108061313081,-3.9918881573132623,3.7348067429553664,-8.467363130847048
8.55859375,-2.856706581305616,-5.392391241802388,4.313756264661366,-8.063648275294877
8.5625,-3.091880169604555,-5.57372214529918,4.825848056446947,-7.414522944540899
8.56640625,-1.3673311703522808,-2.0290747194368297,4.474831296283741,-6.46573297728497
8.5703125,-0.8273600867849993,-1.8794517805382318,1.7404680413698612,-3.9306757670159636
8.57421875,-1.157947898324111,-1.899097948954096,1.961468555706442,-4.011874853106988
8.578125,-1.9312967146921425,-0.9824973654457175,0.06768139271981455,-3.568921932895284
8.58203125,-3.2990799844736225,1.840083217903286,-1.0223201448170824,-4.190734010417536
8.5859375,-0.9885176703134531,0.822334438609508,0.1243981443196065,-2.110841158543759
8.58984375,-0.7112803160443044,0.9443748092576891,0.4087619395182108,-1.9250270974590353
8.59375,0.012134197484511389,4.122048488853013,0.0469532454176349,-3.6549933020381307
8.59765625,0.5712578266763148,1.293259833078058,0.5752506148603324,-0.6007681285646854
8.6015625,0.47896567303089954,2.1417379221503907,-0.4421343819808838,-2.564343711828662
8.60546875,1.5954886575316718,2.1778460876255896,-0.4974665192982527,1.1527760332857453
8.609375,3.8705529607472418,0.740249661121329,0.7456782113773515,2.0789833951592205
8.61328125,1.5817098397031395,-1.6450263888958812,-0.22351764106279748,3.21190922853747
8.6171875,3.5005044200390074,0.40492441010758395,-2.2209536107146426,5.327611648383058
8.62109375,1.7896154359110183,0.6850395184935052,-2.6898472249243683,5.56165509322281
8.625,-2.5376242951232992,1.9501309621482261,-2.619140688146382,5.8757735882832804
8.62890625,-0.4855166264709856,-1.2185631296150188,-3.3053556722365167,4.652350047289989
8.6328125,-2.5120366615697804,-0.5719902141713269,-4.280042502732261,5.033145355554693
8.63671875,-3.913516348748554,-1.6432173166125266,-1.9246420722534099,1.8636401773585332
8.640625,-6.566280704991742,-3.265256477747512,-0.6860256401295874,-1.0379149234453184
8.64453125,-5.502837420184321,-3.80553092795229,3.6154224174100094,-1.8097309765664487
8.6484375,-5.478761203583448,-8.292921330355426,5.8726607588090936,-4.311909665379137
8.65234375,-2.702761755261636,-7.161442288049204,6.380015444814026,-3.673128794802432
8.65625,-2.1466767360988723,-7.8024587870922675,8.946544240294612,-2.4625383860340184
8.66015625,-0.5831596384804923,-8.421893143219535,9.638879649375788,-2.5474484812340474
8.6640625,1.0179587987449061,-7.130419344034435,8.994961031907756,-3.5867659738622537
8.66796875,1.801486670481139,-3.6083785531790933,6.555850868026695,-1.6671304510935596
8.671875,2.9107144700490584,-2.8772816149758285,3.808916759243966,-0.04611910118763751
8.67578125,1.1839622708096704,0.38310761876466937,2.3770527807931447,0.9190039789607973
8.6796875,3.736677168839204,2.30347813720274,2.891825416722006,3.0968567310845003
8.68359375,3.0930155408820634,4.893418049116273,-0.39239299709093245,0.8734811538676317
8.6875,4.236154572701876,4.9770394090922165,-0.6975411599482889,2.275986740774763
8.69140625,5.551868056975362,4.766971362156061,-0.8307675906895222,1.489538796742192
8.6953125,5.948141390053798,7.430255059972985,-2.585399506070158,3.603633613270894
8.69921875,4.864490815554219,6.8354609672484266,-3.3611594454443052,3.479057884447193
8.703125,5.337771737846069,7.694543650816989,-2.8303308479718075,4.964316710916416
8.70703125,7.886689204205889,5.279641215119007,-4.987393571576793,3.78998022519297
8.7109375,7.087537276547678,5.762916406153362,-5.124491649596242,4.287660044274708
8.71484375,5.650784533913108,6.683961532543942,-5.15707672545002,3.961938727493677
8.71875,3.614134167895066,6.371617453168019,-7.524434142169894,2.740679582088564
8.72265625,0.9880996455519299,5.638664195377225,-9.022030360191417,3.5648980092822597
8.7265625,0.27536101397577506,4.754898538968978,-7.815468198209624,3.7546063129838276
8.73046875,-3.3628137248651604,5.732155559193215,-8.61572156233401,2.2568318762673503
8.734375,-5.134890411093899,2.274527116895738,-6.958354323014498,-0.2032398794023168
8.73828125,-7.5360436179151495,2.5900606637060104,-6.485679868113593,-3.025887188568936
8.7421875,-8.832944571051838,-1.0649642487277138,-4.633473821934782,-6.549008562523431
8.74609375,-8.342124441347904,-3.8517681340883874,-1.8020472610741567,-7.929972461557506
8.75,-9.421192116112639,-4.915977322588957,2.7966064680298666,-9.053509356417807
8.75390625,-7.560457516500299,-6.998233579673304,3.0247867459808906,-8.919216854785637
8.7578125,-6.049129483119706,-6.473211167974442,5.237267609880495,-8.91120939755471
8.76171875,-4.453072431489835,-6.9990708122023015,8.318031887543915,-9.606856063479258
8.765625,-5.133525924526758,-8.631424842337282,5.38711146448747,-6.262272963723352
8.76953125,-4.422973558016795,-3.9794234597112124,5.197985002060425,-5.455821713886408
8.7734375,-2.086255045790615,-4.656762543658341,4.327975881821585,-2.978147023609618
8.77734375,-2.1949095973257866,-5.5661673542771375,2.858305974704802,-1.1624055296320224
8.78125,-1.856055910432105,-0.28961165447811044,2.277504506235938,-1.4949639313585044
8.78515625,-1.3148292236317798,1.274852031636972,1.2063302989004256,0.025643656222821026
8.7890625,0.7752316147193218,0.7720556343846317,1.4022867245868271,1.1798518415375279
8.79296875,1.8095960374694375,1.844157967982123,2.73493374130558,1.4093895107273209
8.796875,1.2570272681965657,0.580309597149502,1.54818602481303,2.5214834765467957
8.80078125,4.001713367667505,0.8545130489422381,0.9642200829131142,2.7304692930725443
8.8046875,4.794948968249141,-0.45120407035222043,3.770067070425224,5.622696749988459
8.80859375,8.577219360959692,0.2670705105889251,1.1085691927145125,6.052546111355416
8.8125,5.762830619845566,1.5936645398095604,0.32316211888127877,6.495130070464349
8.81640625,7.3597786004668295,3.1454075924516394,-1.042508860986608,5.9743553689946935
8.8203125,6.509067383131699,-0.16830867302866737,-3.76471574052481,8.848416609835692
8.82421875,4.872317796032203,1.9680456845731855,-3.769728704809716,7.191559631497996
8.828125,1.5784346806124776,1.5703521874262252,-3.603464380650777,7.2097515560429875
8.83203125,-1.373707030471133,1.1485643789187807,-4.759007890063907,6.046700347363948
8.8359375,-1.8716348169073025,2.4779856112441268,-4.611322892038156,2.6024100843925444
8.83984375,-1.4571497596264933,0.17776902389446342,-1.6358961993455448,1.722674884376206
8.84375,-5.992713583735997,-1.1790280424990542,-1.9802746998321696,-1.9496850407442645
8.84765625,-2.9073554766649026,-2.5673580025793266,3.5750278106586606,-1.69837735566224
8.8515625,-2.1326451022417796,-4.460485269858065,2.303792383299598,-3.9160958602527094
8.85546875,-2.606700936126942,-5.677735124697186,4.857608018982985,-6.726933420412719
8.859375,-0.372606681836553,-4.99852570938827,4.455739033765321,-6.1939600516925655
8.86328125,-1.1779028196372896,-4.839584932247147,3.6571896507556714,-1.7987033948946483
8.8671875,1.4864422338425887,-2.514460483111721,4.896223312527573,-3.053978087683796
8.87109375,1.2895796484608344,-0.3258540650518976,3.067486164488815,-2.576466197331947
8.875,2.1251038797109736,0.7287338732226589,-0.7276977253542767,-2.0328665910553587
8.87890625,2.630536495305952,4.311301080694578,0.8822061827251471,0.9858184679885125
8.8828125,1.7665572249667056,5.3953867373776845,-2.1413339983905333,-1.9181377971406934
8.88671875,1.0000069323658627,4.95471733668521,-1.6599178889675426,0.597893093695939
8.890625,1.5320115348960268,4.495835594032047,-3.23853274055927,-0.5017739242815475
8.89453125,-1.5925396358207062,5.3495018868762525,-2.7744082993531536,-0.18169994564110936
8.8984375,2.3514142884017195,6.07075254829243,-3.552663282112828,-3.5269855021763536
8.90234375,3.7386511405962297,3.9418407524487895,-3.3560825057312353,-0.19255890521267333
8.90625,4.586816902504424,5.70233957750622,-5.318198319887289,-0.20735515424249013
8.91015625,3.0659308768838422,3.6278919147264084,-3.7927313000111935,-0.24689550238671765
8.9140625,3.0762469190922395,2.496662299384293,-5.2075187666309555,3.3434246093651883
8.91796875,1.468244553633751,3.070111312875416,-5.790400467762827,0.9980186491979215
8.921875,0.1526054988659435,2.172334067759087,-5.388161119851635,2.3482942677752465
8.92578125,-3.0175301150526925,2.1092779863157656,-5.58608736483655,1.6679394748995002
8.9296875,-2.639767162541122,1.5424066793599271,-4.846891687244276,1.7498107407911077
8.93359375,-5.857883117901583,-0.7877381585906613,-4.759819195601473,-0.8566053681348593
8.9375,-7.916535803684449,-2.3805794224012042,-0.6139142301151448,-2.060228556522063
8.94140625,-8.48080283814718,-3.2305153561906037,0.4229417468982196,-2.108834257071571
8.9453125,-9.802568499602806,-5.196391840910907,2.3514563320198993,-5.810443849217604
8.94921875,-7.858783411261517,-5.6381898296249835,6.403839548888091,-5.076334532793661
8.953125,-5.694240829391575,-8.707965501260603,8.18532850041537,-5.932713131373799
8.95703125,-4.607916795307696,-9.830107384866702,8.70715000363671,-4.367394456505415
8.9609375,-2.603500240921238,-10.967494732577565,8.424762929285066,-5.2531167017570155
8.96484375,-1.739052478929467,-9.019621619243132,8.439880054970885,-4.821193810800698
8.96875,-0.6399820346471744,-8.16043554533049,7.116590726223137,-1.5890276464585325
8.97265625,0.8139357153858507,-5.853463676018253,6.238414377673085,-0.6237964813884558
8.9765625,1.6172729730559938,-2.4216768505454334,6.0707312088693355,1.0238700719293898
8.98046875,1.720654957619282,-0.8622357408641712,3.490168518203817,1.4734877936646211
8.984375,3.5981520169669423,0.5589024478413519,3.2625757536959608,3.724181010168082
8.98828125,3.5829630566276327,1.9591813001306657,1.900140591104242,2.431106757464595
8.9921875,5.675552745005613,1.5939740172817476,0.8120786253057266,4.928441278364923
8.99609375,7.58709568005433,3.587690571568383,3.012364251544993,3.443221696818329
9.0,7.908473815573513,2.9393858733348925,-1.0232456467417694,4.979742173197025
9.00390625,8.466842791022607,4.129888325149226,0.3846399320862368,4.702960161311203
9.0078125,7.504506144191777,2.395037516716587,-2.5814866466842328,4.810672580935153
9.01171875,7.489351282457639,3.329706657929343,-2.7454350842376316,5.924143375863116
9.015625,7.027740048804485,4.152487222806802,-4.943157494129767,5.690033838545827
9.01953125,6.722410113546814,4.086537024983445,-5.806785299950324,9.153698445456552
9.0234375,5.9516064978766305,5.614870286521595,-8.235194207597415,7.549857087180586
9.02734375,2.412338359398997,6.068048467436276,-7.393757321325693,5.80537079454057
9.03125,-0.5015955597416075,5.1889757568780395,-7.349729730337927,5.470649018398088
9.03515625,-3.0829260174321735,3.7379063740169967,-5.140966169686485,2.2755169597287885
9.0390625,-4.929860587886452,2.492352312545413,-4.888296534792349,0.6617838121139834
9.04296875,-6.579597409976844,0.6812088827339222,-3.1412303560583026,-2.7602907423384955
9.046875,-6.917882147800972,-2.076967682653387,0.4953442727239987,-4.072026556852795
9.05078125,-6.177112805831181,-1.4527515733962457,2.2505630301044195,-7.43058337511028
9.0546875,-3.9473082863121816,-3.604719941350351,2.4212518703375943,-7.838410812412888
9.05859375,-4.194109527141097,-7.020431056214321,3.625497280135662,-6.32728945952535
9.0625,-2.7640224354893834,-5.396402113902943,4.890387220870588,-9.087910534293961
9.06640625,-3.6206455280760883,-2.745493588123286,4.065834503658632,-6.973873440599812
9.0703125,-2.446912163594508,-3.0163533938910847,3.7383840366170626,-5.22529602251486
9.07421875,-2.8902733478500435,-0.9587373926579075,1.331466354378114,-5.042961024716672
9.078125,-1.9306579389115963,1.403608834368145,0.5928122773454702,-1.9482491174748546
9.08203125,-3.869695208233818,0.9036603627787148,-0.1893050340493594,-2.123431053341885
9.0859375,-1.4338489893801911,0.9652399269699059,-0.45753914402534546,-1.7952623400465302
9.08984375,-1.2951517285458927,4.551918728358553,-1.8770170155588124,-2.5396592744744226
9.09375,-1.4206315141529287,3.1899814138543365,-1.5927877319562256,-0.8726990698379524
9.09765625,-2.3962399620485986,4.290211219574193,-1.451508155446942,0.1747874915582106
9.1015625,2.867145579207129,2.729095049393075,0.3151777101043719,-2.7810554147107185
9.10546875,1.763494877698181,-0.02879888767754868,-1.3073624591292052,1.69265147989841
9.109375,3.807100601365412,1.9057100127663018,-2.8624134776909282,3.5042046354610643
9.11328125,2.929227945553887,-0.3508766256238396,-2.7966889955912504,3.3877015563698705
9.1171875,2.702284916816199,-2.1771792052445456,-3.3307472126241446,5.39338314876748
9.12109375,4.801644823133002,-0.0731284721652414,-4.069767811930736,3.570018695365564
9.125,0.7578234740399495,-0.2964076317478911,-1.7593727498459437,6.1440637951897425
9.12890625,-3.820607499657326,-0.9193484943019351,-2.350763307534514,3.931389749023346
9.1328125,-3.9766466149018838,-1.795465384758643,-2.29867026491529,3.791727540038578
9.13671875,-6.302611486491101,-2.908682537782334,-0.6511741082512728,1.881363562727903
9.140625,-3.8579027718099583,-3.75923275107277,1.1561398544262125,0.185342265187706
9.14453125,-5.13311898991498,-4.374820448719854,3.163888391371364,-2.902244204489941
9.1484375,-5.4322165673124205,-4.190482415023089,4.681043719217092,-2.2186423410129152
9.15234375,-3.766663852277722,-6.786747769337922,7.30017934445971,-3.4594798344928765
9.15625,-1.4810447635766355,-8.668779108356253,9.651756479129105,-5.592883987726396
9.16015625,-1.4675214313583598,-8.765592409277811,8.02771089416816,-5.186691629511413
9.1640625,-0.5794001984988026,-7.022002752129938,7.646281470552451,-1.694746558294514
9.16796875,2.6443740775341644,-5.015603996426333,7.763394539309057,-1.750723409467601
9.171875,1.8697346322853772,-3.3382016057656085,7.012076776664159,-0.3663503700266739
9.17578125,4.110311230425117,-0.049732966281268,3.8289813384602764,2.3546199682293096
9.1796875,1.6450550913351227,0.5636815347244482,2.2124991948754382,2.5877354952727813
9.18359375,3.3424649188923867,3.632117671729087,1.6217246989413165,2.4476787100802633
9.1875,5.338994674509882,6.695646764296014,-1.9097489593332329,3.446587370448965
9.19140625,4.780123732998476,5.423624697400075,-3.4111464549563175,3.6416220759436717
9.1953125,7.143533527130941,4.602817108533329,-2.384701853890508,1.9348596112487861
9.19921875,6.984276743770787,7.312703308025028,-3.5708099862873963,2.9834003136307436
9.203125,7.00083922674912,5.035640571470121,-2.6008685981491406,3.6686561486023495
9.20703125,7.720256859012133,7.1897242968273956,-5.2447902838191975,3.167260605814253
9.2109375,7.267867987856562,5.810054760670728,-4.644153404570237,3.9265943464033906
9.21484375,4.875665273671282,5.261200124379562,-7.97181190359368,4.742209928802081
9.21875,3.242613483908273,6.010853853503457,-6.495943884504463,3.4877255594892573
9.22265625,0.9413562538997491,5.754648189297693,-10.887203042978804,4.101532667722111
9.2265625,-0.4070271213784215,4.594195509573469,-8.178087753229583,1.8045546783571222
9.23046875,-2.6228373625127777,2.8755519021584863,-8.070362103371007,2.1366291551387664
9.234375,-5.484235574702704,3.6616278625965686,-7.641805000888139,0.2669989073621091
9.23828125,-7.227751153061721,1.173263783460086,-5.514371810105012,-3.8536097145390507
9.2421875,-6.835263523055956,-0.9030813475858253,-2.8272200192122328,-4.953334113295837
9.24609375,-8.919065932750318,-0.29298964757028445,0.36271284223265654,-7.3408424801269625
9.25,-7.713850576959291,-4.061972975177607,1.6899536768123442,-8.415003873558906
9.25390625,-7.03704122466851,-6.205677815624707,4.519071146040457,-7.360783003690215
9.2578125,-6.643790347527975,-7.448045373819242,7.581234300249145,-9.882163083635497
9.26171875,-3.690611213102761,-7.192182209947371,6.61691129795343,-8.41323620509929
9.265625,-3.2089402791426536,-7.118933392538635,7.461419893314247,-7.5264419538988605
9.26953125,-3.1589021171865834,-6.220975083703621,4.977891712121867,-5.140437375367857
9.2734375,-1.341727809560663,-5.036326704215786,6.104323977508459,-4.237505120454858
9.27734375,-0.40819466759470413,-4.159574556740732,4.450076128834092,-2.029224912418558
9.28125,-0.5372529654514846,-3.195851523917053,4.749939643314608,-2.3564891398004963
9.28515625,-1.2715837425404,1.41492298869096,2.240348735675741,-1.7165181507791707
9.2890625,-1.2116164275266628,-0.4056325812735475,2.533757741318931,1.2079978400001843
9.29296875,3.049505023784726,3.121984173741438,1.252306966637958,1.3450825403520486
9.296875,2.001517925268238,1.0951272551952964,1.367558347674513,3.3220287045388783
9.30078125,5.44927765530431,0.37973922684067896,3.862989844920932,1.7587248176346257
9.3046875,4.811121027411114,1.93121413165012,1.1685285125506453,4.7272114712546305
9.30859375,6.152434964473084,1.2292107557875374,1.9351567033495716,5.173611125156241
9.3125,7.719809759946235,2.2626140004181345,-1.6487897335157613,7.335565889666917
9.31640625,4.656586924045507,2.2861790775702384,-1.9776700575322401,8.83429245856184
9.3203125,5.266600718705822,3.8364444742171635,-3.7683030143156846,9.348903278489828
9.32421875,2.7274564728115482,2.0390139266359064,-3.2671284414792243,8.099465780551226
9.328125,3.5102936223897734,0.9079655224610794,-3.5169522016071952,7.913195184393256
9.33203125,2.0349876454037914,1.6768464930865172,-3.4632223711545933,5.495141916504762
9.3359375,-0.15396599144554113,2.206253891722163,-2.6382646305249096,3.6094617924589434
9.33984375,-2.3490577559012227,0.07692189007787784,-1.1219086528436386,3.2872294999900435
9.34375,-2.7894912818226167,-1.8696489279606059,-0.0017578698123811853,-1.8529861130168284
9.34765625,-1.6545804093065952,-1.4519575070450916,3.069423010240742,-3.324981621083376
9.3515625,-3.1743007025723533,-3.711693037484532,1.4166432344702589,-3.6694908440954968
9.35546875,-2.4571512185412008,-4.955098210472583,3.3173791619093502,-4.449331256312039
9.359375,-1.962341651878742,-5.4571542795929435,4.888903933912275,-4.494316268778659
9.36328125,1.54767514512928,-5.4576352519010065,4.04250813714994,-3.886032368875403
9.3671875,2.861217013612274,-3.9487197557387117,3.6979993092964314,-2.5942424173920546
9.37109375,1.7143461038178354,-0.07600825610344841,1.0852534683142003,-2.983658349219673
9.375,-0.6712718648884253,2.622561008905479,0.5847310457760668,0.05590424717887843
9.37890625,0.993641184547722,1.288046075804518,-0.5303961937070931,-1.2124993429967161
9.3828125,1.7504153668279412,3.8692668655313525,-1.6836977856211,-1.8886050571854542
9.38671875,2.844202560245997,6.63123150926358,-1.683798368264451,-0.7660801399596494
9.390625,1.6425770443210657,6.373349950785277,-3.711584056194747,-2.0737407782658654
9.39453125,1.8742322527461168,5.865980019941565,-3.0854143967027787,0.6872786842424035
9.3984375,3.6663700265149886,6.702751094464869,-2.6333499579657333,-0.930941028901361
9.40234375,3.791941160209545,6.059631350786572,-3.5482706196648817,0.08603376973924881
9.40625,3.087630222779045,3.9688574422567062,-3.2828959489376617,1.5713316984361203
9.41015625,3.5789756178377026,3.3401098737514747,-4.333885355062728,1.1664528961453233
9.4140625,2.0762809828644535,4.302810363279169,-4.656957338699256,2.9971710476558218
9.41796875,1.5704581193553155,2.829718969440264,-3.8811761135560117,1.3218935575233304
9.421875,-0.26509666978130286,4.218885997030709,-5.838108009394757,1.2269359439663707
9.42578125,-1.2726629318813987,1.824624956724315,-5.471793266462489,1.0406933048072433
9.4296875,-4.328359930214907,1.9095708071709252,-4.302354629092495,1.1749116488816287
9.43359375,-5.473036873784835,0.4363124354284805,-4.705712753623001,-0.026745043265228984
9.4375,-7.042247020497673,-0.8495273121274828,-2.538111101270674,-0.9986977727766605
9.44140625,-9.537417415708555,-2.2876566204029087,0.13641708029221472,-4.630893706551156
9.4453125,-9.730082907040888,-7.760926463509714,3.612283433927295,-4.029498360215823
9.44921875,-8.122580699830545,-4.952927149745666,7.128108549164976,-5.606310597413436
9.453125,-7.147627778739295,-8.963241381485755,8.592855178020937,-8.103082549341579
9.45703125,-3.3355614254450634,-8.510291471717627,6.816803461201815,-7.813693935966766
9.4609375,-3.2575777852161227,-8.835578373021312,10.4774280656682,-5.749996245155695
9.46484375,-3.8980828127781226,-7.622400780537963,10.404460659906999,-4.612982048018449
9.46875,1.1575558839172857,-6.015180436909901,8.880771409881048,-2.1374564070475683
9.47265625,0.0638667665537298,-4.818318636956553,7.181025846385638,-1.318527750963496
9.4765625,1.370205734042174,-3.169087489744815,4.31862595978275,1.7873773018813486
9.48046875,2.269156268384876,-0.8633627274387953,2.712208003590784,3.238665547205781
9.484375,3.3989481659278153,0.17249029089390805,2.411030156487061,3.486594323433624
9.48828125,3.1809071966365914,2.879980433260682,1.3272251563162873,3.0526907521568245
9.4921875,4.9848770044768695,3.235962602131734,1.336489509361549,4.963841999428726
9.49609375,4.656516872909809,1.8687674801009397,-0.17119030841311744,4.2895990991982
9.5,6.701272380502313,2.843081519145848,0.9408199386920398,3.9622531306689464
9.50390625,6.924616968447156,4.049413963463521,0.5261934508607832,7.142999606159984
9.5078125,6.7578247399035964,2.9649802226552575,-3.1124516683287253,6.430942866910518
9.51171875,9.48626218583971,4.301883913788352,-2.9541909462371354,7.584498188441767
9.515625,9.636757872182892,4.3665185757036005,-4.407084777488233,6.797114786602578
9.51953125,6.466920399456638,3.5888269843909564,-5.832107149115525,7.4570610984487296
9.5234375,5.46541676548609,6.238124175415905,-5.902727988495235,7.971617010454077
9.52734375,2.7656674421012224,3.3219148857481766,-7.3526250537442746,7.174834759150553
9.53125,1.6254305156705324,3.706264736143515,-6.298064794810477,4.8133087914417345
9.53515625,-0.7622584794358249,2.7721370262914307,-7.0411288723287075,4.636962427968559
9.5390625,-5.602426431347901,3.8011539697785057,-4.308511016016483,-1.4275976716161076
9.54296875,-3.798217532800961,1.4756162112645317,-3.131979195877533,-2.6011154584841956
9.546875,-5.403223429859428,-1.6890430029915344,-0.7465065260329367,-4.31357686136015
9.55078125,-5.835903380818875,-1.4812577468008268,0.8939975059278111,-7.6355192997686565
9.5546875,-4.513664643719766,-3.973852263893332,0.33526977415453696,-7.716152147738515
9.55859375,-4.625066161295249,-3.152700152976492,3.02345071887573,-7.203340786816929
9.5625,-2.838482563616737,-5.159244903613344,2.5699665734397397,-7.784015816383745
9.56640625,-2.0153885310411788,-3.6893611933242414,2.894471955435777,-7.0087496195834245
9.5703125,-2.635631457172593,-4.507919587714898,1.1680920868784994,-8.115706685070894
9.57421875,-1.0824758224647946,-2.0854941803152975,2.2807200365477405,-3.07599226650024
9.578125,-0.36821127679520327,0.6883728143074934,0.6447802724542819,-3.094903374593388
9.58203125,-1.4867086434364785,1.678799806215269,0.608247706874695,-3.793107507020663
9.5859375,-0.5699342319246765,3.723732111489139,-1.0254622361546628,-2.517121256283195
9.58984375,-1.916574461242179,1.7598126893275394,-1.7968402599271363,-2.1732694325567796
9.59375,-1.0964762986170784,2.9892523836389007,0.16175566323824697,-0.9322636957679626
9.59765625,0.7698307543917082,2.457867061790724,-0.19859371393035558,-1.1637917217018996
9.6015625,2.8353754772836206,2.477187781821168,0.015101142100433868,0.01578616430631155
9.60546875,1.8701172815972176,2.3641917090651203,1.0787957515296518,0.574902045676251
9.609375,4.513211187878563,1.4987285946654918,-1.5079887844721127,1.08486359761504
9.61328125,0.22407003275702664,-0.7859230262928969,-0.9905439337541748,3.903486156232089
9.6171875,3.073735059075953,-0.8607216477936951,-0.9148961970654974,4.383173825639054
9.62109375,3.2217065949852612,0.35403295399522683,-3.656204207433748,5.081517941426007
9.625,-0.6372875613837242,-1.670767362534344,-3.0759154460050064,4.483526347004331
9.62890625,-1.1827143903758073,-1.0486147717844263,-2.459360962847695,5.78556081457932
9.6328125,-3.237394298916917,-1.743973484041961,-1.0846809521998286,1.7491624964268369
9.63671875,-4.613823872294007,0.06892020389029008,0.06312815565968688,1.0751918040403923
9.640625,-5.324499671760436,-3.9883125665573087,0.5888616064223754,1.0534467373251424
9.64453125,-4.770595168993221,-6.493467909872072,5.048021224272029,-2.400891142223677
9.6484375,-4.604550063006159,-5.530047201528496,4.36898988743434,-3.82801591555816
9.65234375,-2.1070630090716733,-8.240177668251345,6.770751166634502,-4.202510968238604
9.65625,-0.980678465709221,-8.300218623065863,7.797347537912081,-2.872958729567239
9.66015625,-1.2360654391776782,-6.667482133483061,9.354890213411469,-2.1194856742405115
9.6640625,1.259259243138649,-7.8132800669558495,7.365383488581928,-3.227042175271186
9.66796875,1.8955000414134784,-6.475839087767275,5.758064127499744,-1.0214777748715405
9.671875,2.9701301547592456,-2.980218573760983,5.301859741036578,-0.6786647002212103
9.67578125,2.114957594025932,0.22216038163456608,3.7195791837108776,2.895790376138896
9.6796875,3.2203045341267855,0.5643119596571742,1.6608145209555947,3.347702946179769
9.68359375,3.544060158906485,2.1917532907751296,0.5430973710796236,3.0188159682386706
9.6875,5.331778014782334,5.705235544630146,-0.5559094666969131,3.8436675642910694
9.69140625,4.961431000369354,4.872528818548825,-1.0428388495423557,2.9933086819221915
9.6953125,4.728795621729172,6.119698262813242,-1.8665826014022497,4.766470086335643
9.69921875,7.061571408622806,6.464180608077621,-3.821464374680811,2.6604355639591626
9.703125,5.532053772575017,6.963358300510497,-3.3104458199707216,2.4704239846691314
9.70703125,6.083626233676155,6.175634377819366,-3.871530478502026,2.2031589772123032
9.7109375,6.88293689747132,6.406900672698828,-4.935212544092095,4.065989866799608
9.71484375,4.211547189448559,5.931804042177662,-5.7321165239422935,3.7959136971654175
9.71875,4.192752742414822,4.839949855256462,-8.42318048846378,3.018456390928998
9.72265625,3.0756237413829,5.407654489302308,-10.420087601166689,3.902200645376825
9.7265625,2.023243298751332,6.948946227263602,-10.726529184675979,1.064647705856886
9.73046875,-3.817250667616768,5.5741717336021654,-9.046156975348245,0.7627809491651819
9.734375,-4.863574189802728,3.3578104103492756,-6.3855323006770925,-2.05158611767429
9.73828125,-8.049447554610765,2.5814322274849126,-7.506155479892689,-3.4983943732367258
9.7421875,-9.100390372111754,-1.6515127538770669,-2.042456878749615,-3.7824755505079883
9.74609375,-10.055413033061935,-2.279888229395171,0.4716522278251658,-7.337829152879102
9.75,-8.607970086902027,-4.402053394490126,1.7487740783553973,-10.770835217507594
9.75390625,-9.157377651292173,-6.728375165905273,3.7111257605537364,-7.938338935677221
9.7578125,-6.104866633359908,-7.910671708480663,7.121479216590422,-9.314700673147744
9.76171875,-5.64644764930023,-7.028139967249261,7.032386275024187,-6.633464645176894
9.765625,-5.5836823596600835,-7.543976944187419,7.895282740884925,-7.3069024595407
9.76953125,-2.9339345484023713,-5.945705977696852,5.008227179283819,-4.563807772092201
9.7734375,-3.7034084395277143,-2.924315902741044,6.373202858329895,-3.806719024122158
9.77734375,-0.48484366899095743,-1.6558167265630739,3.389119379270694,-1.1021679811317746
9.78125,-2.239852862863689,-2.201066792516188,3.0499027375821126,-0.2402011102802023
9.78515625,-0.5247836643678114,-0.3984746202591897,1.9496230520983904,1.554806680730163
9.7890625,-1.5287054665936621,1.7624285415700987,2.47228066492786,0.9413180607237265
9.79296875,-0.6216196072170845,1.5982730753033114,2.082034613901307,-0.31363793170422083
9.796875,1.5715317076069963,0.06752811373975942,1.4031428348922705,3.094199781871434
9.80078125,4.410863073735047,0.39078754742848143,3.065186647628816,3.176461120770863
9.8046875,3.5184095678591043,0.9099892228170922,2.6221619046963323,3.51295370093324
9.80859375,6.2451476215223884,2.0071862265432348,1.5038016535579986,6.256432286107234
9.8125,7.100665766162683,0.07651537480568793,-1.8749732532896262,6.922614518735326
9.81640625,6.302206140334387,1.1944413514629064,-2.926379301073343,6.556978001003073
9.8203125,6.053669280131345,1.9324176853145638,-4.617861834002475,8.287244573737468
9.82421875,3.2304308475083214,3.725741192787804,-3.552544957880299,9.24612350567138
9.828125,1.9335068786159648,1.3008656019266698,-4.170587047010752,6.864429657279094
9.83203125,0.1492839762654344,2.1753257396077634,-4.97463640597181,6.967256474161541
9.8359375,-0.8466786087277267,1.6324634275062977,-2.973186612476206,2.7799365249684653
9.83984375,-3.1102273347285307,2.267342565762436,-0.13754873877115403,1.8133772694187205
9.84375,-3.184023494167715,-0.5832465081101118,-0.6054853299890173,-3.2080132712672036
9.84765625,-2.8773116314873697,-3.2841529581310467,2.953121100635162,-2.237039748427357
9.8515625,-1.8906832013156971,-4.481356773636121,4.547897917580404,-2.218630051150787
9.85546875,-2.1130059322699957,-4.786107053058755,3.7870854276967467,-3.296855749061543
9.859375,-0.2793800267883695,-6.017763234921307,3.8600528452478553,-4.147103061364667
9.86328125,0.5749101858964449,-0.9943217424960427,4.969537228317657,-3.909955867605678
9.8671875,2.1872768730451257,-2.9680126822187187,1.1573317675213088,-3.44946384677615
9.87109375,1.7043006344267027,-0.202497300682554,2.8280408785072018,-2.4794786306788508
9.875,0.05870499420729103,0.9268348218265164,2.5483356647612134,-0.66340693510065
9.87890625,0.050375706816002674,3.289441927537102,-0.11542510340158274,-0.05386980538784991
9.8828125,1.6246837877655036,5.535807037272324,-1.6392146339074527,-1.6082804683775238
9.88671875,2.4919655100233924,5.407942724916131,-1.7835662229384224,-1.069824971004176
9.890625,1.897954280949572,6.546565105869678,-2.6375813343153274,-1.0392123124774317
9.89453125,1.4529875375998336,6.536582807182909,-3.129532240373921,-1.1751073245103578
9.8984375,0.8625584459960756,6.346146757412311,-3.40312845901091,-1.3371998153219935
9.90234375,2.6045102672035823,5.460454028718888,-3.400177972185362,-0.43235144464465314
9.90625,2.662238108624131,3.623061375133998,-5.257190705646136,-0.13953914609248264
9.91015625,2.928571114283643,5.019556943513911,-3.747842121592429,1.7953135986537883
9.9140625,3.776358733057651,4.757559548338351,-4.846615732834709,3.8963236722385513
9.91796875,0.3291919504160661,1.585613151731192,-6.575064055828903,2.754735502464849
9.921875,-0.3137620790978031,2.5854723038864607,-7.951279737719501,2.7916505955048274
9.92578125,-3.262138141607156,2.599786012368762,-6.163448442371826,3.2693089712863777
9.9296875,-6.102521816441779,1.8900332919162657,-6.674409937491923,1.9094021838398316
9.93359375,-5.862092735575974,1.2255815493984341,-4.637074306816931,-1.106491910589451
9.9375,-8.35397718677281,-2.6572868344180742,-1.0845691565822526,-1.3867252353925261
9.94140625,-7.8602674738975455,-3.37179951091449,0.36433598931175004,-5.160310153835448
9.9453125,-8.474082787309172,-6.201943997696069,2.6307340367359933,-5.066932839400389
9.94921875,-6.31531269211917,-6.773617626595696,5.214622061188885,-6.274914893367936
9.953125,-6.406526055214426,-8.994796871768536,7.004847025030299,-8.015982530143758
9.95703125,-5.21048598512681,-8.333507691660621,8.363868107429301,-6.549607807664945
9.9609375,-1.9663870998952406,-11.00194173165075,10.175957450313224,-4.838149646828184
9.96484375,-0.6394180792422475,-9.156313088032736,8.294947343017427,-4.886186750317287
9.96875,1.1193171387143988,-7.892194223013059,9.353173841881809,-0.9018681381012301
9.97265625,3.1398010906848537,-5.375610355251542,5.019895490267997,-1.2226406942927524
9.9765625,2.115798577369692,-3.155692144568487,7.127209252738018,0.5127230950898823
9.98046875,3.978903493337853,-0.02763411658118975,5.349363057979339,3.216989306279148
9.984375,2.7666903125714652,-1.2155219588831963,3.289631000446435,1.3181470200159493
9.98828125,3.927838880006626,1.3590039821715632,3.545935505603307,3.694110971205013
9.9921875,5.249295634910492,0.7863834720268166,2.5605950015599213,1.0080956675493793
9.99609375,6.414420392007932,3.328805510832823,1.9054305581828068,3.2439615936255235
10.0,7.656607326657332,5.843513750287483,0.8998536624079195,5.965058783596254
10.00390625,6.151895392045018,2.9272049597982672,-2.9407008785801385,4.965237957852947
10.0078125,7.642662343673375,5.016611489284699,-2.218272104404052,6.758300546973967
10.01171875,8.714833925575869,5.301194971458402,-3.9666168849287757,6.826851858874745
10.015625,8.839728581840534,4.790352966826968,-4.572395290776216,8.154330677278724
10.01953125,8.390544394717773,4.397044788891077,-7.278006974120913,6.672133433443703
10.0234375,6.597788303861085,6.853511564942689,-5.050459134599163,6.7885287903859854
10.02734375,3.3003785616141967,5.159871150607736,-6.9971933522000125,4.970018126111939
10.03125,-1.813378784401256,6.017748320271091,-6.0122016189489536,4.744095792781714
10.03515625,-2.6714897777048754,4.583306062906812,-6.811624646257529,1.01090888047821
10.0390625,-4.398692238893624,2.3805930485506615,-5.09818502875595,-1.7913865048424509
10.04296875,-5.362543433401486,1.1070293458217624,-2.4419279412651953,-5.4944373084173845
10.046875,-4.667879266383719,0.18370328907225153,-0.5191449322181897,-5.4418386108389365
10.05078125,-4.873534581104425,-3.1906944255266616,0.028354609033163447,-7.007008416913203
10.0546875,-4.522034539120886,-3.461601504172745,3.758173348888101,-9.659733908928507
10.05859375,-3.866045407192606,-3.2001584365234232,4.994914309830509,-7.285489376842192
10.0625,-2.2733068912814742,-3.7768249182128066,4.315949553660907,-6.760791794167103
10.06640625,-4.339199559466717,-3.89258776287738,2.6440390717889963,-6.799691637321805
10.0703125,-1.6361472915395254,-3.013809985950905,4.152347599065036,-7.0371083351310215
10.07421875,-2.383331291263359,-0.7420132753170577,3.293715117536166,-4.071838907590345
10.078125,-0.9711672419525258,0.769070659392981,-0.1294729374447804,-4.75761812192005
10.08203125,-1.9437640054058403,0.6459854930518323,0.7850397479940874,-2.157007300973055
10.0859375,-2.118688900102078,2.5299266300623846,-1.5406916242633442,-0.7500896717710899
10.08984375,-1.1009167914564615,4.006224557559371,1.072146317410367,0.3583297222686561
10.09375,-0.07543516567145875,3.0699444240486455,-1.0531014685177944,-2.0288251424392985
10.09765625,0.8865970451243941,3.523631946067337,1.3920697598664595,-0.5284019325893579
10.1015625,1.0707781212037375,1.3628199260721967,-0.5764770492809765,-0.6668495088830007
10.10546875,3.515999252524694,0.17983338086997835,1.649105902191421,0.8675169247321827
10.109375,3.698802377756917,-1.660237019372385,-2.537117472723068,3.54017890571826
10.11328125,3.506473946006427,-1.6865357215211245,-2.2796489235665014,3.6232742189557383
10.1171875,3.2118472515723626,-0.9993568176854226,-1.5364598822641002,5.509535246186243
10.12109375,0.9373645648476259,-0.4951410418229652,-3.374746592354609,4.446679628607722
10.125,-1.258804328664588,0.6145103334591967,-5.153726481484059,5.564054776541894
10.12890625,-0.7866275492403393,-0.008945648775731063,-2.1109771909239288,5.90372432961759
10.1328125,-3.2759643816771007,-1.1913884881507213,-1.539515636538679,2.844600018753706
10.13671875,-3.5382562754699185,-1.1463328682230913,0.6738498892627676,0.2771848316943468
10.140625,-5.032102965812262,-3.1467760378302136,0.4702063569860476,0.18937929682291385
10.14453125,-4.649279754772814,-2.634872805893043,3.9410633051681923,-0.5716124935166671
10.1484375,-5.6884181752189535,-6.133462823105866,4.851585431523296,-3.2457393337997127
10.15234375,-2.77339962647938,-7.996506426507558,7.136779043363263,-3.6851566487364162
10.15625,-2.107014691753868,-8.55611356109134,8.62987562708173,-4.908944294425354
10.16015625,-0.07565442425793997,-9.180016603222654,6.8521289616740635,-2.6989344336895176
10.1640625,0.7835805088492461,-4.804778036784889,7.2625662114127945,-2.6765920613031104
10.16796875,2.0585062288543043,-7.870509795936966,6.175421943196739,1.3885375230529857
10.171875,2.4905553180597844,-2.105550721625932,4.890113288550205,1.2092604731489938
10.17578125,2.609113442286941,0.8218450358817005,3.2747768927394842,1.543031481122084
10.1796875,4.058236621809899,0.8582226196883774,0.5651396713643835,2.9366858207827784
10.18359375,3.451259123575032,4.166451757604158,-0.8263063171040024,2.9906125255175917
10.1875,3.482371142880753,4.877013790199016,-2.3420272706551017,5.742548845565244
10.19140625,4.377474527114876,7.13227880499338,-0.6126555446393966,3.0424150896938
10.1953125,3.835375456603855,6.08645919290247,-2.996421683145055,1.9198468795485746
10.19921875,6.043713955040903,5.864827595844723,-2.930722900143381,1.411291572072715
10.203125,7.716659326372942,5.264418412129315,-3.4379248535469875,4.844236221149029
10.20703125,7.575890494302511,5.905673419517772,-5.164578006364625,3.41960376069769
10.2109375,6.678120568012443,5.606080447272147,-5.595370275360088,2.511468772976127
10.21484375,4.908114490526942,4.395127436901255,-7.15838005218356,4.666782859741866
10.21875,3.4921620540083422,6.875537073208877,-7.446503215202313,5.003177234161835
10.22265625,0.05323407768109023,6.539161744440303,-10.5631397885907,4.6616613278365655
10.2265625,0.2802684174256199,5.616035496131001,-8.40684728460025,3.8750394416979703
10.23046875,-3.9809179090820486,6.636178362278789,-8.029805163493098,1.2615840859905474
10.234375,-4.933262789415343,2.5612278642449504,-6.077880477206104,-0.9461178774610643
10.23828125,-6.242098643251064,2.1545843269696068,-4.863549210352208,-2.2323420790209245
10.2421875,-8.757388081935511,0.419521199792647,-1.193633536479966,-6.214332748901585
10.24609375,-7.179902160004772,-2.265369400506752,0.6112896053464272,-9.693465412534016
10.25,-8.798384480203856,-5.914625924354753,2.1793891589813326,-10.713381813955309
10.25390625,-7.733032315558964,-8.860216865584361,2.13468787411287,-9.811460324271453
10.2578125,-6.484126421274699,-8.976457042647352,4.951674898342108,-7.756374675191973
10.26171875,-5.031513390516447,-7.871075439100533,6.356820286126383,-9.263902787170089
10.265625,-4.105953482955474,-9.012012954935638,6.194979900077826,-8.033595391565301
10.26953125,-1.5277175060739343,-6.914570695897526,6.120867319893141,-4.732373289368681
10.2734375,-3.066178389784975,-1.9363433547554316,5.549299020386007,-3.3309552966550955
10.27734375,-0.8205149081373362,-1.693977264157982,4.821980061519573,-3.4736697526651366
10.28125,-2.447529349304292,-1.730909807084529,2.6362642593616767,-0.48134307433521084
10.28515625,-2.0001525423406035,0.4537773488532355,3.8911397670295997,-1.7829995711450564
10.2890625,1.2530717348262148,1.3358816481857678,4.798319218195963,0.33050441451824975
10.29296875,0.4673365305405819,1.4410067311683226,1.8845970238480145,1.6289326795020895
10.296875,2.8260523511502744,0.6393899935634908,2.09023534667677,4.292774222154701
10.30078125,4.884308798308625,2.988425615126091,1.7847722439753204,3.1171238172325877
10.3046875,6.344157887180359,-1.2508221730691877,-0.09290338929690023,4.683732826195096
10.30859375,5.5766752238449495,-0.21556428324824817,-0.08929070409260376,5.43773572743283
10.3125,7.300932742410626,1.7095875445397033,-1.0282599056733428,7.521165580953401
10.31640625,5.449370912010792,-0.38348286264753906,-2.543055965475471,6.805546009274436
10.3203125,4.683438898364499,0.868536512513561,-1.4021034768048208,6.999894783637298
10.32421875,2.6917611971472892,2.2450756172040305,-4.359053307684995,7.228230020181237
10.328125,3.232454003994886,3.5316787116657196,-4.565804474969226,6.1242405291625825
10.33203125,0.7258101289683717,1.7877780064954674,-5.491094366348852,6.4800509665256865
10.3359375,-1.1173805323715107,1.0953247230923115,-1.8516085051874964,4.8156342015809885
10.33984375,-3.7076115715119666,0.12772665453054105,-1.0542778550238385,4.294531560245033
10.34375,-4.947720505861536,-1.440913448206088,0.6935328420186271,0.12958699826574693
10.34765625,-4.030473923818626,-2.0567049941401394,0.9434967332323504,-2.2340086563868167
10.3515625,-3.018172646001292,-3.100938965850157,3.7387191645760853,-4.589837933137974
10.35546875,-2.70692625766612,-3.590729592858765,4.998370552801561,-3.7341058790010924
10.359375,-0.5640472670138051,-4.4553187742578,2.988550367578778,-5.946089189322664
10.36328125,1.2286998716541655,-4.806959929343034,4.551550209619176,-4.863527881851754
10.3671875,-0.4419633991450236,-1.3027652800054557,2.271608919218763,-3.0045822687596546
10.37109375,2.666802411616308,-1.1618855315809504,2.3557173605022923,-2.1501607613572227
10.375,0.9365488382445791,1.2847599887179544,0.45066862646563544,-1.007078443716285
10.37890625,1.2811170625124693,5.2395282922914195,0.6140164805045591,0.7376667535251069
10.3828125,1.211391018598356,4.287433851778422,-0.16780921241053948,-0.04403233095697823
10.38671875,2.2664268630637077,5.845198683115928,-2.2280461903945072,-0.49638253211687705
10.390625,0.8790098424992759,6.198817669721265,-0.1349969672079876,0.018350724086699133
10.39453125,0.20154049432230292,7.908129378077153,-4.046393424454311,-1.4214619445841312
10.3984375,2.8551311296310375,5.220011618999576,-5.036963804589038,-1.6839019903668786
10.40234375,3.1506333871205054,6.216795121249073,-3.4610158014823966,-0.35704475261474455
10.40625,1.387109834211436,4.614634963799591,-1.48985549626485,-1.137178748710253
10.41015625,3.9709161813282092,3.427531172174696,-2.0985334971492686,2.3488503732436516
10.4140625,3.6506903076392545,3.6253488450127622,-5.299027112506333,2.140827218754031
10.41796875,1.496056517312125,4.4097381150228685,-3.783013221512939,2.1785286376293094
10.421875,-0.8288089167063819,3.3241123996210913,-7.151937599394664,1.655079622956454
10.42578125,-0.96995432542252,0.032828871807766724,-5.99787693070014,2.2414658618641092
10.4296875,-3.5575532188706442,1.6487494511131167,-4.911426142727632,1.2020820947955504
10.43359375,-5.339626190654189,-1.873467322780725,-4.263470437142834,-0.5509679341837255
10.4375,-7.843920322359931,-1.9914570784660122,-1.8423846061574827,-1.4072018419953198
10.44140625,-8.474595180323128,-3.688520534209082,0.7241894382230267,-4.582028390298042
10.4453125,-7.976120853067443,-6.579093718923852,4.358467131433983,-4.828038935357499
10.44921875,-9.374620032104573,-7.155009542581175,6.479722630424469,-6.104442420683376
10.453125,-5.67698403246575,-9.080458213550184,9.682181420416327,-6.181151837865014
10.45703125,-4.13968478851085,-8.320322979528525,8.76966696948142,-7.183222716497883
10.4609375,-4.493171571927339,-10.704025501434135,8.025894877755174,-5.361512817824551
10.46484375,-1.1965311959161646,-9.717070667015475,9.542412130858477,-4.547988090409242
10.46875,0.10288558943803872,-6.9738724610670975,8.600966204127024,-1.6546483208710518
10.47265625,0.17966197073307766,-6.028681804750467,7.710190308206295,-0.4263055594194258
10.4765625,1.5655042581249548,-2.9789291699836475,6.386269777847296,0.21939494115099667
10.48046875,2.8469474838395508,-0.5386709428194038,3.2781318101821135,2.1208803729116075
10.484375,3.814988797080578,1.1115367381215475,2.2617210572171182,4.9266354933075736
10.48828125,6.052866509455999,1.1369931324752942,2.9788152351903863,2.1344314006644813
10.4921875,2.9603276700373193,5.051800891549743,0.06845635534188443,2.738274414848477
10.49609375,4.7455305618618,2.478702985781238,0.8894169978397202,2.3551260841648016
10.5,7.0633896958900335,3.4339383543995012,-0.0008273520535767576,6.348687644404373
10.50390625,7.380359931788476,3.566992087209205,0.25008926603884063,4.744696340133348
10.5078125,8.443930144763957,4.258078505961099,-1.5127943867787303,6.959753971335973
10.51171875,7.697285707685412,4.321577808334102,-2.839392210676533,8.151477805728703
10.515625,7.570221484423057,3.175395017647308,-5.832434158046403,7.194202236764786
10.51953125,6.668242729279507,5.451247504319089,-3.9151631474505946,10.104540017161288
10.5234375,5.067776304509853,5.890293501560061,-6.378921556779999,6.081708775317254
10.52734375,3.029746476695708,4.90162007850759,-8.351309692463818,4.954121988294624
10.53125,-0.27978835902276517,4.959050718010791,-6.964537949753816,3.812637785269934
10.53515625,-4.901722264331043,2.941171989646384,-7.635502783092054,3.2085920128610397
10.5390625,-4.530634636742715,2.2720175385681496,-3.525412013649796,-1.3600980230409765
10.54296875,-5.880735561251479,4.201065261785061,-1.911572984559106,-1.892035665023649
10.546875,-6.951522933678609,0.423233148955355,-1.7695670102478656,-6.166108152720628
10.55078125,-5.194828770346234,-3.5000563354719443,1.0576547431886612,-7.540843543557699
10.5546875,-4.3191671725778535,-5.455682708377853,2.696727772335037,-6.7388902679640115
10.55859375,-5.062017653470448,-4.759628758175985,1.541315296195681,-4.99446637927022
10.5625,-3.737635311115725,-3.8206190270029863,3.7752371744499915,-7.898423942351088
10.56640625,-2.1506587840573514,-3.279547877954533,4.295433245045199,-5.615926131571081
10.5703125,-2.9933997564016623,-2.955960242923916,1.5398960822294787,-4.415033793740871
10.57421875,-1.7229047477665742,-2.015080518869119,4.037937362921761,-4.164364782058437
10.578125,0.15490800217007195,-0.6345980875483825,-0.7238959747716238,-4.3915633515131525
10.58203125,-2.5042477461234336,0.5460595522884322,-0.8530018944018547,-2.6647063257585515
10.5859375,-0.7632882908321406,2.727652995773231,-1.51167793010631,-1.4515303309990637
10.58984375,1.984233707669052,5.00350975346364,-2.269315821075808,-1.394894243584762
10.59375,-0.8885841398320069,3.6521654635665097,-1.6402570444077698,-1.352010840922014
10.59765625,1.3558751598413372,2.1177960619566467,-1.563487162401772,0.4408756951648134
10.6015625,0.725546151507817,1.3668602478078953,-0.14697652232219532,-0.29366363782870786
10.60546875,2.545064590310709,0.9635556875953917,-2.2114070131149184,0.605597746281316
10.609375,2.617616478612817,0.17561095837360852,-0.4418083846475505,3.854422032052726
10.61328125,3.7583506403977442,1.7752732926383157,-2.5674390628288637,3.7160026204783647
10.6171875,0.8777817179976397,-0.8998413138301721,-1.811831634834799,4.475724128937739
10.62109375,2.9447329319414766,-0.04774915220939347,-3.386828580787734,5.8189490053573785
10.625,-0.3303726435027033,0.14889955957962844,-3.8606481050952546,5.3628532864907195
10.62890625,-2.6262182909811234,-0.15229027490933805,-3.2531697062719163,5.059150535443534
10.6328125,-3.6328391961697006,-3.1283395785281085,-3.1263711170834045,3.5891248746295097
10.63671875,-5.771601419377199,-1.7277072189038842,-0.0012218954597111864,1.330615832239181
10.640625,-4.957486591607618,-3.120974907532308,1.006675371029311,-0.07600180719036193
10.64453125,-5.4219110874774,-6.0629495719253494,4.621973476695711,-1.6611240529419153
10.6484375,-3.8898478690909033,-4.4291060642093525,5.4232342795031565,-3.2205007504690397
10.65234375,-4.164360371950926,-6.06537002797997,7.9588231073090965,-3.5872625036231804
10.65625,-0.40355429503694307,-6.723510361998867,7.952398265510441,-1.8047472870966443
10.66015625,-1.1752129809686767,-7.54559816936483,7.770049023272717,-3.40081686587578
10.6640625,2.1276747666891094,-8.137859712760154,5.262793890561726,-3.476052754202317
10.66796875,3.5784683570343363,-2.704650952107431,6.443936569759601,0.15788311340627326
10.671875,4.79428324856931,-3.217542473595881,5.0440278089657795,1.6458212969325308
10.67578125,2.4843193669107095,-1.0960391187321317,4.684461300437275,2.186401943455165
10.6796875,4.423292094497061,2.5523731970806764,2.046874773981733,2.149120653708988
10.68359375,2.773167559040674,3.130497537492038,0.10467055025561608,2.358952084427516
10.6875,5.415227231511897,5.170865732117773,-1.1063976045761839,2.3688934622684483
10.69140625,5.262004740345133,6.596161078292987,-2.3663892271789178,3.385843600733628
10.6953125,5.072532543919662,7.303057344340902,-4.678351539180481,3.2640171795194486
10.69921875,5.579452999854007,6.485989360138165,-2.3942924032945156,3.874344352924319
10.703125,5.318575800936793,7.243415188470036,-2.5395798269746694,2.5776841302805225
10.70703125,7.2735522388641405,5.3556605505918435,-6.046304906020805,4.78661062399479
10.7109375,7.128086600566199,7.505880861768388,-6.874324390415747,3.179030672850672
10.71484375,4.242267442117825,6.626797099348554,-3.9034487725698725,4.036058048160414
10.71875,3.5373299633297255,5.94103935375304,-8.533295109188206,3.9472435520748728
10.72265625,2.3897013243783207,4.657390287927336,-8.519698078060005,4.847990656703562
10.7265625,0.14184147374815703,5.378501771796738,-7.956966704916477,3.7496645200772862
10.73046875,-3.7238135120771503,4.083669027345175,-7.758161583592914,0.05268332314475743
10.734375,-5.123637808247615,5.1619510610910515,-7.322999373305442,-1.0550238047382314
10.73828125,-7.25813001465295,1.4370130863016464,-5.6799919095342934,-3.5573159958260785
10.7421875,-7.978036272583812,-1.5253613148000003,-2.85245534575205,-4.550073787873863
10.74609375,-9.833047817565399,-2.871562631976962,-1.9520883032855287,-8.259862825915834
10.75,-9.875777210063799,-4.016783244309822,4.467708321875461,-9.990089264700542
10.75390625,-7.377855206982588,-7.553828903594802,4.528370702570738,-8.223671676104034
10.7578125,-8.014026258994475,-7.027354956393614,4.899364985481787,-9.252348699678224
10.76171875,-5.76723924172716,-9.095667545951008,6.812838808704524,-7.3233889475258085
10.765625,-3.542731615523786,-7.846126681446117,8.018899807018787,-6.414749795059359
10.76953125,-2.43960662226546,-5.744343917674519,5.408506814878799,-4.542924232064617
10.7734375,-1.496350545681168,-5.983909045298217,5.7701940891731995,-5.54963404619842
10.77734375,-0.6194262920299012,-3.5804887463945723,3.9682570896307943,-1.5900149968385304
10.78125,-1.182892838432897,-2.245814471744963,1.5599479304101236,-2.2038715233879485
10.78515625,-1.5893127367965816,-0.1712860169145919,3.8242888196800924,-1.1866572966102278
10.7890625,0.8694354001088552,-0.021367850368563368,0.8668876274450692,0.49461851254600986
10.79296875,1.6289530627002409,-0.6337878685287077,3.2964374957647813,3.2668005019374906
10.796875,1.6551342904855912,2.0582900037592795,2.4257597862956715,1.6577372846172382
10.80078125,2.7000296480070283,1.0690949068931406,2.2225244039484022,3.4459233522602113
10.8046875,5.454219855993293,1.2743430078321472,-0.08431065859151898,4.323232578961325
10.80859375,6.700512319064202,-0.628038159735913,2.25922078110203,6.285419773869418
10.8125,5.580244843740012,-0.642518465601112,0.2256575636938125,6.308764922199567
10.81640625,5.589900307446152,0.09787917678412217,-3.867778110485028,7.867890023148261
10.8203125,6.518775474354222,0.8794808139641204,-2.6064838507624706,7.252540159405344
10.82421875,5.992958674213037,0.6449081930346707,-2.7603490508241504,5.994139125473095
10.828125,0.7409752537479259,2.031270717392607,-3.526234305403393,7.036970082052534
10.83203125,1.2278175809727698,2.2681404929763573,-2.6490522978232,5.683949607739353
10.8359375,-1.5557389528784986,0.1476132128933232,-1.1663352670211757,3.950341042023127
10.83984375,-2.236123233471135,0.4889958525549648,-2.424775342899864,2.7626207903003257
10.84375,-3.523634343275739,-2.1021513860760743,0.4546938116092392,-0.7619242691745658
10.84765625,-4.384898256847095,-2.4756590443116933,0.44627207064163965,-2.084260967468376
10.8515625,-1.6913518569750434,-3.6745275418156447,5.121067477797441,-3.453770463653211
10.85546875,-2.2720457236358036,-4.438145755227742,3.514410644232473,-2.6868799056643704
10.859375,-0.6512001618170619,-6.060696268811013,3.6911124635839205,-4.76397818438942
10.86328125,1.6940754196851957,-2.37025831385139,5.970063476839273,-2.358724849865662
10.8671875,0.42177642973307894,-3.2624441698274245,0.9736357907545372,-3.1983679233538456
10.87109375,1.3853929271670082,-0.15592313973029193,0.8368759036805413,-3.165610073822467
10.875,3.091397427218327,1.5718126831093757,0.40661696808294767,-2.262022251140558
10.87890625,1.6421814914653448,3.280711249873409,-1.5550675966937266,-0.8493682695167333
10.8828125,0.8535488063313454,5.341649548786707,0.212699203406578,-1.0162687781871171
10.88671875,0.7365580188719831,5.379876371927481,-2.6740645187718104,0.4358079265766348
10.890625,1.2636105539034082,8.092024354416079,-0.2838364024633857,-1.4657063549342366
10.89453125,1.4875814879076659,7.826238285429352,-4.808416468255049,0.9248411175560043
10.8984375,2.3643835349584905,6.032641600208475,-2.9449247189139944,0.7461055821703586
10.90234375,4.051558682144745,4.609184142063907,-2.516732409702986,-0.14505873402886682
10.90625,0.9058066085200185,2.6827584562463014,-4.729683140903294,-0.6013264956268661
10.91015625,1.8748980222392593,3.8081424416583864,-4.940360709797758,1.3489829650036997
10.9140625,2.6760815469901256,2.5199300787713694,-3.7215878687060098,1.1228381057872259
10.91796875,1.540363502402796,2.151619649443514,-5.939787756490373,4.234361262923116
10.921875,0.33401491212694634,2.3862577492398254,-6.09994337912083,1.4502589738781377
10.92578125,-3.676345516706542,2.292656429349097,-4.793816959922677,3.037793522954149
10.9296875,-4.193641943793451,0.23562233502383012,-6.5168196624979355,1.5745180176442948
10.93359375,-6.879039728446136,-0.3272178355735324,-3.669015388620743,-1.2638387382833947
10.9375,-7.037718228244909,-1.506863007615429,-1.085843380386397,-1.8186563034499932
10.94140625,-8.412262975744577,-3.787663963856209,1.2347237465996654,-4.00108355182631
10.9453125,-8.67764601860136,-6.039913469183542,3.945769849053633,-5.561156079281157
10.94921875,-7.6652341479841395,-6.676575426404973,5.881882539288066,-6.983126469130202
10.953125,-4.297134613629712,-8.5874899914521,7.984598796068243,-5.4503466303141535
10.95703125,-5.025836905287151,-12.290103299607859,8.297320939482118,-6.001454447692614
10.9609375,-2.35021625044598,-9.825192653480991,9.089757089835716,-4.335197893455382
10.96484375,-0.348699219515322,-10.136068606781793,7.577187150396486,-3.8498806939230827
10.96875,0.3182651637884903,-7.79414546860027,6.985787276425531,-2.7390565122910546
10.97265625,1.3852588397634387,-6.492648065092212,5.953400777239458,0.0040228267041630406
10.9765625,0.6916364637702959,-3.345275372881325,5.995513214850433,0.9245049522767401
10.98046875,2.9571139334017316,-0.02114405322103452,4.028903399135031,0.955290817465988
10.984375,4.389725095107952,1.5157193930036157,3.224107386731716,2.5065532317927253
10.98828125,3.1898769304358803,0.03711709582546918,3.2896385266253607,2.3565557564303177
10.9921875,6.4767010886650045,3.4538618166187534,2.398621807893608,6.6515063757827635
10.99609375,6.773598291792153,4.785609914739962,1.0604089451043897,4.500489456926164
11.0,4.436598632881216,4.790269100224002,1.3355280924715038,3.3675425177075278
11.00390625,7.856919046148083,3.7049715129244807,-0.6429977312087851,5.715604659829425
11.0078125,7.233230017511059,5.208658950009894,-2.593629098271303,6.670766507082725
11.01171875,9.615586691469648,3.9288981631947384,-3.263678273908575,7.0118757459703
11.015625,7.703920260963725,7.041826145863247,-3.9655474063037603,7.919099637860886
11.01953125,7.003560336659613,5.740558324220283,-7.113769915247332,7.849551125178346
11.0234375,4.285356367506726,4.935728626438341,-7.797824175321427,7.101730253977269
11.02734375,1.7367507295810825,5.189263515987507,-7.844752367390167,6.677660264252739
11.03125,-1.1958703495062033,4.663663308560763,-6.336740100505363,2.3905556875781846
11.03515625,-3.0015727615008116,3.8024687813049733,-7.8795923140337605,1.929471257500053
11.0390625,-3.7267636214085105,3.446398790662942,-5.839348865778014,-1.6456658734862666
11.04296875,-5.015671936569224,1.7104132906985583,-5.650054895097784,-2.263303238339633
11.046875,-4.9029219664617285,-0.6337685637396813,-1.2265835113574912,-3.9393671392573104
11.05078125,-4.95075405787758,-1.507694003648727,0.2547610819433316,-6.460532239789954
11.0546875,-5.950791672292215,-3.0979603509392577,3.2359853814910675,-6.445273361214154
11.05859375,-3.4680100686765813,-4.177853518080298,3.3183531728198954,-8.0289013239944
11.0625,-2.092971167549079,-3.6580324646590134,2.84266157994524,-8.51207356383975
11.06640625,-3.735356838300043,-2.7891039426739717,4.878369224103466,-6.265409252607296
11.0703125,-4.21744759969296,-4.584927742105752,3.506052522884398,-5.8823666585122565
11.07421875,-2.4671602665160797,-1.8718786150421542,2.07001118168861,-4.88617857424507
11.078125,-1.8492018712883216,0.8670041209876188,1.721396903508174,-3.4644856002339806
11.08203125,0.24237434188472928,1.6454648426634026,0.17893800832426865,-4.647830617795867
11.0859375,-1.3677368083718888,1.0222605644287035,-1.955478082032023,-2.3278249353338167
11.08984375,-1.4679227448383048,2.8492536358840392,-0.1333609828675265,-2.710598713201162
11.09375,-1.2994138404075501,3.8696940210616253,-0.0523738857599359,-1.6967079494556692
11.09765625,0.3087971468472764,4.421470641399571,-1.0060033520529483,-0.45863166692579593
11.1015625,1.7351845317176031,2.532300854840079,-0.3973712488475162,-0.1614819626410483
11.10546875,4.0523438704662595,2.389340998517958,-0.2998678571740062,-0.4398874376468662
11.109375,2.924107188330558,-0.9472579160629016,-0.5746605731313492,3.805206636709347
11.11328125,4.760301115895551,-1.0152896268679295,-1.857890685209139,4.250436959964828
11.1171875,2.289997159978381,-0.11966431643001116,-3.2835862510990266,4.298208216097442
11.12109375,0.9275610494583609,0.7291623244720894,-2.0054183971173005,3.9396590645039025
11.125,-0.11324808438077721,-0.2535237620711962,-3.004249360541484,5.426771347906831
11.12890625,-2.088667611690654,1.5232934620416314,-1.7242930162904273,5.1309087017608555
11.1328125,-1.5984875383129329,-0.6062771428242113,-2.1286285287742457,4.718986159554228
11.13671875,-4.078589464847026,-1.123294655865481,0.09689859307934512,2.4657811695940475
11.140625,-5.918068864378622,-3.2842210250627337,0.28787639501402884,0.38578423301722403
11.14453125,-5.346357035595862,-4.567616917345273,4.575793226415774,-1.763730870048049
11.1484375,-3.448723012899701,-4.332324131137016,6.356133505492999,-4.009327896116469
11.15234375,-2.9387263041181386,-8.457137564743732,5.214863569057379,-2.8315041659737563
11.15625,-2.2102189639720637,-6.857982842083426,6.355815555362245,-3.8942823175603904
11.16015625,-0.15873099419566614,-6.62569909293785,9.270269122759876,-3.1335187674671685
11.1640625,0.8609328008540176,-6.575393506008335,8.019543494188886,-1.9625704710776137
11.16796875,1.8863014435617387,-4.690555206707421,8.27572509851954,-1.1279416262943078
11.171875,4.624664685386735,-2.3606316328696915,5.083536394263739,1.6367054388813564
11.17578125,3.9956756314117396,0.10365997314062525,2.9994417089382153,2.655868452618984
11.1796875,4.464807496977166,2.566933489506896,2.472686214632543,2.278586023272196
11.18359375,3.7070853039647367,4.226649918151624,2.1441938973110304,2.484177899486805
11.1875,2.7049417403111518,5.9538905988960575,-1.087052290354721,3.8735274335192544
11.19140625,5.6493969209928405,5.887111877427337,-0.4807408622764531,2.681438505849056
11.1953125,5.801526223837093,7.528904891494971,-2.534745799016608,2.336571710038909
11.19921875,5.058014730198648,6.3359579553975065,-3.6604731371034545,2.3912626315803496
11.203125,6.084964057641345,5.986869640815278,-4.253618384416739,2.2786261824398486
11.20703125,7.106911884163217,5.866963430601721,-4.499915402010816,3.647703456967802
11.2109375,5.654502226691505,6.82232921503279,-4.630605802426569,5.142212192722554
11.21484375,6.749540650069476,3.5502945928090646,-6.591517981613014,4.894979109698266
11.21875,4.6613640576409665,6.340151916210838,-6.944383425200237,4.220032336110842
11.22265625,1.393973955500869,7.490442504546504,-8.563772406540638,4.949799756935324
11.2265625,-0.39675868215679416,5.007304333985775,-9.178519410410631,3.4655478521149727
11.23046875,-3.198590073963963,5.222861058536202,-9.129631578819563,0.9361900224189605
11.234375,-5.375726812018388,2.3933069639181186,-7.076838059842746,0.15731336326227063
11.23828125,-8.044108391672111,2.802119155123761,-4.565771843353472,-3.253231962820029
11.2421875,-8.082670368681534,-0.22112705948260272,-2.9625506415748406,-4.774165250588137
11.24609375,-9.879769662021292,-2.63976982307451,-1.8545468910247311,-6.187239021885549
11.25,-9.82351778734198,-5.110706473495436,3.0944226674126902,-7.675539591215097
11.25390625,-7.84969162629146,-6.064401990287255,4.5475389029845275,-8.963827725903911
11.2578125,-8.322151232409997,-7.805291386781361,5.273755431832922,-8.727917882254529
11.26171875,-6.333242309801407,-7.669342650805023,6.006895421237184,-7.4763412284398285
11.265625,-6.623430344335149,-8.283664745833708,5.642986147908845,-6.382544127536942
11.26953125,-2.581353204201882,-6.076772064726043,8.111138977717685,-4.5054297637864416
11.2734375,-2.0634151468349033,-6.404997051261173,5.440832521093606,-2.763042373883586
11.27734375,-1.3893336095041406,-2.6769091285321327,2.002951396296412,-2.4717671589155037
11.28125,-3.188469377147751,-2.414517405789687,4.49515630597814,-1.187571948599347
11.28515625,0.7068294652961229,1.3235149906159331,2.702309767632727,-0.45591593571673145
11.2890625,0.9059610237161733,-0.6935830403539296,3.6951795393899647,0.401323702586496
11.29296875,0.7026085622845037,-0.10499859998430194,2.698361716123793,1.9670040491592413
11.296875,3.113437305705176,2.2844159106020903,3.580900406781001,1.7295680035588914
11.30078125,3.851037957996587,1.0174040161188929,2.9378356936561376,3.371813557094096
11.3046875,5.600110736920446,-0.07277034330555143,2.708838554728022,3.117393669935338
11.30859375,7.6983540186274135,1.5548072667793165,1.4983346906368982,5.350417084148295
11.3125,6.928167489033629,0.010419296085765861,-0.6771894458960325,7.5847151784342195
11.31640625,5.789526610736769,2.7152707947622723,-1.9444070634626873,8.979426232682313
11.3203125,5.96683019094926,1.7475111580216718,-3.4643340418076307,8.358101175846347
11.32421875,4.075524848262185,2.552912845324937,-4.566083608910811,9.349750044021913
11.328125,1.922874268118611,3.1484426127555922,-5.795933824153154,7.2319974402074925
11.33203125,0.04881063908472272,1.1641347630330579,-4.87450817096793,6.634807138616253
11.3359375,-0.3498129247270507,1.2310442865558155,-2.8203366741941815,6.102673037714025
11.33984375,-3.675619521509252,-0.5216369084459246,-3.242529787533851,0.9144397000468
11.34375,-3.3050476432389573,-1.0826648882835386,-1.7124830509515934,-0.4264355487751823
11.34765625,-2.6438242562573397,-3.225366500442946,2.2105490391459077,-2.366667489154686
11.3515625,-1.9957933411110722,-2.4050823711421963,2.5993418913494635,-4.800666695239693
11.35546875,-1.261445778818219,-4.509212624481789,4.476264585856824,-5.122502118978735
11.359375,-1.9129575994543917,-7.760552587265725,4.927517830267829,-4.617656129963397
11.36328125,1.1272316020389066,-2.956115189306546,3.78555850549321,-5.019047815467576
11.3671875,2.3798359600871315,-1.7467609901987875,2.5604647118380637,-2.684442145775651
11.37109375,2.1454939115808873,-2.5058509852054467,1.886935143699242,-2.4580826842280756
11.375,1.244298124080492,2.094472896975354,0.7206487539221578,-2.121973287169056
11.37890625,3.6815580861274046,3.104851281485762,-0.20695308329576723,-0.7394925114441658
11.3828125,3.5441019172512296,5.228676320603556,-1.849657228057198,-0.8020034372986494
11.38671875,0.26221778815777164,6.863979039550414,-4.632630692091176,0.09041149054249742
11.390625,1.7104060755493355,5.962235711834942,-0.8022126232916076,-0.0484700580904186
11.39453125,4.091531457259338,5.863010353285171,-2.2680802740655217,-2.7200320585247217
11.3984375,3.573678503420121,5.336088021243377,-4.680481233612191,-1.6401864764947929
11.40234375,2.768755482428342,7.225024794963642,-4.496400821200497,-2.131353047359249
11.40625,2.500097754116008,5.071225314016067,-2.425130588560896,1.8612267407067642
11.41015625,2.130068562438077,3.340509821227637,-3.8148725723854557,0.8907339036919566
11.4140625,2.7192244293492953,3.565458154465441,-2.765440329586241,2.864926577629486
11.41796875,0.8591572668102967,1.5200626824669687,-5.229697385455512,2.241999194634535
11.421875,0.8577326141743649,3.2502629348856984,-6.006987066257415,4.050312755348289
11.42578125,-1.9297557958743603,2.1229516678402343,-8.357594238329694,1.4351967461904502
11.4296875,-3.9779006298520305,1.8173220602726456,-5.292281543595638,1.2378700279891839
11.43359375,-6.162039982764827,-0.7354271679360389,-5.139507117805516,-1.164968413285094
11.4375,-6.335524362497747,-0.22797839994761948,-1.9599301042476318,-2.9549563045039866
11.44140625,-8.993815822726297,-2.4888710879969866,1.482488583505147,-3.30801811907604
11.4453125,-8.408194223298667,-5.000220415064122,2.0954030071456717,-4.986076564478531
11.44921875,-9.292046351350375,-8.981464655704718,6.17151286434159,-6.04655336678375
11.453125,-7.168963313035742,-9.64478453444549,8.750315321156275,-6.966653853981056
11.45703125,-5.113685175231387,-9.132701070868345,7.535983689151008,-7.299599452327931
11.4609375,-2.4250683949419845,-7.856282644621343,10.0961271821701,-5.51939469417082
11.46484375,-2.3126072123232277,-8.412354383449115,10.142297411952187,-4.114650644071547
11.46875,-0.0957231370489558,-7.177850692389476,6.738177780609064,-2.2316051439735247
11.47265625,0.04320923925069653,-4.523970212346465,5.724863050967458,-1.9618092441324557
11.4765625,0.8215589794928592,-3.9656376232833273,2.8321938847308057,0.8100570637417137
11.48046875,2.518556489096688,-1.7939569027775388,4.273743533431743,1.4344221963739465
11.484375,2.1157230770131523,1.158684873837232,2.2240609415892156,2.393003644981755
11.48828125,4.938621800447635,0.8299654038088589,1.4665215637926692,3.3569704750774942
11.4921875,3.3347079332650233,2.4833545862689483,1.5465147983018541,5.411751594985968
11.49609375,5.0916747786854035,5.108359664228425,3.232903361475852,3.709097329413566
11.5,7.875211959039374,4.0638466654768,0.34432108537663286,4.697652988601423
11.50390625,9.066803153726198,4.34005003741051,1.4850794173768807,5.347354632961599
11.5078125,7.9947550448864835,1.1353429369264116,0.056049827261313245,6.243225959064929
11.51171875,8.230635492812272,4.93690944400603,-3.240288602336686,7.282693584935419
11.515625,9.007578322717341,1.557394008305867,-5.827984339727237,8.375891480190738
11.51953125,7.4385686822613994,4.3834499253803925,-6.890667621951238,6.363192080896642
11.5234375,4.681610258965932,5.5190884688934885,-7.588501571481094,7.730643000918859
11.52734375,2.3877965275485025,3.168543256608099,-7.829926988974625,5.192516065680297
11.53125,-1.2798979122768794,2.9579710699779067,-6.601987793014873,4.625281716649947
11.53515625,-1.6248784682114126,3.2436251357073917,-7.0017564838325566,2.357869046867189
11.5390625,-4.054848671614233,4.013051840271488,-4.8968578412394494,-2.089871311728192
11.54296875,-4.928401066938646,2.239563102776426,-2.464884599119746,-5.0921316775771786
11.546875,-4.386816980933934,-0.7312039431544224,-3.6393353677097346,-4.384607915192234
11.55078125,-6.180081203676352,-2.8814673506211745,3.0208586576289376,-6.955799880592774
11.5546875,-6.019317554732712,-2.4835228531745184,2.9783908433597106,-9.122916892604962
11.55859375,-5.339306327004341,-4.579112242998037,2.8490822735739627,-8.37996176483512
11.5625,-3.93719100266177,-6.231179870726104,3.1981269697076744,-8.899353201244262
11.56640625,-3.2717829217630814,-4.377480390483966,5.28942614455912,-6.687830886580063
11.5703125,-1.2161656645421077,-1.133116006461501,2.8522309162418336,-6.217176819240103
11.57421875,-2.9495982932795672,-1.154093413275259,2.384854349265574,-2.3551748182452967
11.578125,-2.28744187923397,-1.6241413189825684,1.2076019457784106,-3.479108538811189
11.58203125,-2.4028717842643235,1.3727031894456192,-0.7394507220836681,-2.9492678561309784
11.5859375,-2.850388810555965,2.405121032189387,-1.0269129358383664,-3.338226007748963
11.58984375,-1.497271048095937,2.3493123546987817,-0.46404154925033725,-0.6064374422045156
11.59375,-0.8274021743632161,4.459737984847887,-0.03755226312354887,-1.3731894716469295
11.59765625,0.6694686315006597,2.5214955239623,0.21638071833393735,-0.38442537934892884
11.6015625,-0.2744669580727921,2.3674239444364513,0.15108633271862265,-0.2553654821617205
11.60546875,4.046198004291647,2.9180556850563817,-0.016715497426513348,1.330033882434357
11.609375,4.817975355477153,0.424071906250644,-1.7621111377038061,1.7291915006181149
11.61328125,2.3363825292828846,-0.9057576896473691,-1.750607548649863,2.8926525259198037
11.6171875,1.7300740272031185,-1.0089549389727837,-2.314193511405709,5.12500900896322
11.62109375,0.7870896460479104,-0.26821344818901194,-2.423093930789706,7.105201144293874
11.625,1.4764113887217223,-1.8222341374950664,-3.684421567868821,3.98395674673181
11.62890625,-3.4375656240848045,0.8928647815414241,-3.2065773164009927,6.118044598972066
11.6328125,-3.4113244853094935,-0.2209541464748629,-0.12664726062699572,4.093401272431415
11.63671875,-3.234444933971088,-1.866739070727311,-2.1175250544056725,1.3781962330510904
11.640625,-3.999890093012163,-2.1243105851050923,2.712526870646875,-2.0558434284318396
11.64453125,-5.0654719833229,-4.248668569477021,3.626914784329811,-1.002342545047966
11.6484375,-3.8761097929824633,-5.839606787857209,5.868002513731271,-4.289560457753869
11.65234375,-4.260867732530905,-6.430088192077463,6.110737644548884,-3.777409717404651
11.65625,-2.8423579545752538,-7.293924800870053,7.531157822826581,-4.218251739653215
11.66015625,0.590983955952781,-7.930912149916483,7.202891698709964,-4.270595023234993
11.6640625,0.3938175493097211,-8.12446422029087,6.337168328376835,-2.2669707100347423
11.66796875,2.820794068919527,-5.725965001508322,6.435400117359564,2.0473287516309924
11.671875,3.9349871537820027,-3.4500686371149545,6.256919491641045,1.8633225039431476
11.67578125,4.3934779995946265,-0.5845127794688584,2.420823437091501,0.7867389248288648
11.6796875,4.49593552151611,2.263313549641985,0.636314614948634,1.5960589566925094
11.68359375,5.427327512137562,5.104954398544707,1.9517679866360305,2.3535382246301326
11.6875,4.579286683656753,2.942651904505482,-2.111841394504365,0.9907145168684466
11.69140625,2.291652809702701,7.270340782369571,-1.2721016562947547,2.2094745582490884
11.6953125,5.327449059563634,7.388521755955351,-2.3653562572969364,4.19349092824565
11.69921875,6.918376071464653,7.498806090772416,-3.3291408995947562,2.3302551518451295
11.703125,6.001678306617936,5.878099797645676,-1.8944107633533012,3.073892022502245
11.70703125,7.491636190291476,6.867396637577419,-5.358772243870556,5.186855663129866
11.7109375,5.321216660862459,5.78855538264289,-5.484043764034453,4.859842662181574
11.71484375,5.3037305071646115,6.514777363576236,-7.019330131158973,4.825216934322664
11.71875,3.758592627459207,5.563082712203655,-7.101004190534108,6.038790732795974
11.72265625,2.382668126008998,5.632890228067723,-8.402275311019741,4.731620968181969
11.7265625,0.7367019262075603,3.3957915803843792,-9.402336200440747,1.6904130324944793
11.73046875,-3.309257798471525,3.4993511838078,-9.3808776478546,-0.38328610596140145
11.734375,-4.098411946306293,2.769977495367894,-6.111781843572931,-1.937356141339521
11.73828125,-7.868654764488349,2.1905590465023326,-5.7997986758982,-3.1026506504741946
11.7421875,-8.209116297957136,1.1382824086379117,-2.225179947230245,-5.543393755696978
11.74609375,-10.766467552525082,-2.2203364272541353,0.0011013106480179946,-7.770721002704762
11.75,-7.556623711058734,-5.417381614480253,1.682767104990961,-9.544386486927358
11.75390625,-7.880290846451303,-6.405289191821157,3.9219673824040893,-9.146493012003186
11.7578125,-6.416854525482787,-5.675048692649888,6.073093780902652,-9.588067370982268
11.76171875,-4.242699280884091,-7.076427010466808,6.718350270058665,-8.595996482641224
11.765625,-4.765995084100633,-8.581962282995601,5.973694985757832,-6.641434323077863
11.76953125,-1.2763890516009564,-6.39913637907827,7.532707080064634,-5.342090737920813
11.7734375,-2.379530732923132,-3.5650465746533597,5.193854012330583,-3.153608301196926
11.77734375,-2.163497052899606,-3.489338400333928,3.72175228948819,-3.552399929620761
11.78125,0.20227137521205418,-2.0006961983736575,2.8465936265786795,-2.0073328437910805
11.78515625,-0.9481765217306273,-0.7189603829418674,1.4014425308689213,0.4137347468564928
11.7890625,-0.17645892456338869,1.669004478907503,1.9160381949079666,1.5416325400722077
11.79296875,1.361377446873595,0.7300466844280529,1.5767486882206514,0.7358451059519696
11.796875,4.039414018936828,1.3782849171049238,1.1103712426414574,2.916074249109321
11.80078125,4.056831453493872,-1.079055449597789,2.8279426328933748,2.58406878626766
11.8046875,7.056762829088117,2.2467083263291823,2.751612621355442,6.643964772535545
11.80859375,8.204202182523813,3.0860095510782033,-0.4995961152562578,8.158191699933733
11.8125,8.094211459333692,1.843812809607007,0.1536373657805199,5.628925464392958
11.81640625,5.422999976312893,2.0933103988231148,0.7917213083177064,8.450238099113914
11.8203125,5.0086051994323535,0.6855808275025114,-4.577499785142409,9.500510473086742
11.82421875,5.674947969720605,1.4135758830891931,-4.791803671557172,8.010547643547662
11.828125,2.9228213438407824,1.4195169398362328,-4.071708891758733,5.776538057883728
11.83203125,-0.5706969038778598,1.8041483525501758,-3.6502408308562426,5.590554216491
11.8359375,-0.6473892893218633,1.7550665273627886,-2.3288997383614296,3.8979859680534004
11.83984375,-2.1586929974006956,1.8902625783965896,-1.7369411524756666,0.870688079594744
11.84375,-4.0538962697635,-1.4741104206748903,-0.40523648745990726,-0.5340558810473569
11.84765625,-2.344315247714184,-1.8898925270694455,2.319766681162886,-2.3770999119991143
11.8515625,-1.3239761382040194,-2.8755955380455616,3.727092423482514,-4.908439468209972
11.85546875,-1.9872888364355,-4.136124860799076,4.713386193024492,-5.027932580646828
11.859375,-0.4917641909717107,-4.702698638207959,5.404472626519738,-2.7686932732978544
11.86328125,-1.0958740102767344,-5.237736196669803,2.44152953689902,-4.813013281139467
11.8671875,1.7464090878826788,-1.5490287125738562,1.7540836421610424,-2.97112192860896
11.87109375,1.719736165309666,-2.2755350450626723,2.293535050690176,-2.652083428604254
11.875,1.0576079042257067,2.3508194490018934,0.711302111889923,-2.242784843744373
11.87890625,1.5737946041129862,3.797538533954648,-1.4352004308570145,-1.5758422686384992
11.8828125,-0.920332801285151,4.819781190737751,-3.9850378869951544,-0.30686736995819797
11.88671875,0.7074217354696624,3.936918609443706,-2.528408915232537,-2.813849776256147
11.890625,2.7702962364464536,6.443628270987505,-3.221640881708231,-1.8801395476795333
11.89453125,1.8178372032846348,7.237085669020763,-2.477163020250451,-0.2679927716283783
11.8984375,0.9476196979624301,5.955395970830645,-4.242699467106641,-0.5134419140785567
11.90234375,3.2735735322599213,4.993315609433998,-1.712915269443203,1.1961740708967301
11.90625,3.446485741677676,7.256651421270874,-1.0478398957997292,0.5279589540064128
11.91015625,2.5175877001728413,4.652857645234013,-3.830892279617056,1.4033956494411077
11.9140625,-0.12439394573170492,3.8388666398550817,-4.7497045892777425,1.5077118002341425
11.91796875,3.2719549314131138,3.793292480727973,-5.563165230951834,0.5224995047302583
11.921875,-0.5992063552660468,2.047545235973396,-5.071743777784951,2.7269707587058676
11.92578125,-1.8111905606976297,0.7090542189669451,-6.3426845569589805,2.351024007426428
11.9296875,-5.505515822577756,1.0676647899412184,-6.195900388113065,1.7546342634476046
11.93359375,-5.066987185487762,2.006507772897156,-2.9471088455844536,-0.06769666576359795
11.9375,-8.321807995985795,-1.0348811478993314,-2.8648251814955343,-2.7200073520420953
11.94140625,-9.30012168851371,-4.576804988715544,0.4562609123951299,-2.7511121453688343
11.9453125,-6.863729160936119,-6.295061545944015,4.963799344498387,-5.38953851526332
11.94921875,-6.4722764501606385,-8.055787647056661,4.619299418844859,-6.18428650344049
11.953125,-7.543581962835477,-8.110968483496656,6.693646768725049,-7.045909539598504
11.95703125,-5.192884113226386,-9.781736223325987,9.25059804809399,-5.2925964350607435
11.9609375,-2.8938101156421405,-10.334980329069428,8.433307778077083,-4.835919276517297
11.96484375,-1.0632532154238996,-8.988386759176134,10.20359241064303,-3.3866279454763375
11.96875,-0.5934266063575085,-6.604797546852634,8.541329373354033,-3.082204197233021
11.97265625,1.1256990191885814,-6.599187022202487,7.56694131170247,0.3729120727566594
11.9765625,1.865823125920691,-4.499738840800797,7.933082995208832,1.2738587548129814
11.98046875,1.6358184806937546,-1.6064303721004776,3.568825270595986,2.4715949006624567
11.984375,1.2049511434292746,1.3539613226659237,3.7773498983813,2.6585664331091
11.98828125,2.7934255267137074,2.2027236188874575,2.33639722894075,4.422353643330524
11.9921875,3.5620151922350196,2.650585796356332,0.5882444816247365,4.808743740134124
11.99609375,4.780407809109777,4.54806603917866,2.212765630654373,4.25499738858631
12.0,8.557960787489424,2.303931912629766,0.9031214552470422,6.806699024694218
12.00390625,8.737312602789666,4.812655174889903,-0.28409373610090605,5.811969630990296
12.0078125,7.866256771665984,4.69637632094162,-0.5670519637158631,6.128120074847541
12.01171875,8.019096674362142,3.5251955106135666,-4.690226577167781,7.127878475283971
12.015625,9.050211990250354,5.41485840487311,-5.055432286205152,5.458176629946776
12.01953125,7.386318030574667,2.8156056716004754,-6.593245976812899,7.365364581352532
12.0234375,5.772599701261695,4.21943491529636,-7.106373528895901,5.0533536878790795
12.02734375,0.8569776295964342,5.725211483945778,-6.440329162954439,4.989480242835521
12.03125,1.384485345283914,6.355848131671772,-6.131122772226201,4.6949554435839485
12.03515625,-3.0092126298590007,3.323147468264348,-6.230953873012217,2.1875689636353073
12.0390625,-4.780071956916823,5.2779608906315,-4.58772915405424,0.9607108659832352
12.04296875,-5.137926423831151,1.5953944014307515,-3.5528461387051187,-3.0587531382187056
12.046875,-3.328867173620266,0.8967155651036607,-0.1720766934243948,-3.803002797459408
12.05078125,-6.655501009958129,-3.5148542800330063,1.4673284763637389,-7.239474062531424
12.0546875,-4.378123155953056,-3.9289596850440383,3.236540343778075,-9.164346537157284
12.05859375,-3.2644028916348353,-5.565273973382513,1.953986436019615,-7.657575595203886
12.0625,-5.051328313097566,-3.831717085672495,4.072895121607689,-6.970358152209799
12.06640625,-0.3224683287082799,-2.8401691629870047,3.4049669681939774,-5.731253957860394
12.0703125,-3.8876752758760555,-2.8766062148547245,0.8590853659459661,-4.8758848542298985
12.07421875,-3.006202484055585,-0.7414681593963193,0.41726060996707637,-4.5923716499232485
12.078125,-0.7819607004601341,0.7801363779213205,0.01467658876882627,-4.898071483219248
12.08203125,-1.1682928795429395,1.6620732881791909,0.6847360428613911,-2.418397935245122
12.0859375,-4.135544231789644,1.4333138227626736,0.4918699191988405,-3.25692828002044
12.08984375,-0.748275420962741,4.808072514392136,-1.1455152206669081,-3.819100477154999
12.09375,-0.32415050037887,2.4107744155611766,0.5945000542858198,-1.4138994778557856
12.09765625,-0.7072646056195027,3.214721402881193,0.13896594624874498,-1.5629836507747012
12.1015625,1.264637956823359,2.135569541766189,-0.9321221166405824,-0.30177863901580126
12.10546875,2.4901377456056095,-2.0677844376573806,-0.037389076977621616,1.7359089732245574
12.109375,4.393213617653324,-0.15574593980345885,-0.5016391100083789,2.9689424842026146
12.11328125,3.499610302916774,1.0200100997935613,-0.7576044660068392,4.063016442339395
12.1171875,2.2966114490670115,0.2930059723335075,-1.8583736299669025,5.3143882931350594
12.12109375,0.5665285424470472,-0.29232382262117734,-3.2534975223223555,4.965129375141527
12.125,1.0032139510030822,0.2425344874522506,-3.6189468825996824,3.635391053843647
12.12890625,-1.4290766988534633,-0.01255342751611932,-2.311666314208305,3.9499842519554913
12.1328125,-2.672424229562054,0.9286554205774185,-2.4280923584609253,3.704728819052081
12.13671875,-4.93723061981741,-1.409595194248441,-0.9000955211492789,2.2603038835821607
12.140625,-5.77269576775983,-3.915728882359027,0.9225546760113015,-1.130045843574843
12.14453125,-3.7208782915554632,-5.494672431999725,2.4224859090223143,-0.6564115660206131
12.1484375,-4.922947662312851,-7.802439921995642,6.876520605011497,-2.199890531392311
12.15234375,-3.583263960547573,-8.030950608934052,6.438091989552771,-2.5437230805233773
12.15625,-1.215380422737907,-8.552152198271504,8.266018129116356,-2.4491340243162476
12.16015625,0.02211104206958525,-8.104004117166477,6.301598674594228,-3.215449202154404
12.1640625,3.0207697082580847,-6.185375300337966,8.03444930147759,-1.198910009970608
12.16796875,3.1007556688370728,-4.759290455473818,6.105727542600899,0.5810637784563162
12.171875,3.394277572790584,-0.6445450106249,5.343725816051033,-1.2670717059011218
12.17578125,4.604651600073246,0.3582385282456588,1.7353886642057423,3.932812830694939
12.1796875,4.9777244196708255,1.9197234043131124,0.563685740150381,2.06102352321145
12.18359375,3.0345084011009855,4.314109825288361,0.17214410756502163,4.053910831796344
12.1875,4.324780690015424,5.607637252628583,0.9328381269657549,2.0925115528531424
12.19140625,5.8096638609474525,7.385553535728215,-2.2036482982726993,3.7630895877008825
12.1953125,5.31935278520315,10.350054747161542,-2.3576361205020278,1.8597799274232196
12.19921875,5.587483037260159,6.522265368891584,-3.0456499088231253,3.0791861848648026
12.203125,6.805281121983921,6.129737069611007,-4.137616193602159,2.928234488121669
12.20703125,7.198044038318771,7.31786723782023,-4.786120503133292,3.7008602037095866
12.2109375,4.7515452901231,5.252135640861437,-5.443949431032011,5.169963234769499
12.21484375,5.431203051699232,6.884136438720292,-7.144048485691166,4.901826819772826
12.21875,5.714714921021336,6.357021586367483,-7.806814700171328,4.237961446068594
12.22265625,1.0540192322582842,3.9304402730990344,-8.794576030557366,3.3658199221007514
12.2265625,-0.22767297894069227,5.392050883187903,-10.625838317951853,3.848573227842972
12.23046875,-2.461093253883289,5.405572116932409,-8.424416387048023,1.7456005508098098
12.234375,-6.499667854496103,3.0979860389546494,-6.291858294587527,-1.4913622042576211
12.23828125,-9.73511055890585,2.142818483682535,-5.010925363834911,-4.017425947060053
12.2421875,-7.30427340890542,-1.6822395851381644,-2.9087109878785444,-5.16654235038237
12.24609375,-9.61693779898968,-2.705829902372641,0.5531616388151789,-6.576633012892039
12.25,-9.612729216279353,-4.783886440810747,3.1597794462357025,-8.494940228890352
12.25390625,-6.788976844295199,-7.675877325479409,3.282167990036763,-9.080299550874678
12.2578125,-6.0300631764428125,-7.120083377580301,5.71246024155637,-9.424451286351008
12.26171875,-6.233370642877588,-7.8722574770304545,9.36546224262019,-10.172450963111036
12.265625,-3.017035097783018,-7.319425341025058,5.141806880649529,-7.722837444362804
12.26953125,-2.57211529475679,-6.777169480856951,5.4973102802582785,-7.117638746726982
12.2734375,-2.4088945915282967,-5.685093585952985,5.272554962836388,-5.56458667624087
12.27734375,-2.752845716394289,-3.1190217331194385,3.8987560864454163,-1.8984375193812502
12.28125,1.7080613662373727,-0.7425096741252827,3.597795342842524,-1.139418142732628
12.28515625,-1.3472451472673748,1.4277897932850168,4.412968858644009,0.13758863061772847
12.2890625,0.29285878621078415,0.7192366403810833,2.0796959653095035,-0.48698806265827244
12.29296875,0.9961460606781807,2.274409444844695,2.139962474084287,0.32086891036257637
12.296875,1.008199875549966,2.0050943722406824,2.4424618435506065,2.7983193763567793
12.30078125,5.72516790939776,1.7206299826139426,2.4736019946444054,0.8466616207263278
12.3046875,4.235495986628597,0.010868866176437453,3.46776597333675,5.36912710974164
12.30859375,5.969992238975646,1.1148877484355149,-0.2474594942613224,5.105033218140457
12.3125,7.659365855912677,2.679628616594459,-0.22012974204734068,7.665816684920048
12.31640625,5.453529377224218,0.2789211037220215,-1.2081781158948894,7.171663425269833
12.3203125,4.881665129387605,2.5966041207604453,-1.896685426416263,9.525170312247944
12.32421875,4.464104556878734,1.576050888688201,-2.3531916525542815,7.396809735716864
12.328125,2.6252263183906486,4.121901505140194,-4.614166298661205,8.636828904974804
12.33203125,0.988516384219012,3.179125963674452,-4.060547975916499,6.7852849934405155
12.3359375,-0.1639386469428612,1.479222209595641,-4.340331875048643,3.3724636904704015
12.33984375,-1.5981398238409308,0.5985370297666712,-1.1460844479474928,1.8689841468771722
12.34375,-3.854251707365945,-0.8312060413485085,0.27070625292617034,-1.6018090824511593
12.34765625,-3.2588133753634856,-0.49771143495511194,2.633433398450838,-3.8092598964701487
12.3515625,-3.1623456458533292,-3.641743049030616,3.9471764501853883,-3.8720371873089428
12.35546875,-1.1451300082108653,-4.955508180860896,3.9544950226251006,-2.9007941161702044
12.359375,-0.33659862964543197,-6.046236195649494,4.596121403442086,-5.808398722482306
12.36328125,-0.6862645035686388,-3.172722057435695,3.9042032443461046,-3.4460039582599213
12.3671875,1.2727926489254016,-3.106102850780706,3.038972049162028,-3.3129029436791635
12.37109375,2.1679444671631654,-0.7471191780158569,3.2310157675331084,-1.4917086667315378
12.375,1.875862952343512,0.20038222625442847,1.1466396149712548,-0.771338065052909
12.37890625,2.4768396461242173,3.0736449850619514,-0.38161043011211804,-3.074391211409637
12.3828125,0.5075905481598808,4.02318303280534,-0.1122924057232233,-1.3029902536708011
12.38671875,0.430728632221301,5.358197898140907,-3.7569858636305957,0.4029883160666248
12.390625,0.26447999046250525,4.97203736111088,-2.7506913619081144,-0.4617528948704131
12.39453125,0.5695875176791574,5.118019432534712,-2.1329411284288007,-1.591799825837881
12.3984375,3.3110918164968632,7.320387367353366,-2.41930892346594,-0.40239434816658975
12.40234375,2.983405329284051,5.595824632499246,-2.550740730589867,0.17446459829780214
12.40625,3.9811103196718975,5.977410839989261,-4.431478989595075,-0.939692282873339
12.41015625,2.9982493129319536,3.3363702443402463,-5.414199488952536,1.0028915317525122
12.4140625,2.0443842475255276,4.177224316391548,-2.694550260900881,2.921931384529241
12.41796875,0.6220535841556849,4.996921615629518,-5.659448681179597,1.5796028990935373
12.421875,-0.2970416706363151,2.0597655420001026,-4.7118226275843496,1.6332568339122866
12.42578125,-1.660079983219414,0.7529002834857146,-5.548174509676165,3.2025983821152213
12.4296875,-5.571072394748461,1.9319576434884447,-7.317756650704577,1.6426682252001024
12.43359375,-6.071215330712669,-1.4531427966873376,-5.255111641233187,0.2628942304197309
12.4375,-8.6259888667281,-3.097515682137659,-2.880291816291608,-1.1971922326915367
12.44140625,-8.013422661171733,-4.100246303986843,-0.4079251521610523,-4.564452641190161
12.4453125,-8.462359398026093,-6.461547276302472,3.285583442950465,-6.930030076278847
12.44921875,-6.9897682280163504,-6.434935480932798,5.761953598439773,-6.4456213623703915
12.453125,-7.4702566045596015,-10.081832389109293,8.047742217772058,-8.040010081567136
12.45703125,-7.193578227242851,-9.717744504834531,6.145366787410358,-5.6841457063184775
12.4609375,-1.778204228886416,-9.029020237054388,8.759322655824173,-5.867608371384632
12.46484375,-1.1247555637950404,-8.81693946887298,9.019439602275082,-2.792500457429382
12.46875,1.2739586501335012,-5.543451800149683,8.61644817156299,-0.1357022072183096
12.47265625,1.7578891206139984,-5.385651596670954,5.795609032881865,0.6004206586167208
12.4765625,3.118442214402118,-3.4740863001890947,6.544302896739747,1.3543911590072706
12.48046875,1.8923275311424026,-0.027010389031475013,5.0260614010462215,2.5771706293242755
12.484375,1.8717412848487132,1.573797903025633,4.426669162128169,3.1726438784740685
12.48828125,4.4519119422341875,2.9498768164158835,2.498261310947769,4.942881106372749
12.4921875,3.1771568627931313,2.6274817182401584,-0.03748267831723284,4.172190939125162
12.49609375,5.32837306319741,3.283833600424226,1.7369046393773289,4.20526740523166
12.5,6.656288138851155,3.580794402943367,1.1564192430762574,6.037574270111884
12.50390625,8.629437602596369,4.015945716464905,-1.1442514728998412,5.4818707636492245
12.5078125,6.034597625029734,6.231278676864058,-1.8092107660206347,6.2775651359415745
12.51171875,9.661662301631072,3.348953725246246,-2.315204445119827,6.7038154761848325
12.515625,8.021172858586183,4.280259107690364,-6.412235727303914,6.588636422429797
12.51953125,8.083557629168164,4.260294241730037,-5.939381622281686,8.193169306553342
12.5234375,5.269200749996265,5.658168191011643,-6.615981318111898,6.810576954055935
12.52734375,2.1199481249237513,7.200230577935065,-9.387541474316508,5.675608778818839
12.53125,-0.1920585415051996,4.740325569627563,-6.455632670225749,4.480208155663638
12.53515625,-2.778602947802425,4.058820010149534,-5.61644371173774,1.431149825716719
12.5390625,-3.8071209712992706,1.7598199980379245,-5.682706850965893,0.10732799089249256
12.54296875,-5.329218912486542,1.89121120628519,-4.510255357009877,-2.7640222225894604
12.546875,-7.245280852360385,-1.7357098055869953,-0.8366492638961573,-3.306010296205571
12.55078125,-4.191987539011367,-0.8298959381412832,0.765224114143923,-5.723979560882213
12.5546875,-3.823820759876014,-3.772927344510596,2.3925068414560107,-8.766124795590846
12.55859375,-4.81017399447617,-5.544722619184954,2.9950351620670426,-7.342397375881177
12.5625,-4.250929353461432,-6.258271385182635,2.7944091891976135,-7.667503019359766
12.56640625,-2.3403166491868195,-5.50533616225734,3.954448563346795,-7.316010744407766
12.5703125,-2.116504320795792,-2.487932646291797,2.031580379391788,-5.741760076202242
12.57421875,-4.438217157581301,-2.7306440531911713,1.3758916417234726,-6.663057403720416
12.578125,-2.051565783730162,0.8398004012288834,0.5419232105652837,-2.402507773411425
12.58203125,-1.6534522981279005,3.892677800842696,-2.171681876198226,-4.585335777343992
12.5859375,-1.9377014693947827,2.093111088677186,0.9724604661892164,-4.327874434349932
12.58984375,-0.03828160852904672,1.8808810429376153,-1.0619782796983217,-2.125489486632937
12.59375,-1.0400436825294355,3.6017515000303586,0.34068734869362366,-2.4051837045690867
12.59765625,1.5680788899242284,0.5428663924957817,-1.3239020398731935,-1.0153843493375143
12.6015625,2.3798167397771994,1.7758720610206513,-0.18898576859367494,-0.8365932911820564
12.60546875,3.0477001497805114,1.7473580365364294,-0.3665957869359047,-0.09701915146282825
12.609375,3.8379457412267537,1.1256417611325449,-1.8163209265580216,3.6330594754319145
12.61328125,3.851799741782373,0.9362631866317908,-0.7946019032614399,5.494508332351829
12.6171875,4.534004505995167,0.17942716142200515,-2.462062181132081,5.028781802001687
12.62109375,0.4538085158173528,0.8362695788333191,-6.153603798570543,5.640272865753795
12.625,-1.348333384087478,-2.321956971430409,-4.319558053095221,4.020885368471878
12.62890625,-1.124835673261026,0.26563525672473787,-1.7853411862969695,5.954113554104366
12.6328125,-3.370326816560504,0.21835377824612334,-2.109101668233008,3.0188290000611455
12.63671875,-3.163895256647786,-1.08655280679226,-0.3822662613955524,1.027195572472337
12.640625,-5.217293599302652,-2.4493721021257118,0.6646138739694818,-1.81080080423985
12.64453125,-4.649564677332489,-4.14214686304661,1.5685495843781665,-1.937016199671655
12.6484375,-4.0507339639456665,-6.240013511923148,5.974995779693365,-2.1216872565984968
12.65234375,-4.148419694874959,-7.557252357493423,7.205518757528365,-6.358048020395618
12.65625,-0.08444620304038786,-7.7540866887481394,7.648288254355958,-2.5031756420142512
12.66015625,-0.3891323127176867,-6.449538572279514,7.019293852293223,-3.928045018043214
12.6640625,1.6004876481710097,-6.629449755463142,9.09111394166362,-1.9266142027149435
12.66796875,0.8334412835206164,-5.690969127914106,5.786342206801543,-2.565934764858009
12.671875,3.4156900817260656,-2.523821691335349,4.069462835189334,0.3210659590517486
12.67578125,2.9633800099698844,-0.7069087476523443,2.706382029605613,-0.6785570374194498
12.6796875,3.4918556933935707,3.7293748630952424,1.7748571503422417,3.531054748173661
12.68359375,3.818491656638954,3.64052453012769,0.8342283062933883,1.1137707197267046
12.6875,4.135100130784682,4.476653433687388,-2.2672627227331317,1.6713180424382097
12.69140625,5.338355973204036,4.492476597247642,-4.094030955614542,2.8931921077676988
12.6953125,4.898651536793672,6.397209490637671,-1.208107191667186,2.1349071667419643
12.69921875,6.711261044374967,6.41878679465891,-1.953646120656637,1.1691087679442427
12.703125,8.691336789736239,5.219298888104609,-3.196056995397783,1.7508628103158737
12.70703125,6.157208922975122,5.2465296772614085,-3.9278660550186926,1.17176007733576
12.7109375,6.654743170014138,5.625480201272404,-5.183060810534368,3.1887710512594842
12.71484375,5.740217318172663,4.819120745694567,-5.420587809389796,4.1358496369897235
12.71875,3.91154077362373,5.418913147478242,-8.007517298972434,4.433949736455911
12.72265625,3.9875382968231996,5.245070762485459,-9.733324615903845,3.1083756226707924
12.7265625,-2.6623362437588165,4.151077252640098,-8.32262175754204,3.4077744703562582
12.73046875,-2.8386724091906173,4.404787209267602,-7.949125033365294,1.7350836350561016
12.734375,-6.0914826950168655,2.352777902131565,-9.146339405266882,-2.4984376596875686
12.73828125,-8.144543119298799,0.9343318772214916,-5.065492171496962,-4.508926443770369
12.7421875,-8.665278282851581,-1.0045828299708641,-3.23368555779405,-3.9829306415760746
12.74609375,-9.93884707293147,-2.994046484463091,0.8422355098748595,-7.998780242427506
12.75,-8.27373207874895,-2.9621427089638352,0.0007772418263853886,-9.542818307945591
12.75390625,-6.731759892535185,-5.675873734458179,4.900184181171426,-9.465004273163766
12.7578125,-7.68121882243483,-6.432601303762544,4.774965210530068,-8.465371887986347
12.76171875,-5.499775745570159,-9.106564640391298,8.026213036154976,-9.306374697978214
12.765625,-6.381504445752725,-8.591408408670233,6.227366678344616,-6.99674320076999
12.76953125,-2.788949946173993,-6.1704671373081,5.196587633232536,-5.663732972557767
12.7734375,-1.8508203506951335,-5.590706825184847,4.4214079958244925,-3.344928022171674
12.77734375,-2.4702703216805344,-4.0273198636248635,3.930240044313243,-3.03282965166998
12.78125,-1.2530837395916878,-0.6337699285655549,2.486429490897512,-2.179685696134281
12.78515625,-0.1576819588164064,-0.5217394265464758,3.9388583229998955,-0.7338504822843331
12.7890625,1.5133116097886505,0.5373018563281685,3.750244084639104,1.9671672085455438
12.79296875,2.2623034197766847,2.6508017438374125,2.2067682910168145,0.7948924660290874
12.796875,2.4854749070308353,-0.49023866857760545,3.5702804439268503,1.5000822452005829
12.80078125,5.870972042436922,0.651239490149135,1.4312347067698794,3.3480242556442033
12.8046875,6.556352765691406,1.1845046472313583,-0.05623760176653336,5.26768760935628
12.80859375,4.556535279193831,2.3576637921094425,1.327636051012127,6.831272498013578
12.8125,5.897898267862626,0.07116295339981382,0.17899131619691522,8.004541798961892
12.81640625,7.1168731683477295,3.2754757965853445,-1.0697066014487016,7.892013869315342
12.8203125,5.485534047494558,0.7965587962944329,-2.7394722884627374,7.709856795067987
12.82421875,2.702784274102419,2.438229619199616,-3.1812863672367846,8.675039490379932
12.828125,0.9709294896128471,0.9724705794127175,-3.6721765349665976,6.20881390137046
12.83203125,0.06188786345350429,2.4080023789748157,-3.573790902982359,7.111045555734016
12.8359375,-1.7278141335435286,0.8737128317734407,-2.3644539315743387,4.339135833738508
12.83984375,-2.1055154291262212,-1.1400264204074584,-1.602792789002649,2.342484020420341
12.84375,-2.1100612462032666,-2.5800019343010177,0.9221149599461006,-0.46763894351692425
12.84765625,-2.357984659018178,-2.6289544360993213,2.2024942989841003,-4.351943465820744
12.8515625,-2.4497307689467016,-4.655868569709181,4.749073383249643,-4.246908824373412
12.85546875,-1.4454263311502982,-5.675845710800486,4.805307167611032,-3.5945690907795234
12.859375,-2.109761347327833,-4.32534600218611,5.555994725449571,-6.143772693653589
12.86328125,-0.9082852114602857,-3.8910467370177986,4.876013633534601,-4.006669374805075
12.8671875,2.146153998356354,-2.945190770078642,3.4416367391623757,-2.642582438565841
12.87109375,0.6669786403375689,-0.6639520311341582,0.8910850353726731,-1.900334170676092
12.875,0.40935171020590455,-0.040858873159761,1.1602406026040473,-2.052239868846264
12.87890625,-0.1724631821878042,4.42317598392968,-1.794937333235647,-0.04872853684973366
12.8828125,-0.20434163089845536,4.610333854134608,-0.5901430404322197,-1.6075949474529443
12.88671875,0.13594285365695946,5.247374725426537,-3.79100641368781,-0.7218608335133534
12.890625,0.9312521141209511,7.750994760011745,-4.2862803532983,0.27943094319018535
12.89453125,1.4407263382795101,6.196898069330975,-2.1192404931443134,-1.7932022263268177
12.8984375,2.3047610097515543,8.330506643125485,-4.0590104782843,-0.24585915960411675
12.90234375,2.7226252826390884,5.863014815504777,-4.158210075748463,-0.29557290818563475
12.90625,3.9539473346410885,2.9387215754218223,-5.013312933039602,0.9312069446887941
12.91015625,3.759673421136642,3.897477105328393,-6.003967083283007,0.968598842327761
12.9140625,2.211234818681133,3.2006799009667555,-4.5652712988761905,0.27760792026328707
12.91796875,-0.4004744480327893,1.935076244284943,-6.915664689336674,3.267780439463314
12.921875,0.2508140889125415,2.840682248046501,-5.430468856565861,3.551809599611746
12.92578125,-1.2345812363899853,0.7840015087828991,-5.4971231336985165,2.286567437780735
12.9296875,-2.87246330288257,0.8153824546524995,-3.9717594191987455,2.8981048766420012
12.93359375,-5.224553102770994,0.21051125291672798,-5.9386686314804535,0.14326828229929522
12.9375,-8.272379766991452,-1.4375514842180954,-2.842074650606998,-2.8268461602031647
12.94140625,-7.377438670428738,-4.695704699220407,-0.7736394776960682,-3.0621887079804178
12.9453125,-6.944887977916744,-6.303853445931479,2.6368309749364,-5.37322541801332
12.94921875,-7.013114237822201,-7.606108752431793,4.754917260300658,-5.007974645880957
12.953125,-5.940029271237922,-10.157664864948519,7.928515899357614,-5.948283001640466
12.95703125,-4.957103968552308,-9.256573296307023,10.176289808556358,-4.6302800180664505
12.9609375,-3.5682632772107263,-10.659490514624256,10.704015720461026,-5.327031717954515
12.96484375,-1.3479530028291222,-8.289258632904383,9.49365764875579,-4.768455808320342
12.96875,-1.1162673478668468,-7.848758483717001,8.090592033067383,-0.5140983244224193
12.97265625,0.8209736552725372,-6.372577319544571,6.344948730398682,0.7093741267045488
12.9765625,1.254876954860178,-3.571532780007471,6.264941450705244,2.995746604700217
12.98046875,2.9218895801186764,-1.6071387429609707,5.228913004310435,-0.12195023450351661
12.984375,2.435672942670873,0.4419234773950079,3.0352045448480434,3.0543515424378858
12.98828125,3.436766070338306,2.331666565941124,3.12438066951993,3.002351811109068
12.9921875,5.425334882198022,1.9650379342618773,2.9234254584163244,4.12015123260327
12.99609375,6.5448011035467495,4.421989942269518,0.43770921744524294,3.148096407723825
13.0,6.587780856320049,2.8572744924002222,0.0035545256582770746,3.3147396715564437
13.00390625,7.445155915741182,4.603978413548135,-0.021966453946959286,3.755642079722913
13.0078125,7.2617347984337,3.829883034968714,-2.274613681109585,6.5552664328189625
13.01171875,8.499752473618694,4.153304337581922,-3.3318553189077624,5.97375858877173
13.015625,8.124655246119735,3.3725073862099784,-3.703576816011726,7.643783773371989
13.01953125,6.758589181507794,5.678660373081108,-5.363623642295147,9.919737419743822
13.0234375,1.4731661958582412,4.498735682185474,-6.037543041042018,7.582870903335451
13.02734375,4.021359389622541,3.671634719490071,-7.046144736354829,6.524714380155791
13.03125,-0.5918002235373199,5.6955916984990935,-5.808502061619842,4.242563871646419
13.03515625,-0.11916964971575128,3.2491470454674376,-8.093818422090434,1.9256893434081095
13.0390625,-5.114330599953151,4.101305407880554,-5.232221902516428,0.6818078476085649
13.04296875,-4.81832175889281,1.8381895111548328,-2.755057227618408,-2.8455512958208167
13.046875,-7.560478492765437,-0.7828895742344141,-0.8366820212645494,-7.131767288923059
13.05078125,-6.597173393862901,-2.5446801626070314,-0.9468053653024422,-9.01275039637863
13.0546875,-4.312505815323464,-3.4764558881999323,1.6194076498937937,-8.052548689130408
13.05859375,-3.909238698918773,-6.4691923114631225,4.023008567893679,-9.872652212886205
13.0625,-2.2122867843508547,-3.634254037228875,5.1357452510799115,-6.815863308765143
13.06640625,-2.5032808529256574,-1.9035662832433995,3.328280785192521,-7.50117822631974
13.0703125,-1.3080866291120632,-4.897006571726315,2.5287000776319366,-5.289719175259052
13.07421875,-2.71045457070211,-1.2046853325728397,1.0202542634977712,-4.274937839602173
13.078125,-3.4133367460875546,0.524033105764881,0.6573223544734643,-5.447882568127646
13.08203125,-2.50801527511754,1.1557075394424388,0.9107870188258029,-2.7090503140742044
13.0859375,-1.2678340857557038,3.715115945630167,-0.5473996428827624,-1.600074475289991
13.08984375,0.009359660573155848,3.8342050257844353,0.09471177655296215,-2.676868983248624
13.09375,-3.497284533196248,4.568660133054301,0.16791631696960674,-0.12192294986566488
13.09765625,2.052733306998936,4.339969241595423,-0.10166284242539664,-1.422110952664025
13.1015625,2.47173010733524,1.60066668572426,-0.013290954243386971,0.5437456917110712
13.10546875,2.10717614757306,1.1322960998024618,0.6639060445856224,0.13078260814304232
13.109375,3.8746809909226636,-0.7889562490370008,-0.22777700826486214,3.2250033381242984
13.11328125,3.6392377193622907,-0.9844236345282544,-2.5489169483628276,3.616329854378195
13.1171875,1.4866372862703678,-0.3338041410156612,-2.240163707641061,6.525981735690943
13.12109375,2.4093542641340258,-1.1890308169722785,-1.8842340548317087,7.7144711147455425
13.125,-0.7158666609167371,-1.3750148858053797,-2.3290276730513506,3.97538917322051
13.12890625,-2.8469560966859033,-0.006712705941110453,-3.463034460844818,4.650697419871581
13.1328125,-3.3545721515723868,-1.2088596197018928,-3.5707560862282035,4.8911383688664
13.13671875,-4.4662147510870405,-2.5107631649410163,0.05115194817474622,2.2188973163515966
13.140625,-5.081292474395964,-1.5218176596910031,1.4473922384250093,0.3342967009227627
13.14453125,-5.840322002497868,-3.746499418081143,3.9267426538206807,-1.6511698511790327
13.1484375,-4.2210419237025265,-4.659590692583089,4.190338853676421,-1.4381986724340772
13.15234375,-3.5778132050015397,-5.676202131804068,5.937302639660021,-4.198521297834539
13.15625,-1.9455621307979147,-8.592351954204617,6.487633309506354,-3.7538377301620254
13.16015625,-0.07837472937240117,-6.6561394652895824,9.369194539115016,-3.8328327548890098
13.1640625,-0.09801203249268209,-7.235276952265491,4.943741826153472,-1.6273606015372646
13.16796875,2.850031632855528,-6.725540043774209,5.427552233543581,0.22323246984613132
13.171875,2.6647260915959214,-4.59741649853105,5.621524805167021,-1.1753460710264398
13.17578125,3.6117510305990006,-0.9565693349562193,3.780214319715872,1.633382662119527
13.1796875,3.644615990930071,2.148004859832452,2.227258094526546,1.7268801757253716
13.18359375,3.3646926725768322,3.567046713409185,0.07802546037682546,2.4716102895047203
13.1875,2.69482511513132,4.926455419805682,0.09110535503591288,3.9627226125479798
13.19140625,3.214770542297968,5.1228194203335224,-1.61782131168955,2.044927562987957
13.1953125,4.073774380511034,9.047112114676697,-1.6293269157391337,2.1824259187072435
13.19921875,6.870851559541606,6.0976113847236,-5.2022427040584835,0.711160060838931
13.203125,8.258968439292454,6.764876435949995,-2.217179530602658,2.570157961351077
13.20703125,6.391500220352304,7.618227618705751,-5.270957431650514,1.774583012861587
13.2109375,5.266698640897906,4.715955195786899,-5.032405039729628,4.940941270139996
13.21484375,5.512868848586953,4.842368479097971,-8.40042808274746,4.004406549388526
13.21875,2.9232045063106313,6.095350138521396,-7.942579791134255,4.826304461942744
13.22265625,2.0019126910595886,5.09198061450464,-8.561283705223364,4.116260310757371
13.2265625,0.2200171478659877,5.926745870562269,-8.825228291246459,3.109479215280686
13.23046875,-3.434186490863447,4.98694118700307,-7.554549488482033,1.5873879449328492
13.234375,-6.796756144524987,0.616798967448966,-6.736393389392428,-0.9960476899763888
13.23828125,-6.326395483391053,2.067769049776191,-3.7362562547849456,-3.8733830921299504
13.2421875,-9.62218827770076,0.35289430899828766,-2.170847054466155,-6.914096892840577
13.24609375,-8.31216507315396,-5.42878351657227,-1.9003086905982414,-6.35853525779556
13.25,-9.315034317266777,-7.3360284037531995,2.4029651545829886,-7.40185406703739
13.25390625,-7.104071214418843,-6.95497159552851,3.328539356430717,-12.06584558985283
13.2578125,-8.127510289298614,-6.317957512189344,7.030590485579534,-9.05659813482986
13.26171875,-5.659632809350222,-8.642668319345292,7.08571207228238,-9.429993459529504
13.265625,-3.753241008672099,-7.9149516143413745,4.54965632064598,-6.589585981059782
13.26953125,-2.3420125565728487,-4.959788220924981,5.854258439233605,-4.9463224659115905
13.2734375,-1.858540103467671,-3.5898685890316804,5.048338517468371,-3.6406789449021533
13.27734375,-2.615058210209748,-3.374976847638966,5.606614946679231,-2.2773810376029067
13.28125,-3.024266013172446,-2.9904101180369587,2.1101452310951716,-2.2668259543635356
13.28515625,1.9390092739596196,-0.49746687874476325,1.584737862976642,-0.13344747708997926
13.2890625,0.8514705342851991,-0.23768418125945545,2.790810341224146,-0.15633618623019319
13.29296875,1.558317673439553,1.9475318694238792,1.7834731856627424,3.575306904972177
13.296875,4.692851838242613,1.8648024890478008,1.8962150573652066,1.3853441650063485
13.30078125,5.2116628250245665,0.859340287876719,3.968980445092141,3.4542451996713583
13.3046875,2.7126087850912297,1.4489877033157608,2.031697069144409,5.043619919519535
13.30859375,6.870616651880189,-0.12700367838288718,0.9535876820457966,5.8919364358957385
13.3125,7.242854050075824,0.46266119865463573,-1.3619203877732264,6.330265842520215
13.31640625,6.2023803230550705,2.6824459862210013,-3.152971188103333,8.502734782340125
13.3203125,6.603053118701434,0.16056170513059476,-3.0621970622068493,8.175640195680302
13.32421875,2.982026324454429,1.6214106636890677,-5.10353502734255,9.698004532710144
13.328125,3.5672796618393523,2.949022237228796,-2.004990090246506,7.809436945179312
13.33203125,0.025219710345474565,1.2259084912573015,-3.7123952506995175,6.205392182429858
13.3359375,-1.5286856490663685,2.2585797998166073,-1.179908625304855,3.8606910202342344
13.33984375,-3.6272165544119535,-0.5362775050811671,-2.6982683988752125,3.9593235512642377
13.34375,-3.733918485294607,-0.9001548547458883,0.6910386108384965,-0.24503073529565256
13.34765625,-2.867935976324253,-1.772005099425337,2.2395016121030755,-4.502057214106372
13.3515625,-4.059850818545028,-3.6618020462289436,3.3134196591573044,-2.7515469301776485
13.35546875,-1.8470961048983399,-3.457240503863628,6.0965886280315384,-5.237470724185371
13.359375,1.2047654086602098,-4.392930534706289,5.007989736676228,-3.6453281082723814
13.36328125,0.2536682686786307,-3.4192385355178265,4.155842243447507,-2.0641259198754813
13.3671875,1.3016575246242965,-3.466952153104544,1.736729593913938,-3.3614730168972216
13.37109375,-0.29262598140890406,-0.12121052189634374,3.188176112646576,-3.239941386686918
13.375,-0.927280179849467,1.0064299687100322,-0.5632606482100821,-1.9246776597406583
13.37890625,1.4533690062452977,2.5424993106782035,-0.13326368672701527,-0.20980146216383322
13.3828125,2.5129487369372043,4.945242660390697,-1.2368032292452118,-0.9245871871981401
13.38671875,1.3288965875712055,7.680299799071531,-3.2864042468541887,-3.532986462306208
13.390625,1.1678434526179051,6.723380712442774,-3.0989576823384204,-1.1294316383048986
13.39453125,0.8576060434810382,5.784724621818119,-3.9781836719904797,-0.519702007700528
13.3984375,2.353519182540984,6.0368521537287565,-4.175783803888253,-0.3487306705765487
13.40234375,3.9061808082549754,5.4565573892493155,-4.612885362595888,-1.0209968412664758
13.40625,2.598977468234046,5.393887169332955,-4.904962141871724,0.4287587416719918
13.41015625,3.546928018385652,3.0972266546013065,-4.47300527357188,2.968599424274612
13.4140625,1.8329317792011928,2.7554243896229744,-4.675809710146574,3.32026895372039
13.41796875,1.3441881071155217,3.6124640353544932,-6.615478157544482,1.9406871523706655
13.421875,-1.0058370497991134,1.8703163809187409,-4.370978307998394,2.8435902556405446
13.42578125,-3.588333583371651,2.7192415271737027,-6.761232050687665,2.859950035373559
13.4296875,-4.315680624301609,2.3355031789407175,-5.122983987542547,3.4756620661859503
13.43359375,-5.669936953490314,1.3261930658943784,-5.283156916630876,-0.23467506752366787
13.4375,-10.584934041931042,-2.3979379101211373,-2.6169209290076085,-2.8090023559765327
13.44140625,-8.887942987492766,-3.5653984867875455,0.918947994465132,-4.769131195719444
13.4453125,-9.598973659313327,-5.771773595278204,2.275181379550072,-5.398418384249601
13.44921875,-8.66275488795828,-7.191502613927392,6.452309121976372,-5.904127719016736
13.453125,-7.010059693098091,-9.123943637062759,6.682274475104352,-6.900649630068838
13.45703125,-5.531086878597043,-9.476484164597935,9.183704277408951,-6.394253048795188
13.4609375,-1.8945234682084722,-9.24036799177708,8.973751098124698,-4.593479792879843
13.46484375,-1.455973962698721,-8.632096219622946,10.023986996428926,-4.706204173467453
13.46875,-1.2154057180878073,-7.91057487939195,8.870222630022685,-2.089169637966546
13.47265625,0.20955212408931856,-6.230648098765548,6.507610608116992,-1.5707000539282736
13.4765625,1.3002279455341754,-3.305554811221247,4.280018441399756,-0.5697630830560223
13.48046875,2.888554391667584,-1.5305203491337775,4.280717738099185,2.1455272421880878
13.484375,2.7673233487536963,1.3085967813630748,1.8685010467907812,1.2594911153619637
13.48828125,4.2976385609219365,0.8933223179910781,4.2582537864831895,4.073590907807932
13.4921875,4.512480088971364,2.8988747392279035,1.149076944279907,3.6797282020688202
13.49609375,4.967796659938128,3.8071569104393963,1.1601746183938544,4.133106626635087
13.5,6.078804288816216,5.506481105843272,1.396745723775106,5.220561454076366
13.50390625,6.727545399011226,3.2262237639176194,-1.223318688345755,6.055192453668855
13.5078125,8.230620365945853,5.06698157790454,-0.842158667539665,6.297705953762075
13.51171875,8.62778773672784,4.1934167234289985,-2.3506132909312245,7.773151318695093
13.515625,7.471370892910797,5.075524083736692,-5.0165005145239965,8.198631763423787
13.51953125,4.777446034829554,5.488078437354779,-5.952986322224374,7.6940836547361195
13.5234375,5.098684668649159,6.769418806656948,-6.244209720089219,6.380997391245977
13.52734375,1.8918734720555683,6.197920450033621,-8.44189584247198,7.165099262331502
13.53125,1.2493472482372099,7.487209631915826,-8.636006774761446,3.823125380948391
13.53515625,-2.2216034548829597,3.4157588786333757,-6.6417067548143,2.3763603115775918
13.5390625,-3.7454157479162937,3.2280810266163003,-5.018529119035842,-0.0013824725725120057
13.54296875,-5.756107426842231,1.7958547063734056,-2.8783031639312444,-2.1577313521993666
13.546875,-5.653704220726076,-1.1438162961927414,0.844110714215226,-3.7831754538048705
13.55078125,-4.854031685961546,-4.464341804837234,0.323063289390946,-6.627331183116882
13.5546875,-5.829869812888536,-3.084660469797221,1.7918281877561517,-8.309138454452865
13.55859375,-4.3637819572188095,-5.951287653382333,3.7552036276722043,-9.225986174503493
13.5625,-2.2765509893971676,-3.9254010562775874,3.2492672581002204,-6.9509736056128055
13.56640625,-2.97843618121622,-2.830322282399238,3.0879913149790106,-6.762766158923982
13.5703125,-3.053565567279459,-2.2047343929889216,2.5178837415497557,-6.768716076700866
13.57421875,-2.695302481708798,-1.586870061464163,-0.7593669641456602,-3.886832557138696
13.578125,0.15727198857925262,0.38568315233055106,0.34331846234673236,-5.172094358813587
13.58203125,-2.461515308671593,3.4116012577808155,0.13442209781698955,-2.686955018168986
13.5859375,-1.3911782815323916,1.834265716503884,-0.0795898830030548,-3.1162468764220526
13.58984375,-0.4920914892392255,2.151146799362006,-1.9347402888504215,-2.029682467034554
13.59375,-0.053496887216261724,1.569924981071709,-0.5174292487627268,-1.429465151198848
13.59765625,3.384816979477772,2.2000123348160368,0.8460823543000704,-1.429933869029302
13.6015625,1.0795556558328168,3.6543720366965102,-0.4327146139172152,0.0900402767355894
13.60546875,1.2454156740578106,2.9042640793238323,-0.3158189931416513,-0.6551617806266297
13.609375,2.399262520499042,0.42925711451174314,-0.7557595156521234,1.5646034291894295
13.61328125,3.8956792679552903,-1.7667480953231507,0.11688601556150902,3.5938567010688485
13.6171875,2.4736908414243968,0.04006067304907862,-2.2424246056513124,4.51859087331567
13.62109375,1.4267714038724786,-0.4582010693336121,-2.800996103433425,6.957184080945764
13.625,-1.017062526659996,-0.2482850696423716,-3.8468401792794102,6.35137623107234
13.62890625,-1.0520525354146195,0.23672374344572467,-4.8252912963620025,4.570556582158229
13.6328125,-3.0986690776072776,-0.7095979300747681,-2.897518083309727,2.519109953617634
13.63671875,-4.329687745991444,-2.6680594910733264,-0.7064766732341907,1.8500177930096622
13.640625,-5.973327721869163,-3.076126415240271,1.5483557322916526,1.5090558288269393
13.64453125,-3.328657949036595,-4.658582862956467,3.5260371017961636,0.062233039130269674
13.6484375,-4.512135321615857,-6.119626256113931,4.960046010907954,-2.5927406741392183
13.65234375,-2.026383105800763,-7.658251520100862,7.817316904840091,-4.156449782565816
13.65625,-2.9585543071997664,-6.31803107327472,8.291796929426798,-3.749395568662827
13.66015625,1.0850461953990873,-6.925702614041444,8.001083565513348,-0.9575991617137105
13.6640625,0.1406179694194991,-6.318728297717901,7.171420789231592,-2.9037272646412267
13.66796875,3.28063432475869,-3.5684720074243863,6.177957239356409,-0.6960462421134248
13.671875,4.4364660282834665,-3.2215872436279223,4.1868876915503,1.8412762589144451
13.67578125,4.62495737499237,-1.24481010114538,3.4064730116105726,1.5944111276186643
13.6796875,2.321528788970959,2.1509188781435276,0.3336735666831385,2.3074723176078957
13.68359375,5.46758246255391,3.2801933552694615,-1.7706456261206802,2.243303202622912
13.6875,4.095245159597254,5.686244653962358,-1.0431146488662415,2.388656284006799
13.69140625,4.770577460560091,6.08302279201876,-1.9471502984778417,1.8499584648401224
13.6953125,3.1879447988648173,8.682761081055665,-0.25120894471594646,2.941101837310815
13.69921875,5.739143983521664,5.811457454397062,-1.0361195477464873,3.791550764241517
13.703125,7.448721810245979,5.989179148803763,-1.9023495800231986,1.5906263982685078
13.70703125,8.740713258616095,5.2616940457577694,-5.72840007132353,2.1428343012028237
13.7109375,7.363271951948094,6.643897931375706,-6.379176662109665,3.3014616014189153
13.71484375,7.218958166210726,6.177198082665757,-7.5589628273944545,4.0003845973219345
13.71875,5.187634762381194,4.946931136290518,-9.149944862905743,3.201137798724736
13.72265625,0.5308806108689337,5.309509391742794,-6.788123437371802,4.7853486723976095
13.7265625,-0.46843848020162904,3.901576836401648,-7.635296945950518,2.9423630806922776
13.73046875,-4.04146182939326,5.483889339550278,-9.079643592166043,1.4008074701780076
13.734375,-6.577139451800031,2.72901025802629,-6.110642429334626,0.5118049035721453
13.73828125,-8.291594824511934,1.375312812249377,-3.309766623051802,-2.9491757114212875
13.7421875,-7.528916544650702,-0.2913679994810223,-2.234765041177514,-4.331519114758654
13.74609375,-7.520828670588161,-3.576629858130927,0.5448528701973778,-8.270341868459306
13.75,-9.000379560741706,-6.374849964079861,0.16948785639245534,-7.480697937086994
13.75390625,-9.229130566329747,-5.240658890741933,4.387531682448835,-10.970462677724832
13.7578125,-5.879612280177961,-6.711898840862578,3.1925197619463885,-9.348367883116676
13.76171875,-5.160094234112192,-7.727167711837908,6.818428750537113,-7.54348025181786
13.765625,-2.6101525520495725,-7.908205919253399,7.03006218855584,-5.686858274434393
13.76953125,-3.7298834409937283,-6.178721888950245,6.199964144137475,-5.913140790454632
13.7734375,-3.71930133242948,-5.667540059214964,4.074816156223731,-3.0780392039235327
13.77734375,-1.7605257663066347,-4.235007933930056,4.5574033548775565,-3.233943592629545
13.78125,-0.5515056452648648,-0.3170149116529033,4.661528288813376,-1.0568698656779116
13.78515625,-1.286414094410199,-0.9948854312469756,2.2564506437779226,-0.02848256215171984
13.7890625,-0.6959941574763862,0.19660264092362978,2.5117434928196567,0.5726699656950851
13.79296875,1.875971147520521,1.1565084443375937,3.300140551431706,1.6951158205718149
13.796875,3.1368801672829902,2.0142880703361326,2.16826560861352,4.244052126292463
13.80078125,3.9306168650324955,0.13970334611729673,2.3008156251109266,4.42759650525637
13.8046875,3.284581797971607,0.014389319158437552,1.1580948903435555,4.833032109593029
13.80859375,5.989989761346722,0.24560043785765456,1.234244027352018,4.991395441473392
13.8125,8.741600123705316,1.6044066715931675,1.6417458382386396,6.413955402685096
13.81640625,6.343165295098702,1.0703239024335576,-0.8865457582246627,7.018344940578675
13.8203125,6.975216050824137,0.8121955919750533,-3.280494086193259,8.519022258538767
13.82421875,4.908962968472856,1.9303644309090011,-1.9503076030036268,8.945108449345252
13.828125,-0.24479858069660376,2.606848758256747,-3.6394083038044216,5.829161071171396
13.83203125,0.2549128957264869,2.2295649321947986,-3.4824050619648226,5.249389531994407
13.8359375,0.0073145594937620295,2.295390255702562,-3.303821750912738,3.420135361969156
13.83984375,-2.539732670047882,0.31723673604776503,-3.3947239093050063,2.3648293442441064
13.84375,-4.13057818917624,-1.2185255699401896,1.4091022588989275,0.17964487870983392
13.84765625,-5.208737118309029,-1.8096997370916519,2.993133569375421,-1.0022405640317897
13.8515625,-2.1863131990559848,-2.5936647973454408,1.9200338942219104,-5.059723291268269
13.85546875,-2.4015187587914095,-5.244802603917066,4.338277403573639,-3.720113825257868
13.859375,-2.1158494635672653,-3.535051170808729,3.7801171268624048,-4.250410745355811
13.86328125,1.2548978362575993,-5.3948207732862645,5.556304365140943,-4.583769663843852
13.8671875,0.4811485226588438,-3.3530270332922503,3.341324936198415,-2.2352255727126016
13.87109375,2.156992780149395,-0.041389625260379925,2.1766020231666414,-2.592517136722014
13.875,0.8747283766535231,0.8641902414748781,-1.011418087495333,-1.33640857882867
13.87890625,2.305209804396012,1.8307128311168068,0.2866970562226361,-0.28707871289856834
13.8828125,0.9508907774476845,4.699264977217467,-1.9657367648826019,1.1005697994234203
13.88671875,2.9845784770330765,3.7746188356314376,-3.531639234008502,-2.3630741337437957
13.890625,1.2205929063645538,4.723637928764324,-4.168811480595134,0.42254193060277534
13.89453125,1.4132830324864107,6.5898959972304105,-3.2668941030872674,-0.16602417536423286
13.8984375,3.0499988267496576,6.274912615372469,-3.8280773598693294,-1.4162645919429797
13.90234375,3.783789617073649,3.9741260933961993,-2.5521619028182254,0.04039000721802222
13.90625,3.608065569906681,3.4660430135806006,-4.653489156502239,-1.3094125706953512
13.91015625,3.6454895724281853,4.829103451460483,-4.319736739250813,-0.022948299594289345
13.9140625,3.1297265851511966,3.260917725002852,-5.158350652048992,3.165731062557348
13.91796875,2.613474288723343,3.6435277189223827,-6.346358899575083,2.610034158718565
13.921875,-0.05221862227489775,2.8585612844084025,-5.561682822856115,2.9620997100376623
13.92578125,-2.857880454888325,1.4665354107888817,-5.062675746944629,2.0413390739373516
13.9296875,-2.8952702849422502,1.0189982246930451,-3.3659545309633283,2.5094927290793425
13.93359375,-6.311436455178368,0.8965131251301659,-4.989330743133202,2.8798361433895163
13.9375,-7.590427616517587,-0.1879581770589811,-0.929152401508968,-2.886607882986364
13.94140625,-9.335274556208978,-3.2569090204693243,0.5968651937810443,-4.347379938614634
13.9453125,-10.135775570995865,-4.685932420931156,2.513241353259782,-4.762602462856479
13.94921875,-8.696270885970012,-6.66671010451965,6.109747406966572,-5.368206954912378
13.953125,-7.514506557205946,-8.111022452366779,6.0298747340795025,-5.688904002193615
13.95703125,-3.963353909925355,-9.268014288593033,9.697678360262831,-6.588744996130636
13.9609375,-3.1822270388999283,-11.487432021925887,10.018948454015183,-5.146883804639603
13.96484375,-3.1114542007291526,-10.137357256026743,10.288394331872613,-3.8016667240009165
13.96875,-0.8864046380802355,-7.6576748593026736,7.911836875679371,-2.5826229833681764
13.97265625,-0.12050326690383939,-5.616516610725459,6.862567280494941,0.02201008044672642
13.9765625,1.1450945836532518,-3.2424798384559743,6.473130328572852,0.5568471966636127
13.98046875,0.08537287156643325,-0.4998240245330625,4.714504614915545,3.283571582741942
13.984375,1.9856157105754946,-1.203103388910085,4.114563513627953,3.235690334350877
13.98828125,2.629775001699317,3.23676805795904,1.6163548384186157,3.390464167671105
13.9921875,4.412097866374875,5.0911150638632785,2.3487307736675653,3.3953569374276666
13.99609375,5.332132029506103,3.5403144311838286,1.303517243548474,4.3045427497444875
14.0,7.064965228505384,4.117060505732995,0.048184869734620495,4.133913622825211
14.00390625,7.029180884335019,4.398585188199591,-1.822440268027486,6.981008634809295
14.0078125,8.310922158092279,4.003347719032306,-1.1331405342840015,5.288022437064724
14.01171875,8.646806840941636,4.455701881278474,-2.3829759790097116,5.502943747168561
14.015625,8.49602101831086,3.3100930964406814,-4.416762412959756,6.015195530719151
14.01953125,6.503930596315051,5.995618714623546,-7.001138688444538,7.520434481512993
14.0234375,4.200862313081698,5.0089409524985555,-7.240740108774117,7.119471771033
14.02734375,1.0126396595314955,5.709852771137747,-8.316732308796253,4.738286504896668
14.03125,1.4692452538376433,6.066694125736287,-7.583225559684832,4.670637838983688
14.03515625,0.18280970502459093,5.271129626118819,-6.683031453619934,2.185475515487419
14.0390625,-4.100714102930906,3.7239793993888934,-4.324959462409692,-1.4650542234749748
14.04296875,-5.398861444123197,1.7302696745353883,-2.9182789035399,-2.450145337805164
14.046875,-6.473804288328113,-1.0737929530345625,0.5229031506084789,-6.705784651767452
14.05078125,-5.282516881163801,-3.023720752887091,0.7662157725889764,-7.374372744626577
14.0546875,-5.213274332672209,-2.1450538653593565,3.386264166710335,-6.503215612284694
14.05859375,-4.702017361046802,-4.599224254620677,3.5409828073239336,-10.126246482804397
14.0625,-3.3283227648512255,-3.61718006377824,3.5821544088999144,-8.807112376713153
14.06640625,-4.066050136349872,-5.47173066101827,1.4805151957984786,-7.782815427576846
14.0703125,-0.6256996327511768,-2.0059107986676104,2.483895036696881,-6.762283037224816
14.07421875,-2.907569405297232,1.1048411143117116,0.2015856556783382,-4.523481825574447
14.078125,-2.891596971636935,0.516202543490101,0.293212929112668,-4.211206821735555
14.08203125,-2.1272916248351237,0.36277937701457064,0.6516502233304006,-3.8540088137733695
14.0859375,-0.4624322068451341,2.967599741785332,0.48405004366890036,-2.189755952365376
14.08984375,-2.033642555643916,2.4563478421427782,0.342961047220915,-2.1818625430241556
14.09375,-0.179114672481722,2.1404036768616894,0.029551867485211714,-1.0492750939008924
14.09765625,0.6131460431439281,2.4393404317030534,-0.3299489021966141,-0.8020566178103499
14.1015625,1.9607493922109303,-0.2458834274530659,-1.3266796074375478,0.18381996583570143
14.10546875,1.2071750584714087,0.596010181131832,0.8057269742571591,1.1359474682807167
14.109375,4.308371449525968,-0.4136078097897026,-0.7560141848033234,0.1653763145986944
14.11328125,2.1427712754137365,1.4179880805716671,-1.629207362145437,4.04337141603604
14.1171875,2.023237306234921,0.11601454229150127,-2.3420361835028816,3.463424400550852
14.12109375,1.6754924725807017,0.13250117428534638,-2.3913005876935762,4.7809439941861305
14.125,-0.45792117508857577,0.6898067789795683,-1.4628702606211326,6.509729757724625
14.12890625,0.2966328300336478,1.3406249080224084,-3.28450778722738,4.735610586264963
14.1328125,-4.737851176192354,-1.5720506374031693,-1.868837335399206,2.305824813437411
14.13671875,-3.1725228892734845,-3.2683472992893616,-0.7382108604251328,1.7348661105136505
14.140625,-5.3176612834462285,-3.1396529323800566,-0.10166221925310293,-1.9625566841479098
14.14453125,-6.077250958102446,-5.796867625218267,3.0061559751515046,-2.0633096778863345
14.1484375,-5.192939935208997,-7.851664943441909,4.456514357877482,-2.6576143647841364
14.15234375,-1.9105241956281838,-9.375935468901776,7.224539778282017,-3.7489870919384103
14.15625,-2.3618080683218703,-8.03361240873851,6.609519376999074,-4.69224446058929
14.16015625,-0.10912952120611702,-7.383468694141808,8.134873608848968,-2.4207503803473176
14.1640625,1.006847599984488,-5.977802080615281,6.556821675560802,-1.7261916790827396
14.16796875,3.6134843052365735,-5.430670788665704,4.712475315030118,-0.8119151729375653
14.171875,2.315751066788252,-2.45129447875517,4.612866965371484,0.44034546909566075
14.17578125,3.990957250010879,0.007517516589410023,4.510017993312822,1.3494739287422841
14.1796875,4.499884635859085,0.9315565612360406,-0.5583308383544665,2.626496469571819
14.18359375,4.4875660705049025,3.1005200255728136,-1.1329837349724574,3.785130635483556
14.1875,4.4658485692247565,5.410742910128449,-2.430297047559521,2.8048527632590528
14.19140625,3.8104945055822412,5.220190999953411,-1.1940865791860493,3.423689607347438
14.1953125,3.9293912041199066,6.031114086498498,-1.6229858311785352,1.2863369724513225
14.19921875,6.841509223282561,6.592800075690042,-1.660406938844044,1.4534340829974732
14.203125,6.927617454854665,7.240712119336438,-4.005849728161901,2.947500821275531
14.20703125,4.931010046316899,6.878278232850304,-5.80049338775311,3.745161899986207
14.2109375,6.95087678629492,5.581699207752305,-3.6327905583587357,3.0136857662829772
14.21484375,5.5912796201256585,6.114944413763671,-6.4092913862720255,1.8945821296948848
14.21875,4.458682373740255,4.8129851064329525,-8.110018651547536,4.8344403063295
14.22265625,1.7663490520853895,5.047979584365903,-7.346099992745158,3.506324651089093
14.2265625,-2.036345117882562,5.043052867226991,-8.280248376795427,5.034098378258838
14.23046875,-5.391833510861506,5.934083936236329,-8.246405543943185,0.05531210091393168
14.234375,-4.591968681794184,1.7386408522735717,-6.705837317626317,-1.4794257276716043
14.23828125,-6.407503462979321,1.9787189510983274,-6.280444407013228,-3.0223011339861285
14.2421875,-7.211284191632982,-0.600726929056196,-2.8314443414579498,-5.718759787004748
14.24609375,-7.448305511761414,-3.6592700009865724,0.10956568227048702,-7.329212276241119
14.25,-10.061559451539907,-5.118357505258499,2.2137465267667746,-9.180834504806397
14.25390625,-6.733650659909809,-7.461612601960114,3.77787130883163,-10.015744160851105
14.2578125,-7.479936735617987,-9.229397423328454,5.511590163827847,-8.377075829152751
14.26171875,-5.021024475298143,-7.806363263402231,7.280828288162262,-7.794665163221917
14.265625,-4.014379670082112,-8.395975811652601,5.802549291533087,-9.905884857563501
14.26953125,-4.283644301002147,-6.773794494971222,6.811699254452805,-3.9840193639759214
14.2734375,-3.7212305177562794,-3.6031793085190156,4.182736383680242,-2.5960147697990354
14.27734375,-1.0352745038282003,-2.338445102484454,5.309591950610322,-2.8140958830737577
14.28125,1.4505589931972809,-0.23206379383484,4.10974675484862,-1.3127061152262267
14.28515625,-1.9598966953547456,-0.24518212489036104,3.489791700696406,-0.6430966449788754
14.2890625,0.7335775000944433,1.047765091557315,4.690827163133425,-0.3755489969693997
14.29296875,1.500869961133102,1.7513712131022388,1.9544291505284037,2.508356772584591
14.296875,-0.15063720398364344,1.0355751171798253,2.484571645782471,1.8696629375572846
14.30078125,4.3898630372469425,0.06937433581436603,2.9228704172979523,4.245026826367406
14.3046875,5.790605346572573,-0.05156494749036156,0.6782600938378996,5.995741036516915
14.30859375,5.630484056032241,0.7032834951910215,-0.04530249952372467,4.6195231742062175
14.3125,6.794867680427368,1.4604994284461879,-1.4563549715748514,7.335582422263183
14.31640625,6.1700932731835,1.2290108523955225,-3.584099656057113,9.465772091340284
14.3203125,5.2111194913452605,2.3045779295405646,-2.2532118504928413,9.095641479515193
14.32421875,3.990527512339809,1.5229677000252582,-3.0374835595636713,7.945222323491538
14.328125,1.1771863057525696,1.7368756708101039,-3.9827852475440855,7.497085989556531
14.33203125,1.6694644876041265,1.845848484749672,-3.5638125558764764,5.406632266463066
14.3359375,-1.7736886066571502,1.2769178080476444,-2.8348415332594445,3.873238072581842
14.33984375,-1.785967784450774,0.4817892825966682,-1.2574494195279728,3.3434243688162093
14.34375,-3.109980059513398,-1.254044520750175,-1.4467311824076794,-1.4009147935676713
14.34765625,-2.879290083937785,-3.385189030364207,2.040967633237487,-1.0874098502180958
14.3515625,-2.5937543595146546,-4.8305384148623585,5.199413728995815,-3.5520147857637525
14.35546875,-0.8572368910027329,-5.349575760821216,4.432156640294093,-2.199734529218207
14.359375,-1.3888529276827375,-2.6303330371657356,3.340953382045906,-3.744794621741702
14.36328125,-0.8968917294736285,-4.767571524668008,6.143063340356341,-5.36279784806544
14.3671875,2.1039800947061167,-2.1310169643759207,3.446229244123471,-1.704770686374202
14.37109375,1.5333550010938408,-0.36572409803956096,2.3150582512112647,-4.0152005995299875
14.375,1.126048512298965,2.855851396571371,0.7345679271062253,-1.3623026287913804
14.37890625,-0.6195458466434416,2.209273983919219,-0.4988234409750328,-0.9909507091313936
14.3828125,1.088760191300644,5.190984764299941,0.28128131107239396,-2.2783472342951048
14.38671875,0.6771088826603481,3.937748684460586,-2.556803091928609,-0.20891731253228596
14.390625,2.2791636233023063,5.988058206286902,-3.4181755959178353,-1.0652295276921495
14.39453125,2.5741181461189098,5.110812386328718,-3.327807454334963,-1.3121885391745853
14.3984375,1.5221732441408737,4.542642098393379,-3.990856402541521,0.07918335310005475
14.40234375,3.020647444061205,4.194498490130069,-2.298546666476122,-0.510439798656556
14.40625,5.030457860037114,3.7326981976631775,-2.946703699557056,0.09120315470430629
14.41015625,3.2061120200540847,2.539691531893453,-5.3541509853082445,0.7505407485585953
14.4140625,2.3944109767983717,2.0696108601519976,-5.206825061180428,1.6935159108375273
14.41796875,2.237463324226135,1.092180228847006,-5.500518848955017,2.8825765181369576
14.421875,-2.18898635013573,2.713111611638108,-6.359595138098232,0.5327282173128083
14.42578125,-2.725816025020633,2.7174923585634576,-6.260800920460359,3.1015064190630364
14.4296875,-4.964885333052947,0.7624025289771375,-3.8024179954193325,0.30343862104896413
14.43359375,-5.049134361027651,0.5428208919857984,-4.368128897413212,0.19819892841152326
14.4375,-6.048266027370408,-1.3547237484014756,-3.006671497893041,-2.1521226588655735
14.44140625,-8.774952721710163,-1.9014568719838145,-0.27594606723097326,-3.828620065652051
14.4453125,-9.01935321999893,-5.301579383815611,2.127872461099268,-4.36803622368185
14.44921875,-8.770711742281375,-7.240497358324136,4.160177108035005,-8.379806275046775
14.453125,-6.037255938554178,-6.246498152199818,8.251351968896518,-6.836140656387426
14.45703125,-5.148567987353357,-11.107939815264812,9.517162253085138,-4.877377472939556
14.4609375,-3.5392917103576966,-10.900928423591916,10.035252578187752,-5.538665796741158
14.46484375,-0.4475279997785775,-8.674785796593467,9.997028604503523,-3.9833095856595166
14.46875,0.16659116336609608,-6.999502263589998,8.91786433800522,-2.4527187855634653
14.47265625,0.24957916310426814,-4.463737461190271,7.272994244341479,0.353523721954503
14.4765625,1.1712091220386731,-1.8094832192177,5.124661748665113,-0.6476214361411503
14.48046875,2.8166256012845876,-2.777920606637081,5.9037080344993935,2.2967508560636647
14.484375,4.3461619409535475,3.1463791575109648,2.3627201790615846,3.365257620310816
14.48828125,4.156787085838213,2.3544885682772114,2.61859656438968,4.480916383603882
14.4921875,4.342523413604098,4.50600010312825,1.1269864910292102,3.8288249732861583
14.49609375,4.948058795490882,2.886964938467614,0.6540192681918011,4.663672634997886
14.5,7.890076865721562,3.487209220276955,-1.4892271269895039,4.217269797232916
14.50390625,7.667332341872848,3.909655256733292,-0.3720497515852489,6.384793230335149
14.5078125,9.363972766025277,4.892421007113019,-2.1985144867552666,7.157247316979218
14.51171875,7.0434062350622195,2.8179145780059116,-3.8934099046523043,7.0469394615208705
14.515625,7.767118945313727,4.813160134166463,-4.357771701538811,6.140092474313798
14.51953125,8.388855062401266,4.67906020566687,-6.783268566260866,7.851003354005542
14.5234375,3.5985383287599864,5.562060029161498,-8.232499755331677,7.533838388884464
14.52734375,3.3841114031673314,4.849282483369875,-9.53336291597434,5.238264387578262
14.53125,0.5530635266479524,5.367495859180914,-6.518084819722753,3.109404151341435
14.53515625,-2.62496876377167,3.7746364328171493,-6.485039434860344,2.708979287545387
14.5390625,-5.520307408686305,3.319859814618995,-5.569729235850799,-1.5369943987571784
14.54296875,-4.815587452939679,2.121533947026022,-2.8559643632874576,-4.104377156624646
14.546875,-4.1551534569050155,0.43910005863014123,-0.6282170654830478,-5.962454689472926
14.55078125,-6.002200889224167,-4.446977302640358,0.692690295932094,-7.647524922915993
14.5546875,-5.353916579756791,-4.5986035581945295,1.3039041417444384,-8.066779752547372
14.55859375,-4.4905503656014165,-4.232755651519856,2.2995787668568175,-9.392235095196327
14.5625,-3.697913050975436,-4.026124635689327,5.265640617807069,-7.164161121592093
14.56640625,-3.189375144874237,-3.6933378728131765,3.0106866096410845,-6.835241702368365
14.5703125,-3.2395382466963865,-2.4613799459824084,1.8720532149321316,-6.1123509506384055
14.57421875,-2.8182567195673904,-1.4334906264630605,2.014676456542605,-4.8777658331868174
14.578125,-2.6909387123181223,1.2609175651879994,0.3854181520083293,-4.035217869851863
14.58203125,-2.9799575729193566,0.2528371167219803,1.2342965702950717,-2.8186436318389663
14.5859375,-0.6858195743309716,3.5058706737016525,0.3907718210717892,-2.688203531932925
14.58984375,-1.9316837462331122,3.4670653006098546,-0.7505097854568166,-1.5218868808237236
14.59375,-0.5972505061642113,4.009895343076184,-1.431550465689264,-1.4651325017297583
14.59765625,0.315685309740998,3.681659083584694,-1.3602582939100485,-1.5218723588589895
14.6015625,1.8767378193819075,2.2055718953531227,-1.0239464223347743,0.5664957152743102
14.60546875,3.015082898153348,0.45552840942795325,1.469932261380557,0.9491789822671101
14.609375,3.055558209754349,-0.4523701686202066,-0.3290840633389963,3.0372475793137768
14.61328125,2.6947891856744093,-0.6534146581085944,-2.7187052717635467,4.093544663747851
14.6171875,0.7582965894437108,-0.1861380275516048,-3.183133734907091,4.772199667286658
14.62109375,2.95691701579186,-0.9845651065738606,-1.5181626719471881,4.603575300919007
14.625,0.108052642967777,-0.04829408531052106,-1.8109887389508934,6.298948717407373
14.62890625,-1.721822409833256,-0.3683433959330045,-2.1346168123446465,4.426919611606301
14.6328125,-4.6009403079716975,-0.465677162121283,-2.97809215728505,4.454481748644819
14.63671875,-3.868738001507469,-0.023890970295878056,0.5058028351749024,1.1505027218195298
14.640625,-5.927370475026099,-2.1564868038149845,2.62236401277283,-1.2138344134242836
14.64453125,-3.9638257553978233,-5.125862094165464,5.283371924892469,-1.4514716746916072
14.6484375,-4.187239527455954,-4.894681493584545,3.50178071246724,-2.3595133058251294
14.65234375,-1.3894536702103795,-9.987969725125705,7.982196550984549,-5.525589158335531
14.65625,0.2688436547548312,-7.367156794346119,10.692088466945549,-3.431172499033788
14.66015625,-0.06158321539718378,-7.723797315601091,9.279393964808415,-3.7902288748344475
14.6640625,1.4215828541123678,-5.4602775445031675,9.725951123355284,-3.5789104964067455
14.66796875,2.4568096158797257,-5.546050929943083,8.135581718066037,-1.4309862348804332
14.671875,3.28656072955654,-3.4462979533581426,5.552901468707743,1.432037581625759
14.67578125,4.032947301744054,-1.7309369428020904,2.8416311038944957,1.8326427659261522
14.6796875,4.379071025834494,-0.5198120099848893,0.6626262998301552,2.978109301690426
14.68359375,3.592068239539493,3.9814353030380687,-0.8056363599256975,3.0479813529532107
14.6875,3.0040974806596976,5.069891872331706,-0.2658195601440395,2.219103093077464
14.69140625,3.9657818910941325,6.220267030573244,-4.366578965634795,2.8453093525829036
14.6953125,4.355757269775994,6.433182730026256,-1.8325649463837492,4.213733638695286
14.69921875,4.7294439696779005,7.694348175107907,-3.1080916779429066,3.898567370706603
14.703125,7.019730418589717,5.812596780451781,-4.767710889767442,3.1120731055033493
14.70703125,6.201083497289223,4.584194370813689,-6.6826517307064695,1.3491990533709124
14.7109375,8.224691576187569,4.753319249423994,-3.8806568763333296,4.921653266588553
14.71484375,5.087665021781948,6.1643114730043935,-6.715681677830412,3.8688173875463847
14.71875,4.047512439956776,4.1482662939950945,-7.337067431416841,3.3748236378195333
14.72265625,1.2034559623127044,7.235729972261691,-10.464531127399368,4.657023713343744
14.7265625,0.10337387025200107,4.867972474957771,-8.617824229755835,4.705856432713963
14.73046875,-4.110904318792911,3.673464267568211,-6.526509460417629,1.3052150443634043
14.734375,-5.474014448953753,3.52812507834071,-6.749137836888213,1.9794409453522108
14.73828125,-7.529823707475068,0.49150927001298017,-3.5727352282805285,-3.084628443516877
14.7421875,-9.096610557145185,-0.15904119620594398,-2.103773912610335,-6.413060418976096
14.74609375,-7.829438935268984,-2.9670277679044017,0.2327013302073075,-6.681158922952708
14.75,-6.965405757567396,-4.65768150935651,2.414301595043127,-7.975233120194565
14.75390625,-8.377579807066128,-6.769244794771919,3.889011895950186,-8.725211142674608
14.7578125,-6.121677140867384,-7.103864375800485,4.72838504893634,-8.824681149006004
14.76171875,-4.38873080830531,-6.402767563904728,6.77729423394203,-6.8305824714185475
14.765625,-3.988438514105268,-7.3293579113207326,7.312542684088356,-7.240924182995547
14.76953125,-4.866967438378348,-8.543942712292079,6.094558455900832,-4.46781194573548
14.7734375,-3.277361182042049,-6.798877097511214,4.495074023897116,-2.1438757152873587
14.77734375,-0.3897217914513047,-3.1383184840741576,3.358920321377913,0.4287918818782406
14.78125,0.17633203842308975,-1.954925948394466,3.6086518426048464,-0.7141296955126518
14.78515625,2.0897323137738972,0.6635461089936577,1.9291671676851663,-0.02557788462448375
14.7890625,0.613085580531266,1.1912564498198726,3.729648705217389,2.976208850209638
14.79296875,3.36413804740403,2.0326186716871977,4.696454520822435,2.353237471804772
14.796875,1.8452647428003257,2.179953168643297,0.6763399350658847,1.5039528681090142
14.80078125,6.878846452426271,-0.33787486901128494,3.0771050523085597,2.4859729857309802
14.8046875,6.122078928991636,1.5805054757769919,0.45148807840371274,4.504748962933261
14.80859375,6.438526780609891,0.9118892104248568,2.353462261385788,6.273347103882479
14.8125,6.233316380699854,1.1304133585005902,-0.9077747358905444,7.557900585791384
14.81640625,5.576987283652116,0.9342142712165753,-2.7310987153690207,10.07037135642015
14.8203125,6.587534351376674,0.3451760712187435,-2.9080314550656174,7.902300770149139
14.82421875,4.021513864085766,2.6779208278003006,-5.362556819807082,8.518607251601589
14.828125,2.267106420559732,1.577705772168883,-2.911625188929394,7.450926466235463
14.83203125,-0.43982178971056674,1.786585707383346,-3.8368034772730404,4.595226810916468
14.8359375,-2.8794833920757563,1.6831839619056168,-3.448056315123147,4.136021616179019
14.83984375,-4.496371364808972,-0.5193168669814946,-2.534941552063895,2.3589775234565087
14.84375,-1.8149110251365166,-2.3566009442091493,0.11119812805927476,-0.5058773534240264
14.84765625,-2.336887236384377,-1.0696623767827906,2.2871997216668674,-1.205452463569448
14.8515625,-3.982999088371261,-4.649756036314495,2.484415566933289,-3.64967185554835
14.85546875,-1.113496538483586,-4.300985744800823,7.194296044894767,-4.625388044438214
14.859375,-3.386207557548625,-5.520665059684197,4.9498013582235885,-5.517681618577185
14.86328125,0.6284768702996683,-6.377601534550641,4.330675894256769,-4.0903856091507125
14.8671875,2.011617191025664,-2.9983547331868214,2.0228576578589283,-3.793942606342615
14.87109375,0.9714939419189971,-0.9904171979605848,3.093357733730576,-0.4376319756496485
14.875,1.6561045785400204,0.4278918871204207,2.4000634157025758,-2.644867290791916
14.87890625,1.278050101611908,4.199335485660131,-0.3844337912543998,-0.514501624471506
14.8828125,1.5622220278122876,5.809157885626513,-2.1811707150943613,-1.1045849725368688
14.88671875,-0.027142967338541046,5.064864171551867,-2.0824505006510385,-0.46801138957299204
14.890625,2.65567972938387,7.4377888367910625,-2.028515414905146,-0.5459534549129519
14.89453125,0.8584969209319052,7.3766870632732555,-4.219189227153656,-1.3909434675150179
14.8984375,2.4667694541687073,6.6019421694665015,-2.238056578942671,-1.4658330656023733
14.90234375,2.161988944689435,3.41260876616202,-1.3304414905006392,-0.7059653272177223
14.90625,2.0568952375863145,5.408711726489458,-5.25210960998332,0.6176708821379507
14.91015625,2.247323412948486,4.441851472527844,-1.4055920728390818,1.79806300492282
14.9140625,3.288865809149611,4.363374826020939,-6.412671907044352,4.228147390254168
14.91796875,2.324140490633623,2.339607832792073,-4.320674355306072,1.79462677704195
14.921875,-0.5332363843268102,4.2894925718348835,-6.795596672653984,2.858309247634185
14.92578125,-2.6972503649133523,1.781261491530981,-6.694106988172207,2.785676340702506
14.9296875,-3.4502402020178398,0.8254650527920391,-6.426575328351174,0.3155422090444653
14.93359375,-4.0394469255855,1.119179693344168,-4.600327200387249,-0.0590474074949987
14.9375,-7.267576119857556,-0.09688877674457652,-4.512230410117123,-2.174479088247275
14.94140625,-9.027556435178276,-3.02902057770582,0.8627124046476411,-2.0405547969822586
14.9453125,-7.975536851687775,-5.9325099596541175,2.56633377529017,-6.008403112334492
14.94921875,-7.709464177414546,-7.643852976477653,5.341516480597787,-7.335729617304499
14.953125,-5.637123343054853,-8.185666269953632,6.7018514687912125,-8.565402489268077
14.95703125,-5.87409011677467,-9.058020091099449,8.262751121995644,-6.119438514140804
14.9609375,-2.997766821596337,-9.549256201050365,9.035515471854792,-4.533253815078949
14.96484375,-0.14591635840077566,-6.918717501508654,7.451931250506821,-3.219942973267011
14.96875,-2.067061921528838,-9.881422850507246,6.549139923114033,-0.8607955533244811
14.97265625,0.4475284971943369,-4.2463481313995155,6.984721052051512,-2.3052407070759378
14.9765625,-0.01025208582784165,-4.909396857975085,7.610398553584747,0.0673310951188697
14.98046875,1.408404514342338,0.02587846300052532,6.403058893350727,2.0151794392004083
14.984375,2.4600949838914166,-0.6699701464802825,1.9372558432180882,2.815185850123455
14.98828125,4.887361642643499,2.1241695424237683,1.9678267474853177,2.1775441003221516
14.9921875,4.713482270031895,2.07179145160725,-0.5341632827754015,5.355959087142476
14.99609375,5.769045445842444,2.6632512865117857,0.9637823865192711,3.9203108564183706
15.0,6.377607552055325,2.849214898022297,0.21526268589351974,3.91260659623015
15.00390625,8.755508510940533,2.616219143515739,-0.6791842042326928,5.722377648128145
15.0078125,9.943020578282063,4.090926829498,-2.0636899067299765,4.305373851676374
15.01171875,8.278490168958028,2.6878966497128913,-2.641164085598851,7.441491044612959
15.015625,9.354664391739691,5.475308863128259,-6.3193350417022565,5.6483651948924996
15.01953125,8.487155629655247,3.633302764290336,-5.656323828744096,6.007750231158756
15.0234375,3.316065534504792,3.8804055346459485,-7.296059943309251,5.661912548776429
15.02734375,2.6779621472319475,5.597190981334134,-5.742028508517773,4.604259179842394
15.03125,-1.1607525262527094,3.3533775711894522,-7.490524608896261,5.239660426424717
15.03515625,-2.3439396001729684,5.1769605535809395,-5.983145220278609,3.425397949508558
15.0390625,-3.2780764091711516,2.702317691905631,-4.829240318171072,-2.921530084309315
15.04296875,-4.503504265538207,-0.14083177141866154,-3.7325421156555927,-1.3453848047529016
15.046875,-7.99504392728885,-0.5122027982536992,-0.1912612402778342,-6.816709326677913
15.05078125,-5.9780206215509475,-2.3544889581402297,1.5447308648149427,-6.499271256036944
15.0546875,-5.901691362620638,-3.912477209835358,-0.23354278094944103,-9.322698751687245
15.05859375,-4.634506324895053,-5.787265979266288,4.3386172729582775,-7.02584129017831
15.0625,-3.4654218789590936,-3.135521674922614,3.01017983992186,-7.187539978129118
15.06640625,-4.688917884918402,-4.615307114130538,0.9372115248249129,-7.393420942484227
15.0703125,-1.5079415242232224,-0.7993716523501506,2.038955393713249,-6.330493282479417
15.07421875,-2.382846754606729,-0.706370356695724,2.701423971425423,-4.356268455564672
15.078125,-2.5782976045515644,-1.0577543951750183,2.8682353417420874,-3.7969111581624944
15.08203125,-2.1492043245464116,3.511722890973402,-2.316586537732145,-3.369683476233674
15.0859375,-1.1895568314842435,4.533828790783733,-1.1993250187915483,-2.066494154989747
15.08984375,-2.15492299372509,2.42191943232892,-1.107076656543823,-0.8262501975664955
15.09375,-1.5388499733831285,3.4650679387877443,0.4248153625085571,-1.2576042578634719
15.09765625,-0.522074817163019,1.8265665398583044,0.164538073748695,0.21156973084732988
15.1015625,2.0833584233276836,1.3297752347288843,1.4236064439009661,0.1683828999397074
15.10546875,1.927822588918124,-0.665673188152635,-0.11254824125522839,0.18519642891791355
15.109375,3.117347784735313,-0.5533946018016216,-2.059398688800707,2.6075527318218623
15.11328125,2.7539771799485013,-0.45118013774069343,-1.7850653659519442,2.7531316696514
15.1171875,2.600572408307535,1.9529158893466776,-1.7209113601722037,4.461929358107535
15.12109375,1.3928134799382017,-0.28870926555037896,-2.4798882598667884,5.890569123878309
15.125,-0.5503341795833792,-0.4658968865877527,-3.2487065075348607,5.0947703039771355
15.12890625,-2.2051096199390843,-1.260819120461118,-3.1756165846036972,2.90421192942354
15.1328125,-1.2649432722029994,-0.013869188999517945,-0.3473630039362643,3.0805553548010023
15.13671875,-5.245710831016096,-0.2050984126613049,-1.2244291346917944,0.8903577635600766
15.140625,-4.177039684952204,-2.658921148641167,0.593268666416757,1.2286285257347094
15.14453125,-5.84133893674072,-4.74269404018034,4.9512641758890155,-2.861503313484232
15.1484375,-6.143053938555504,-6.056501078018272,5.431948639701478,-1.6967313327609534
15.15234375,-4.517579036892464,-7.719884910813013,6.433102904741199,-4.099834203890658
15.15625,-0.7675393392852494,-6.845005179884669,7.8698593340369545,-2.989605199513913
15.16015625,1.6025265924123293,-8.07187319320568,8.403237904888993,-1.581401351344283
15.1640625,1.8371996129081865,-9.124783186155181,8.762750303426916,-1.6085112831203936
15.16796875,2.096874247655575,-5.437368868231315,5.695324614289189,-0.3171049049649172
15.171875,1.672490955609693,-0.8119836927970425,3.902297216590827,1.8269299134518862
15.17578125,4.346247567763981,1.4348112827233583,3.932998269093478,1.2344430134604307
15.1796875,3.284791107775658,0.956129190084921,2.602830638637613,0.7246171091705778
15.18359375,4.38829417463296,4.73003131020953,-0.6140173846318597,4.129540228844678
15.1875,4.325439927238923,5.256970901319302,-1.2312131192487132,2.6387124549324446
15.19140625,3.267616173891411,6.216688640119092,-1.0030095419479776,2.488612374215416
15.1953125,7.149027098938651,7.376030608904072,-2.9042973073958938,4.679950248524666
15.19921875,6.247053632132539,7.104490701522553,-2.55182387271581,4.182524259758155
15.203125,6.4920138950016675,5.674439627837597,-4.548842705687973,3.2045892796075703
15.20703125,7.45620513268516,7.61489473498229,-5.211347629315255,3.2577720683919336
15.2109375,7.979968567240697,5.929800236166665,-5.712511505911237,3.519767893931227
15.21484375,5.690237896507813,5.423440559924723,-6.364024576573576,4.484515116906869
15.21875,2.6307943679447288,4.404207751760214,-6.662961417274983,4.33603216664316
15.22265625,2.8931358777148284,6.691117617042158,-7.240072800301888,5.648928024361486
15.2265625,0.5273958316311718,5.1881597877252945,-9.704288978625707,4.11560779223978
15.23046875,-4.659323040719812,5.909552845004658,-8.366467566568453,1.342637657030893
15.234375,-4.504799629192778,4.355869634126963,-7.548442515455977,-1.4115175557277402
15.23828125,-5.7657681861883905,1.161636048149101,-5.972522763492266,-3.09127541178329
15.2421875,-9.55935061303597,0.1982271139982834,-2.930851228840694,-5.164512969180164
15.24609375,-9.311687651081202,-3.519710889058949,-1.1865899437542944,-7.455488927318179
15.25,-9.980627008956988,-6.971894140804386,2.534294969815181,-8.159757688151444
15.25390625,-6.893133734316794,-7.419119853621846,3.2977354967708115,-8.576830420375469
15.2578125,-7.303845399963012,-7.16974355539395,5.059976683798435,-9.76581279187624
15.26171875,-6.397534359726638,-8.787499510222506,6.003717098979545,-8.064989978722494
15.265625,-4.28844510013733,-7.938003641292226,6.098612418810452,-7.74338484092823
15.26953125,-1.3124125911439544,-6.699568044840463,5.108226788664273,-3.9000127558420754
15.2734375,-3.7950621075416766,-6.107392626557107,5.503869438701597,-4.437109471208197
15.27734375,-1.2070498455952487,-3.205317288974137,3.753083831887482,-3.1827336722491966
15.28125,-1.9584256386049623,-3.222812693912225,2.7979731167679915,0.5374599501404403
15.28515625,0.34892207393304375,0.6961000998336674,2.4743422933594728,-0.6054727389061416
15.2890625,-0.9041966300480975,0.268601021327514,2.7658829233671556,-0.8615539944656577
15.29296875,1.6175137351619273,-0.10721015949402779,2.329490902049589,1.751277833581519
15.296875,2.574118631391749,2.4656413681657847,3.3010771486842745,2.4063480136282696
15.30078125,3.365858259137121,1.0286241656299728,3.23275425691632,1.1296422468667768
15.3046875,5.672391227353874,-0.18494226992643026,2.5196961520707464,5.259541072149876
15.30859375,7.885442631858621,1.1518011930709684,1.7604164681837104,5.404457993677312
15.3125,9.774886548751915,0.6730879420136379,-1.619968694503669,7.135127435309992
15.31640625,4.010763289219568,2.0559599795041597,-1.6184656151323134,8.593000058130945
15.3203125,5.549947971590175,1.7669448353617394,-3.115467756905537,8.75989798515182
15.32421875,4.2420979975886315,0.7821046295769558,-2.0936356926183595,8.345193115478672
15.328125,2.2366375146829176,-1.5702133840921069,-3.596765643243902,8.213161358868064
15.33203125,-0.7940800374082455,3.204889752436454,-4.184516517313929,5.960388008379962
15.3359375,-0.9774777032636477,1.926453623743365,-2.4940888026813073,4.229462685590448
15.33984375,-3.5286831579530995,1.095422741365601,-1.759296495726915,1.4150539224983538
15.34375,-5.482477979658259,-1.422345012023301,-0.43583635130577514,-1.3590312658246928
15.34765625,-1.2717966790066086,-0.8790928111810588,1.4106905040381494,-1.2050199624021523
15.3515625,-2.1173155127582466,-4.741238520781733,3.2304969976235363,-2.0954769687529864
15.35546875,-0.6485402651954201,-4.321193469077121,4.887457425653909,-5.787923125458798
15.359375,-1.8799349799105272,-6.430914653862112,2.6488114828832057,-2.5968729066389935
15.36328125,0.800148937775679,-2.917551955490457,5.038818746633778,-5.51008723345699
15.3671875,0.2610060015144696,-4.368589826295359,3.123346724981179,-0.6373311590363753
15.37109375,1.0060344846332834,0.8115814921979612,2.8186471169707055,-1.6290599474371787
15.375,2.1470450102177927,1.1057232922847726,2.1709183903009963,-1.0279769618469645
15.37890625,1.0095792807468804,1.6922746224163059,-1.1105492604965357,-3.2961407955664073
15.3828125,0.7787748944422226,4.564610951929282,-1.7893340530200725,0.4154648739232414
15.38671875,0.7611827198670844,5.994078280132549,-2.575597079965082,-1.0478158799182333
15.390625,2.1358826272972466,5.6338824718882,-1.2842555259631818,-0.14894574353907541
15.39453125,2.6170647710130317,6.350958263174436,-3.7858617893919297,0.3098290015381071
15.3984375,1.276796874622123,5.628307230958836,-1.0938855425211989,-1.0613708658136172
15.40234375,3.078149945672794,4.643172202938499,-1.6756374039074189,-0.7902762530859181
15.40625,0.9536597584369897,4.797902885524754,-4.677141695069306,-0.41034643877335164
15.41015625,1.943547056312186,1.6096745221929436,-4.739733150459777,0.7696459412739112
15.4140625,3.0360527632950185,2.719153324215085,-6.203007915080887,3.498706158431785
15.41796875,0.24758554841062264,3.447791321817541,-5.330024321529383,3.589898388646501
15.421875,-1.7125175812236408,3.057182166329393,-5.807487720627894,1.7931830762224834
15.42578125,-2.6833797216193425,2.3175889641714087,-6.27096826326232,3.5429347343507716
15.4296875,-3.0200803557526514,-0.8054303953854733,-5.502831931169915,1.9858976872202128
15.43359375,-7.928534092181981,-0.404199845993579,-4.871211759806811,0.14337610874334536
15.4375,-6.1255684807081145,-2.028744985315688,-1.7130039480565398,-2.0670674166332352
15.44140625,-8.20128255550432,-2.7730374873671835,0.5220764776669984,-2.8387777725391747
15.4453125,-8.65147918997976,-5.439824829564474,1.847429631207173,-4.883142033670464
15.44921875,-5.949564459910597,-7.022761897125937,6.628838635824197,-6.325277428115597
15.453125,-7.82471450544546,-10.423768502098097,8.514371535594677,-5.054081854501408
15.45703125,-5.41394432572942,-9.755319954787769,9.133525840301298,-5.441300321029046
15.4609375,-3.2614845536448263,-9.88624158031015,8.527887583075337,-4.30444972359648
15.46484375,-0.953869704786801,-8.623740965089942,9.023640196066037,-1.9878048840545532
15.46875,-0.560586499158562,-9.070239982598968,7.00898046852435,-1.1974621664382563
15.47265625,-0.1614389052075479,-5.778294614584922,4.758475153330755,-0.5375789193229373
15.4765625,0.7315021258400654,-2.874545484954194,6.667298060703415,0.8125293108470069
15.48046875,1.1693414435311311,-0.9548058269300468,4.0884507910585,5.0326867032068066
15.484375,2.3202941644061728,1.7636221588939966,4.27068500402242,2.9992893673363885
15.48828125,4.2376251599969645,1.7242688301181268,0.4662976639223233,3.5818135860194356
15.4921875,3.604607025643384,2.707289001767412,1.809529846965979,3.4730473773672026
15.49609375,8.3657618700382,2.8599870253063466,1.0329919314474711,2.982039142603118
15.5,7.52993801254625,3.0382536642394715,0.5757528655594761,5.310103793320609
15.50390625,6.926444730734483,5.036613795966744,-0.15366729238952104,5.625871102820384
15.5078125,8.560528077033334,3.7795989427553827,-1.4952099547795226,5.918211674806038
15.51171875,8.422808807022964,5.459301951764401,-1.960253937680921,8.310257161719562
15.515625,8.32751829868403,2.223512720933805,-4.453991422425365,7.708731996932653
15.51953125,5.114301203727012,3.3493525207859616,-6.582166760054064,9.6518067226873
15.5234375,5.213746039539103,3.7959102700664396,-6.703928526285739,7.137884430165396
15.52734375,1.2761753380471836,4.381365607846329,-5.699824824600896,5.59690872517103
15.53125,-1.6485545638558237,6.713715763226278,-8.011350491286686,4.239253614292536
15.53515625,-1.536222987518069,3.020267134748558,-8.032405360985278,1.7830565845412907
15.5390625,-3.730133972640035,1.6288936675362566,-4.6209490920149605,-1.7693708912125157
15.54296875,-5.4262687581933715,-0.5443663076917051,-2.8727860921338784,-2.5705218662296323
15.546875,-7.026880492137927,1.478413869466121,-1.264352824242362,-4.760964916611178
15.55078125,-5.806015488250572,-3.4847509994811494,0.45173617437900715,-7.701179678238752
15.5546875,-2.239534841479511,-3.5236785166902114,1.394800433528216,-6.839962566378354
15.55859375,-4.82519521649508,-6.3711044783865365,2.929770913923658,-9.69146995811192
15.5625,-4.141229926730281,-5.5506153714524284,5.413103350747081,-5.87990209935425
15.56640625,-3.0119499394654916,-3.8136313665867916,2.5404512774824077,-7.7906784873069155
15.5703125,-1.2895997092682037,-4.90170983304751,2.714515481601426,-4.991018811412785
15.57421875,-0.9585396785661402,-1.7176466011897817,2.9392890041915845,-4.317291508259811
15.578125,-1.5968540692308566,1.288304400886994,-0.744824011166404,-3.6116791194286098
15.58203125,-0.6610773537295229,0.534320077935672,-0.378739765633155,-3.899092659658933
15.5859375,-0.3669793985812244,1.2042163021204286,-0.37531400163138307,-2.4747701791376624
15.58984375,-2.0969926174985427,1.6266449812883559,-0.44661447318428327,-4.703542482133817
15.59375,-0.7884989702100842,1.9891112329108596,-0.21223127032317907,-1.6759449801012525
15.59765625,-1.6161887574554532,2.918824871833942,-0.8544653765574701,-1.8042862335617742
15.6015625,0.9413844979621029,0.08413808099811204,-0.4024169660471614,-0.4525391467775158
15.60546875,2.378891330063141,2.0124696261976003,0.6609510183835829,1.0150493451362443
15.609375,3.5606759662793883,-0.11540130608601573,-0.6501703941835292,4.214360135871411
15.61328125,3.8978426723169797,1.5888201414404504,-1.0948969972940583,1.0763806156177185
15.6171875,3.2552462352853024,-0.5690167144829666,-1.8587073090313326,6.357491501972476
15.62109375,1.7023742972359763,0.22398578267280228,-0.39927375492389805,4.771571160605343
15.625,0.46636116720958376,-0.7033493252741052,-3.615450574018096,6.879744406079796
15.62890625,-1.208448890462551,0.04661897407081539,-2.251311506810923,4.269518466246762
15.6328125,-3.1937711193804112,-1.134912467419106,-1.6867014058848158,3.6675942204238785
15.63671875,-3.875077117319483,-2.877782866207295,-1.927761692346821,2.2504694446734854
15.640625,-4.497151251330263,-3.555734709009127,1.8871108009063295,0.06105412603496571
15.64453125,-5.631865735769273,-4.036204316518356,4.312285768527849,-2.1115512939763867
15.6484375,-4.740891714715919,-4.24161321243507,4.9471791593068275,-4.812064437628297
15.65234375,-3.682115309236523,-6.840775137908271,7.059810071212332,-3.356530477514861
15.65625,-0.8306976575910825,-8.351257082130237,8.512163825100064,-3.444348532968324
15.66015625,-0.3558319589028293,-8.365937225264926,9.785674059047127,-0.6745491310221232
15.6640625,-0.13364331967635423,-6.505455367375495,6.633398599828714,-1.4737606726403185
15.66796875,2.4970749455885506,-5.234063790569526,7.3684973364923385,-0.7296985827138367
15.671875,3.6754442138594294,-1.257208606236089,4.934200250856862,1.8361809061313061
15.67578125,1.7837020422974057,0.7182915682807254,0.43382414531715074,1.3950186331607048
15.6796875,3.8966061310637903,2.7008729907446147,-0.5573869621369241,2.6218804610281707
15.68359375,4.754078104582472,4.736540290683367,1.347054475541258,3.420812455169821
15.6875,3.5263376046302097,2.3476195151639807,-2.4910315920708896,2.458021332258417
15.69140625,2.6705200197745107,6.157725920854639,-1.760758367845654,2.312256637037282
15.6953125,5.012074042734737,6.094751013906249,-3.8535743136320546,1.7919958860899248
15.69921875,7.996802036583551,6.213237311961819,-3.8699308141034168,1.1506977895717714
15.703125,4.562165672928964,7.360988094101031,-4.0261503867191815,4.196005888298899
15.70703125,6.257354612573223,7.00692085439762,-4.8105516780183315,4.739007946015176
15.7109375,6.731618423451299,6.599941534595113,-6.239044706407205,2.843560105567461
15.71484375,6.933300368309132,6.826103984885034,-5.756819516076514,2.9366681085796156
15.71875,3.897355760548964,4.956967811669694,-7.300842465486177,3.438374720354622
15.72265625,0.859695030833149,3.922673470868067,-10.386121965206085,3.6727159969093153
15.7265625,0.5633862030272888,3.0735260353359033,-8.018690608980968,2.695704490021407
15.73046875,-5.198470457773586,3.3974795464670042,-9.039400518758056,1.1964740811901045
15.734375,-5.42339140192217,3.176470738937799,-5.775630842006411,-0.4173892238347214
15.73828125,-6.28444031457339,2.308860281634809,-3.387760253032024,-3.9597712925419692
15.7421875,-10.263549238203893,-0.965437915117696,-1.1096533275461595,-6.97695553721962
15.74609375,-10.810358493050641,-1.9415946202937049,2.1116863365244,-8.2445949345438
15.75,-8.095201467923765,-5.210133166967709,3.7715545747143047,-10.325672192561568
15.75390625,-8.096639373274378,-7.032589067167061,2.7949731730488385,-8.775737844932959
15.7578125,-5.996605134239094,-6.332222134350716,5.338964844326448,-11.056327474975879
15.76171875,-7.097888912049194,-7.071880335786178,5.191431302643881,-9.13912122938895
15.765625,-2.304701863414972,-7.684957593740398,6.991366900917229,-6.107215150905503
15.76953125,-4.4236138266177045,-6.228162994550043,6.451266694005299,-5.7804625710086555
15.7734375,-2.301708579576021,-5.9147926587691115,4.086536655558794,-3.6332523207746434
15.77734375,-0.9116265426884709,-2.627956712633714,3.1526047049611927,-3.649518830749312
15.78125,-0.3222858704510849,-0.8387687523863245,3.3107617414738337,-1.904260294846846
15.78515625,0.5939061060272253,1.6331685488584795,3.6426890371846494,0.2910431777288687
15.7890625,1.8867185658907537,-0.7403994999370884,3.452301952475127,0.21600543440498643
15.79296875,1.9570627769211841,2.1819144638039223,2.5079739390515368,1.3880019773065413
15.796875,3.4721406844465066,1.0012123401973265,2.1455148173406067,1.8054321418494494
15.80078125,4.145163654330686,0.1244423511364825,3.0414100115554796,3.2927132124959755
15.8046875,7.412718838212503,0.6905638994945869,1.1230541510910885,3.8485639719818745
15.80859375,4.203371263375056,0.4084617822462131,0.8586604296881004,6.989420160029823
15.8125,5.736647425082758,0.8149507398393988,-1.732658269679479,6.611495953057251
15.81640625,5.071072743081835,1.3411989172332244,0.15260307220047564,6.59528198258146
15.8203125,6.157088160366232,1.0894089099794502,-2.0282488281355437,8.907271106008944
15.82421875,3.129649191463953,1.172416345410562,-1.5963090644063338,9.559024146955846
15.828125,2.611388656149047,2.0685138212931378,-3.9615154125377265,7.624827438080443
15.83203125,0.865704381155584,2.1338299080065024,-3.4515081436381285,6.529451063018611
15.8359375,-0.9231828650805101,0.9726659212792876,-2.486463318000566,4.532213041350755
15.83984375,-2.6846008866844873,-1.0505170827577235,-1.4064984378363816,1.2099271261355875
15.84375,-1.853856880441723,-2.069087357340454,-1.7247530679397802,-0.14578257565492586
15.84765625,-3.385522183582917,-1.6734075733568057,3.4526800461961313,-2.4966672684595763
15.8515625,-3.676132547838783,-3.959099858091984,4.147326412586702,-3.230486999089155
15.85546875,-1.009291026179604,-5.363150971355914,4.235529175599078,-4.91678592474251
15.859375,0.1256610480548085,-5.523537773513931,5.16890746521488,-4.551473191449121
15.86328125,-0.8899339180089278,-3.6254258551249032,4.946079349305259,-2.628312993959804
15.8671875,2.2648727105804207,-4.067442595970444,4.741231273729073,-2.2374779756219536
15.87109375,0.7161054358684081,-1.9437759844085498,-0.7644463875078058,-1.791877101749829
15.875,2.0400291117241705,2.219308298488621,0.12696709402180123,-1.6798338888463213
15.87890625,1.8715849586977145,3.8094783454437344,-1.4718669053406441,-1.1735482573671479
15.8828125,1.3902746357851195,4.109662921321784,-3.2472818008569293,-0.2106191539370761
15.88671875,2.9873967484268116,8.063946523704079,-3.2691575647278093,0.16756186723918864
15.890625,1.4654865317595864,6.781928698024118,-5.340643775581672,-0.3277409521086875
15.89453125,0.24533491238100913,4.726094440708733,-4.090358978504918,0.4314580341391805
15.8984375,3.0702652775689376,4.917440243962217,-0.9092786206031,-0.9590519651788871
15.90234375,3.601730003320673,5.515009598160682,-2.454076762365866,-0.667803901304423
15.90625,3.1671285757540084,4.354295369253215,-3.1267894628044384,0.3108489573291875
15.91015625,1.9908388675234463,3.943898555609381,-3.9249534466439755,0.8021924262436768
15.9140625,2.4780738131246176,2.071605664812476,-5.938129831432137,1.3344285497597324
15.91796875,0.6974462094658276,1.4953454594985802,-6.0180402947427725,2.274612785141376
15.921875,-2.318406180547567,2.4857749833358147,-6.7801009517546005,2.2569297872977585
15.92578125,-1.7218621521341815,2.1757159886302997,-5.069755425159341,1.9149320935862888
15.9296875,-2.948525800199427,2.112806966404991,-5.619284473734759,1.38403343028118
15.93359375,-6.531382871153959,0.9369061547987361,-3.8114043620390894,0.5572856304920943
15.9375,-7.279862913045919,-1.9946284041030897,-2.9141438350570117,-1.921036340930658
15.94140625,-7.410945667044419,-1.6650406631302563,-0.9825807791493926,-2.1079296706465844
15.9453125,-8.077358436790176,-5.975109999656046,1.6866033891297116,-4.6955893738525285
15.94921875,-8.725445375818106,-6.153499188794803,4.14741050932321,-6.8904628462255
15.953125,-7.389451273609267,-10.245827309005433,8.28912995767486,-3.571410942859806
15.95703125,-5.413893452977643,-8.847007398807113,8.123154176944672,-7.517021963534124
15.9609375,-3.547138335519846,-10.596295745171995,7.974690951499623,-6.199369018508856
15.96484375,-0.2971407699619535,-9.358309261643013,8.395538182304385,-2.526112182035215
15.96875,0.8565112740807113,-6.932608618791434,9.454325568084467,-3.0053467788846726
15.97265625,0.8522281190269112,-6.4246185416287895,6.982823209567442,-0.547408155188511
15.9765625,1.9917247940026535,-3.52295517165354,6.217867900348107,1.2110960503100612
15.98046875,3.6245444620650664,-0.5396937558357872,4.995022831564885,2.568203963443087
15.984375,4.271078998295302,0.8376612040048705,0.9678508691999146,1.976051746095254
15.98828125,3.617087898044495,4.795682719953319,2.059145200520766,2.6420735420126613
15.9921875,3.649681372631098,3.6277994587756126,1.655138065900208,5.473959435094665
15.99609375,4.869922753477231,4.189045166069457,-1.1744974271818163,4.188397873813799
16.0,6.50228759323263,3.2803497510499615,-0.36573654596354,4.416368077369402
16.00390625,8.01590750551414,5.1660071667673995,-1.4417724554773395,6.331479483411233
16.0078125,10.281207423230395,3.424643904592462,-2.1895611875407837,6.442620238002826
16.01171875,9.102966480210597,6.414260257650621,-1.7557007309151453,6.4713022639770195
16.015625,7.47196991494219,4.933377689714358,-4.028798560511332,7.720627232666417
16.01953125,6.513190043009778,5.153639749508702,-5.505396619531491,7.1521659182253785
16.0234375,6.015042920572798,6.435852106268347,-7.509369088511579,6.991398419640928
16.02734375,2.14017619255834,5.470051889246125,-8.07064620984062,4.916351193847047
16.03125,0.07161406344144167,5.358612892022604,-6.733200662774022,4.340877217153191
16.03515625,-2.8951601358370724,4.857871816168016,-6.627607422740058,2.328893282401404
16.0390625,-4.001786998817374,2.102826640072868,-5.846395368215214,-0.4059055114437191
16.04296875,-5.332034666832292,3.329783892989001,-4.249157732545401,-3.266624120062983
16.046875,-5.750290850614766,-0.5539442675665842,-1.751122365712033,-5.929377261186813
16.05078125,-5.171643106683282,-2.3290843550758256,4.064847860785913,-8.009868433427501
16.0546875,-6.060310613880585,-4.0089598558185155,2.4951179770998677,-9.14733954458786
16.05859375,-1.5868354551741342,-3.975145156071164,2.8756290158629723,-9.376694860157347
16.0625,-2.6596184183736975,-5.148239343694397,2.625089377369106,-7.42459859399182
16.06640625,-2.2251028835700764,-0.40809553323285375,3.067234144682062,-7.461480292555447
16.0703125,-1.60268925197312,-3.663935984453542,2.412236629995386,-6.788486393537939
16.07421875,-2.022257636285244,-3.4094018996233157,2.3466490592644327,-3.9581435926619477
16.078125,-2.662273561937,1.0611164069790715,1.3896585450425953,-2.926969906988907
16.08203125,-1.8266892296508195,2.2396864461719965,0.29082794354930014,-4.192758382057715
16.0859375,-2.2522970721864293,2.6022945359444347,-2.0058699124949237,-1.8201197507681175
16.08984375,-1.5463474385232507,4.966209063158168,0.16787945806267202,-0.33956113010355615
16.09375,-2.0064894062575767,2.1135282308313887,-0.7094524963515918,-0.9096056751155195
16.09765625,0.2812666936676617,1.9674078085105946,0.8389853873629829,-2.234860299668753
16.1015625,2.0239387647526277,0.938691863063795,0.6611651713601796,0.9499275817956583
16.10546875,3.312321257327662,0.18610215013913045,-0.8731771946518477,1.657869934240857
16.109375,3.8610591436891952,-0.709450175461833,-0.22385699655827251,2.2565704192765876
16.11328125,3.280787325205391,0.38410934871427854,-1.622579985446136,4.794198765311725
16.1171875,2.47027851547183,1.3652069205376047,-1.719286916382817,3.656956072259267
16.12109375,0.8621579808961863,-1.8774331122081036,-3.853128780209116,6.5068647494856835
16.125,-0.6606830598111576,-0.24266413351573787,-2.63453291498653,6.401247574183821
16.12890625,-2.2240215245494586,-1.6824197943912051,-3.0465198902249253,5.907320842134952
16.1328125,-1.8230469283384945,0.696596706013004,-3.414472099406556,2.2123346632926792
16.13671875,-5.438107945081857,-2.9075700244233604,1.0764833513467786,0.8370102124404104
16.140625,-2.289397365400015,-3.6822371472201705,0.6362447947800967,2.8604744885536366
16.14453125,-5.800085739278023,-3.3765496649147315,3.8094997793691467,-1.3947436568244618
16.1484375,-4.9669817169373545,-6.415805761379132,4.570773903161448,-2.680353467775139
16.15234375,-3.658755172569513,-7.370983546414172,4.715700789929361,-5.479660273213956
16.15625,-0.7612466871253014,-6.547583645293281,7.645633090075292,-3.542341926318499
16.16015625,-1.271235311855045,-8.144726618365898,9.50866952965353,-1.8756813047373735
16.1640625,-0.5451779124824567,-6.200525496590884,7.609810061585063,-2.185044977320395
16.16796875,1.0861201106918432,-5.770123867781485,5.826672825149227,-2.224701469324745
16.171875,3.8364517237531484,-3.4401197605717613,5.090436936114828,0.19424549924935203
16.17578125,3.2197436898233147,-1.2884081020815201,2.769007073559956,1.6879273712199367
16.1796875,5.687142667045452,2.1523164433362747,2.662087599929353,2.28305861270187
16.18359375,3.6674189428655404,3.462496293910517,1.4075496802114498,3.515197194408771
16.1875,2.9724690970973326,5.884489924161343,0.22555391546848425,2.2457322774228548
16.19140625,3.3867215071975725,7.498661474728721,-1.2417784844334394,2.085749781455926
16.1953125,4.890571802912354,6.8305422074393825,-3.094663798928079,2.1906889562516407
16.19921875,8.92920801965827,5.051260717813719,-1.7513684788069521,3.569474464722484
16.203125,6.077580961947121,7.453974282671423,-2.9869090863409866,2.4970931068114064
16.20703125,6.404527158934985,6.223048830017807,-5.042356090768988,3.8658418018812286
16.2109375,4.620507827284955,6.964532213187221,-6.308158288657536,5.217725224986887
16.21484375,4.3700866150823146,7.479843784483428,-7.009518017959094,4.6512457325303975
16.21875,5.366454495390554,6.687714363076527,-6.287859216188677,2.8266541653442516
16.22265625,2.7899573874510257,6.042996878725546,-9.334324766738199,4.068238790938756
16.2265625,0.22475716806394974,5.34986799625704,-8.330154409863129,2.0804513718971265
16.23046875,-4.557867231431001,3.441347525066812,-10.181086109830636,0.9243645728572267
16.234375,-5.401238354615795,3.4933460428723944,-7.236010623433147,-0.9098495102998014
16.23828125,-6.6718510942206395,1.0784142863385486,-5.539005568877919,-3.769168848932571
16.2421875,-9.061297182615153,0.7539854155634642,-2.665190285028712,-2.7671424225907075
16.24609375,-10.95548671436583,-4.402392787305845,-1.2258812001475106,-7.002942623819537
16.25,-9.463387250287804,-5.383202846612632,2.5529442277686534,-9.735012065310256
16.25390625,-8.08051957985677,-5.724739328704933,5.740228101322409,-9.55225246658903
16.2578125,-6.733108834138274,-6.688832060012185,4.387355033563472,-10.165959056702125
16.26171875,-6.634542246706974,-8.417870423691172,5.216906192143796,-8.467784843767248
16.265625,-2.5346886099614316,-7.768535036530567,4.9665360982257045,-8.741244251955115
16.26953125,-3.664610648522822,-4.192930033624334,6.694253898313577,-6.917576783408311
16.2734375,-2.1861699552054996,-3.9714254981335277,4.465010726103751,-2.5709213708648795
16.27734375,-1.1162992970441938,-3.28639478716434,4.31150743762422,-2.3530685445046613
16.28125,-1.144053541764117,-3.9063699163849055,2.1360630211167635,-1.27025018260233
16.28515625,-1.0400397989388983,-0.3652992438275975,3.398927780143707,-0.67395384376839
16.2890625,0.35977764134957546,-0.012577398115503735,1.9772149781805686,1.8641304704827677
16.29296875,1.5234213521514783,0.7563448147825145,1.757636062944207,1.4342130782130578
16.296875,1.7010698226121657,-0.8230561619613301,3.157373064939514,1.9086827503959274
16.30078125,4.550729506969354,-0.43519773926684446,1.3514273646512343,2.282502635212375
16.3046875,5.866658680047458,0.5753696893248463,1.1501717782483674,4.7190125060411745
16.30859375,6.784781918998963,0.8584135945436021,-0.2567335425452034,5.913944085557138
16.3125,3.9157802780151867,-0.15882533010838806,-0.6332283969096233,9.053590296452706
16.31640625,6.368020256716304,-0.20038222613974277,-1.045573523475027,7.919586278370741
16.3203125,3.1069196366986165,1.2296124548410476,-4.638252251534651,8.201960747643266
16.32421875,3.201403651574501,1.5232421894559138,-0.9300757866566425,7.45876933082305
16.328125,2.393282561423742,2.1872537204230964,-2.2952428004211747,7.288542724675402
16.33203125,0.38982993408971184,0.908584784047046,-3.532741008498737,6.59769818260234
16.3359375,-1.5570362982038544,-0.909784201365947,-2.2942281000674782,4.4047561115530565
16.33984375,0.18557401573869114,-1.5841228877270672,-0.24367950548489503,2.0433445027246844
16.34375,-4.12357803312645,-0.0865336186904434,-0.5597052406241475,-1.7921512287636674
16.34765625,-2.8396951554030894,-2.68402165022244,1.1977949136523314,-2.3889367544351034
16.3515625,-1.900818647392064,-2.959961228771079,2.9955863502073132,-3.1595770117326762
16.35546875,-0.7510453862340425,-3.1206002940908553,5.487956335526899,-4.711008649623429
16.359375,0.02177840809454934,-2.312837284814932,5.2956394269541125,-4.313958947933153
16.36328125,0.6969461336471968,-2.5268522843516505,4.364681324856992,-4.958479592213311
16.3671875,1.800204203593818,-2.833796782119187,4.472825647858679,-3.138565145432485
16.37109375,0.812907139964379,-1.3784504160761193,0.7509576193520189,0.6182012329756081
16.375,0.26641201454617036,2.2858648553803915,1.474615571058626,-1.9281459450623148
16.37890625,1.6030101165097057,2.143161582242151,-1.0339010439309804,-2.42364699214494
16.3828125,2.317238950753813,4.166129912989492,-2.749166385654747,1.0089382110120788
16.38671875,0.7372086635314458,5.86387966562946,-2.368932393926123,-2.0586950729568527
16.390625,1.0640186038296955,5.145840012322184,-4.409507804631992,1.181012444070428
16.39453125,0.7531389423736085,6.323791974701648,-2.848566378446341,0.8067246212090757
16.3984375,1.7667825534566022,5.272887135183212,-1.744449303698913,-0.9180382956474828
16.40234375,2.926050451989325,4.415103087719026,-2.162706145180377,1.6480487464557387
16.40625,3.9453191094860913,4.516641394456922,-1.7530950247182324,-0.27996545149525054
16.41015625,2.517020999678179,3.0556150049680784,-4.224439268204968,-0.46964760232110825
16.4140625,2.4666979896932846,2.2857991405639564,-5.465056257223295,1.366881166213191
16.41796875,2.1422161345968775,0.5026583198200911,-5.692942228660922,0.45688959175350075
16.421875,-0.28457436385452906,1.7258485944329593,-7.7844331300833955,3.3535252854978017
16.42578125,-3.0781924312096836,1.1150335205043147,-6.429335015707465,1.244275229669227
16.4296875,-5.512063400469094,-0.5107179282228933,-5.181494161574138,3.315194001658729
16.43359375,-7.612276010381367,0.4903798774490634,-4.334437706131078,-0.03127302655001568
16.4375,-6.861054757832569,0.3137011833706622,-1.1493123544541088,-3.368123412685782
16.44140625,-8.825000776036074,-4.8363301530456635,0.4118824091958254,-3.031221896437245
16.4453125,-8.835056215825153,-6.176455101135867,4.295281070790959,-5.913456703807978
16.44921875,-8.95826150098692,-6.2960334425188025,4.661491585042649,-6.571386645238367
16.453125,-6.848986226652604,-8.554372160297168,8.189590766244173,-4.352915794088258
16.45703125,-5.398154418938194,-11.091144456945194,8.351364717887193,-7.161970280778951
16.4609375,-4.584134871051361,-9.82439871884952,11.417336196198617,-5.739670297842553
16.46484375,-1.9306709817654573,-10.141341200778262,9.637052799072219,-4.741757312842996
16.46875,-0.8284468143632897,-7.62342721088105,9.976234063466158,-2.1673401394057774
16.47265625,1.1796809953301526,-5.919646798605987,7.906703472693563,0.15623060269280686
16.4765625,1.9477225756525565,-4.030219342634798,5.95972087927395,1.5749012106559652
16.48046875,2.6636358609832125,-1.2455494985953646,5.744140645315791,3.0403825312633534
16.484375,2.231599682167769,2.0684150894635858,1.2824011401458244,3.185392703472335
16.48828125,3.5958789124753165,2.003111413384563,1.3810680089613423,3.849865232568647
16.4921875,5.364800435569261,1.0606641739564422,1.8400669302795576,4.6608062828098396
16.49609375,3.547666652502935,4.262279048015568,0.240660214570525,3.863546787719894
16.5,6.64145169452207,2.8750963374041185,2.2216982141912407,3.345297262485568
16.50390625,6.011248629793908,3.8055182424796956,-1.1566397056754425,4.982351373291176
16.5078125,9.654443239920695,4.227528415433129,-1.849548314602508,6.993813067633985
16.51171875,8.358185833561297,3.626094360874377,-1.8921917375368307,6.928728161543574
16.515625,9.3755068192335,4.792343437502906,-4.207621905324054,7.738842717612638
16.51953125,6.251084656480599,5.010020942966207,-5.973829199104878,6.666123986969988
16.5234375,5.663154631257555,4.7874339163105555,-8.139101160120772,8.528000066009218
16.52734375,1.5503036187280266,4.365822187299889,-8.042435612403677,6.440883863941735
16.53125,0.26031091241978616,5.979985560100781,-6.644097174119462,3.4588132656208983
16.53515625,-1.6218104968057139,3.8832041275295692,-5.242270118125499,2.445806662728897
16.5390625,-3.003727043248166,2.0990850148778266,-6.654203711988048,-1.5696000718341667
16.54296875,-5.6925469907526205,2.4069275359569513,-4.4595258608433035,-3.3184912977045657
16.546875,-4.81335531682608,0.6417724052961384,-0.8792341792593458,-4.524339610099883
16.55078125,-5.633871002617529,0.7831639439752558,0.7178833996922309,-8.650344456133444
16.5546875,-5.026369386851568,-4.756550836837302,1.5036620129980316,-7.892405344140709
16.55859375,-3.6176760948676256,-3.5337221585888714,4.714284389669588,-8.838093364802107
16.5625,-4.156702315988847,-3.651910481447805,3.500360603323571,-8.554392560617991
16.56640625,-2.597381910886166,-2.9978795438290486,3.2405618845824056,-7.441580475032315
16.5703125,-3.220476311127548,-1.9521121681919937,1.984586831054843,-5.981430580872364
16.57421875,-0.9619567247921185,-0.6606881499624426,-0.9521155101436443,-4.619216229946538
16.578125,-3.5848847071015943,1.268019524396108,1.0340656403028836,-2.2478349896985894
16.58203125,0.09277402677599156,1.0843974545330943,1.285309753916842,-3.0615700399181853
16.5859375,-0.46315400589753764,2.9350392631920488,0.5496746434063315,-0.963313639784946
16.58984375,-0.8087567424175945,2.9808401036123873,-1.4282390125621296,-2.7320321732859654
16.59375,-0.8526047159965935,4.718646644131622,-0.9543606267753966,-1.9611737320478941
16.59765625,0.7685866499383082,3.405160930794912,-0.6188387433534608,-0.4448810852771664
16.6015625,1.669248700472701,4.093988144360638,1.0241804190257726,0.04061970609232732
16.60546875,2.838590052372453,-0.463991559232273,0.31375323988757464,-0.7694516597511651
16.609375,3.0820301574629876,0.26406164046120584,-0.25533096221660556,1.7424822134747169
16.61328125,3.9264909135813335,1.0108877195424057,-3.151500424421928,3.766684746943571
16.6171875,2.060029022099071,2.1560133041798695,-3.798501175963041,5.2243722066308305
16.62109375,2.5516702571820176,-0.8263125202832793,-1.894999320247328,5.965054565637049
16.625,-0.8197204660736183,0.288555283877574,-4.3656732049461695,5.000284434704289
16.62890625,-1.704097864749088,0.634397731467811,-2.717042197841204,4.556028054936755
16.6328125,-4.748350056379078,1.0983877003534672,-3.6204052228666894,3.5495790388249695
16.63671875,-3.2489000394700804,-1.0379637000726238,-1.0414845250280513,2.3163307399850313
16.640625,-3.492555657968802,-3.2166974010935068,0.8945118463501136,-1.3803262989367118
16.64453125,-5.719334374625267,-4.217062380978806,3.8323493202936856,-1.8859071093261528
16.6484375,-4.859317392107027,-5.041489189778698,6.211784222274772,-1.7007994085647804
16.65234375,-3.311698853389303,-7.532964034207678,8.763758286937511,-3.6400210866404645
16.65625,-1.9128487414283906,-8.214510890126572,7.945349218731047,-4.469900905020934
16.66015625,-0.645685641794097,-7.590536086447996,7.829817202110191,-2.3310724215000524
16.6640625,2.1540293083532442,-5.512948149653331,7.964159573522109,-1.0363516298039366
16.66796875,3.3910697570842676,-5.050584348829071,6.883771992936011,-1.5174729097992552
16.671875,2.344292915103382,-3.3284308849768407,5.730868295409997,1.7890563487401057
16.67578125,2.7459111882546514,-0.1390229855670339,2.7142906864928555,1.4290126064106414
16.6796875,4.14999721843476,1.409985476244234,1.412236252395666,0.9985209068713983
16.68359375,3.6655279583324214,4.543204751289053,0.9734639049432796,2.592956162839633
16.6875,4.739146740019148,5.710277163687598,-1.7138145897571362,2.7086190831297245
16.69140625,4.343768645849872,6.4137225114841865,-0.8319618137745641,2.276415616259659
16.6953125,4.81230124713394,7.298491057941984,-4.065661464643107,1.864205968004956
16.69921875,4.898465658054594,8.505112678842124,-2.937482373179159,3.3171733030853017
16.703125,6.138950260977814,4.775735625174167,-4.683538140317328,2.716827481044092
16.70703125,6.7109256617782025,6.827200430012694,-5.767424001384881,2.283612866752202
16.7109375,6.501215811857253,6.008216217748416,-7.842601985623928,3.780945998319126
16.71484375,6.436304367473775,6.125909747490782,-7.77219010246832,4.598842441766909
16.71875,5.8722051677711145,4.80669973772357,-9.598862174277045,4.830700557396453
16.72265625,2.9027531011622605,4.566225449758791,-8.617133528495627,5.142605558470065
16.7265625,0.6576245507872365,5.207880656317474,-8.19338693904566,1.4991876704796938
16.73046875,-1.7534696202593647,4.664886138732555,-9.885370668824486,1.5582704387939617
16.734375,-5.454421311324557,4.23056092703772,-7.01911686645319,-0.8016310086971453
16.73828125,-5.1843530462289245,1.6876332177829885,-4.1714364494902405,-3.0752484867797034
16.7421875,-10.132261091421926,-2.4016447787577375,-0.8807948929483045,-3.970550857570092
16.74609375,-9.259456690230639,-2.338983146910256,-0.0831246104487744,-7.7142635044849035
16.75,-9.021057806163684,-4.83978374131614,1.3631018835767543,-9.454515981145212
16.75390625,-8.30783327063369,-5.619027599090417,4.659754738016818,-9.873046263207595
16.7578125,-6.820777631717671,-8.412452406299776,6.821925435185227,-7.18156380372848
16.76171875,-4.21358108430732,-6.6607405830300594,5.797826136307226,-10.022614275345427
16.765625,-4.042792453348333,-7.5715104984279264,4.328868520889669,-5.702672796303752
16.76953125,-3.4844993325256253,-5.119422913172925,6.589021955902718,-6.508741643046483
16.7734375,-2.595580716044225,-5.827280098761024,3.5605723392205677,-1.9169838965226176
16.77734375,-3.6139486061908137,-3.758150058012709,4.3775513429851705,-0.6229017223631594
16.78125,-1.2235320526417615,-0.8605580707616088,4.807697868449486,0.5270037272515689
16.78515625,-0.5344724270123886,-1.250178613455406,2.405290004868667,-0.15540065617903367
16.7890625,1.0431634880779144,-1.6266886424869895,3.8368276468150446,1.9443731603870815
16.79296875,3.30270126372276,0.08667787155681705,2.5740289347457685,1.6576970987536934
16.796875,4.70576011520325,3.0885525012640653,1.7970060804249675,2.6294616543574847
16.80078125,3.5708886122335137,0.9386766563149757,1.490431433633772,4.50792421644141
16.8046875,5.388710375903338,3.5449711848574017,0.7268723185187915,2.8832260694189955
16.80859375,6.357971887597625,-0.19049873989349075,2.2773770610688473,4.919704020043026
16.8125,8.111135905785455,-1.409038292449726,-0.7364051912450227,6.405572300585075
16.81640625,7.374678585355689,2.491924373795027,-3.001717334549602,5.308189439200989
16.8203125,3.8266977858208513,1.7095091668342135,-3.2152451614552655,7.723144821408891
16.82421875,4.00398010647805,0.23676642825746685,-2.39533605197769,7.808351821157326
16.828125,2.3392230552334268,0.7031274402813545,-4.62895507483103,6.952357695812284
16.83203125,1.770076041912288,2.3207439815467055,-3.393162772599165,6.144565215529688
16.8359375,-1.1058161959064239,0.8515774892013801,-2.449885378045593,3.1550922937024657
16.83984375,-1.905256674565019,0.9912257751893349,-1.559307369462697,1.4448522975474094
16.84375,-0.9609174982711832,-1.7419670827438907,0.934645380781071,0.5455763257038329
16.84765625,-4.739495392007559,-2.7886544134156623,3.3359526705276115,-2.5092383120269384
16.8515625,-2.0778730148267304,-3.1081417341301454,3.1050346155013506,-5.572343514938942
16.85546875,-2.0861496879667163,-2.7042849329378664,2.316960164653631,-3.9671337271885942
16.859375,0.8487337026359174,-4.625381194334533,4.620016485064821,-3.0449053905326178
16.86328125,0.11361706373144426,-3.843502079072649,3.4814756769836985,-3.39025352489409
16.8671875,0.9088675875823209,-2.405523195337827,2.707571159319333,-3.973430295291017
16.87109375,1.5335220979010291,-1.5461954782562617,1.4401106832436013,-2.812664858501435
16.875,1.4454929660848361,-0.11646261450641626,1.6075174041247058,-0.5836080111990462
16.87890625,1.6133919660518143,3.009899068788237,-0.2607964837443496,-0.4092644754886874
16.8828125,1.0150323932698324,3.370638424171845,-1.9976800930450271,-1.7693647361459806
16.88671875,2.372693434109887,5.069716455328613,-3.632833816090704,1.0855791391766658
16.890625,1.898875758224023,6.550844997811526,-2.6065036016776237,-0.17318573754313982
16.89453125,4.472751942935146,6.201493867771662,-3.4293262648813863,-1.3982175218181805
16.8984375,3.071183707250015,6.684809848253099,-3.8682645973346745,-0.5532504059755948
16.90234375,2.225098315598909,3.6372919171001143,-3.9867160993961397,-0.2976094768001
16.90625,3.755686007376174,3.3543601339110434,-5.311473350609983,-0.10846940417146816
16.91015625,3.9164780843165783,4.823944167836546,-5.960578197891731,2.190298839009428
16.9140625,2.9474303296741216,5.074902092928345,-4.089578807590682,2.053281373018096
16.91796875,2.524121813088123,0.9724438972611846,-6.6439861633699975,2.0330687166751704
16.921875,-1.084097603180463,2.2509192578958857,-4.854920302666068,4.370425443712716
16.92578125,-2.7844976771332735,1.758226496492477,-7.190893502417306,2.769579813580419
16.9296875,-5.144167496947982,0.2599584885384211,-5.4758114904073025,1.8072097778045884
16.93359375,-4.376015787880734,0.36520631636406226,-3.527868908371491,-0.1307930582704798
16.9375,-7.458469310479332,-0.33583521915660675,-2.703429826505636,-0.6108380533907349
16.94140625,-9.786454099306514,-4.032620779597219,0.23924735228812288,-3.5439241257109035
16.9453125,-9.23206317737922,-4.964524203366623,4.088761367057954,-6.249821661785666
16.94921875,-8.365030196240115,-8.588596030243272,4.836867230705431,-5.903361673478101
16.953125,-5.014311938295698,-8.44198245378653,4.645738076532021,-7.161777588713685
16.95703125,-5.061458324981639,-8.998794758499086,8.870739351668664,-6.175960414502468
16.9609375,-3.933487654962126,-9.75810799466383,9.39708503645901,-6.436844140950903
16.96484375,-3.851131134097166,-10.133634561070554,8.931226912584332,-1.8412353891031066
16.96875,0.7843733692629713,-7.931835117572263,8.666350776969134,-3.7425337633573497
16.97265625,1.9288961952231294,-5.652576301841344,7.947712305925678,-1.2178906138426235
16.9765625,-0.0769805333138176,-2.8163998927859177,5.078245991653407,1.9229307116716616
16.98046875,1.2510819892597205,0.5645896546220037,3.082831444793962,3.204297331640203
16.984375,4.065475177104761,-0.493225454714908,2.1677871720842523,3.229880155650448
16.98828125,3.2596381461694253,2.111595182080127,1.1513996861738467,3.355299273388799
16.9921875,4.3515713665481535,3.1139335773307697,1.0816181405776089,5.071628575460057
16.99609375,6.630634378772426,4.561383640882572,1.7738391799709041,3.0905003121913976
17.0,8.422649497204631,4.542126327527725,0.4967203810081246,5.174572667611672
17.00390625,8.862393553429722,4.353254266306254,-0.6001739710621701,5.674920529314536
17.0078125,7.291486568949541,5.853617129462325,-2.0970502881054847,5.387543898360688
17.01171875,10.298395911988528,5.430968644107044,-3.5023188283024984,8.223764189164548
17.015625,8.074946049968906,4.647568986940259,-4.511142537840264,7.772318061933092
17.01953125,7.146302019457614,5.103690494568591,-7.631384590792617,7.717246446673961
17.0234375,5.6419854328146,5.540223443279196,-7.293126534022483,8.054015517020893
17.02734375,1.7440334577754708,4.758955612645564,-6.660196985072024,4.953245487144434
17.03125,-0.45464303343580115,5.154697988409106,-4.966111945490965,5.164350524569063
17.03515625,-2.0573101307256803,4.331774510038809,-6.7091443481241875,2.477858583590723
17.0390625,-4.074534987445897,4.38114331511288,-2.5641748098713086,-1.0542882212293843
17.04296875,-6.219198741802049,0.42250801876452293,-2.2489776978380682,-2.260183095846033
17.046875,-6.0630009016426545,-1.0760262166449137,0.26669058732104256,-3.5733648719251483
17.05078125,-6.029060932720184,-2.5652075087276978,2.2021979020746727,-6.309520059371469
17.0546875,-5.23555033692514,-2.30482115828916,1.1223847531028082,-8.647458788945599
17.05859375,-3.4677159762494387,-5.22721970655287,3.4116565250407445,-7.060639774085011
17.0625,-2.4055776285631802,-4.6757177885571695,3.573681236783661,-6.459044864296857
17.06640625,-3.574720054814841,-4.449847745647601,3.0673394050478366,-7.220555519589769
17.0703125,-1.614265687818883,-2.3600193746606273,2.1053252664636726,-6.6569304558647975
17.07421875,-2.7035968311724963,-2.1337359224251697,2.635334499308498,-4.530509808617792
17.078125,-3.2046421371381957,-1.026892417497577,0.1268903349891426,-4.890772838184404
17.08203125,-1.3324274832326877,2.8356421762641904,0.05901754948944071,-3.586163456533933
17.0859375,-1.4430058315935352,2.374738490721444,-1.843726728574215,-1.830511697564952
17.08984375,-1.372184473327597,5.090010410964619,-1.7446130935272426,-1.7476167414708872
17.09375,-0.12817931126808363,5.308610853513838,-0.9851026110411298,-1.888657109604063
17.09765625,-0.6332171921949159,1.6368165644061397,0.04347815226483942,-0.6705534273068776
17.1015625,1.1908762280948402,2.3854197951183838,-0.8153339072399568,-1.142867252096906
17.10546875,1.699311941850437,-0.17954628731565436,-0.8183419359412254,-1.2704020191523977
17.109375,2.3761349275035393,0.9788376093967048,-2.148723093246552,3.5291060446298887
17.11328125,1.7192583094312746,-1.4592289123957844,-1.1661481320329767,2.333868926527825
17.1171875,2.954612590571381,0.12920040471326466,-1.446861845819455,4.5121894013093025
17.12109375,-0.1614508871562752,0.14192281349011585,-4.741414905377631,6.2687010816369355
17.125,-1.4213970602273656,1.823701009623853,-2.7423666113471015,4.662065701680826
17.12890625,-2.3513653844604443,-0.8631521662275221,-3.60739475671713,3.3982397070503003
17.1328125,-4.9383988397300165,-1.3828412106126238,-0.6885844323334334,3.82805784494178
17.13671875,-3.2533302730039537,-0.48691793428439123,0.8555820439494934,2.2590176116359717
17.140625,-4.748858161167926,-1.618299170825125,1.071814334508251,-1.4495954157970075
17.14453125,-5.659420338931577,-4.5661031335939795,4.9429696947713495,-2.02596381705761
17.1484375,-3.1347238951596808,-5.750679120630114,5.362210706895884,-2.415757786324642
17.15234375,-2.109165985731935,-7.8785678790663525,6.93549353865396,-3.9943679966797117
17.15625,-2.115703521615179,-9.299048216085675,5.7732047883565425,-3.335056169477292
17.16015625,0.6395061283662739,-6.994550949718403,8.018523706000927,-1.0414254143929789
17.1640625,-0.005809238361603075,-6.329132594504308,6.473126757928608,-2.0311913489381532
17.16796875,1.0935965661045715,-5.760414576268686,5.864097349344154,-1.3265466188869541
17.171875,1.1081622202112438,-3.0852712221737466,4.818280898616299,0.8754988231101695
17.17578125,1.357225664549031,-2.5872293268009585,3.708914270683663,3.333823722826728
17.1796875,2.850551186473315,3.7254734675335017,0.8071351088968993,0.6375289743619594
17.18359375,3.7415913615690943,4.094908528894931,-0.04987329484135855,3.0079505206917267
17.1875,4.368705959507666,3.5963452823285778,-0.8763382344429651,2.9424896376720957
17.19140625,5.816584938458252,6.395042905761791,-2.868023368143411,3.5141719543363705
17.1953125,5.940726941928411,7.560895606106609,-2.059861995559275,1.9834766386119673
17.19921875,6.828032399253683,7.7733857592401145,-3.092714284669977,3.5016439376017425
17.203125,7.163035716689377,4.7524853779274805,-3.236735887119225,1.8722847128947198
17.20703125,8.233952385553902,7.551130179764808,-4.188236883962256,3.689393581849308
17.2109375,6.356446822283234,4.503229018406714,-6.707521311634682,4.410975111640751
17.21484375,5.7371684109619645,6.0745451730265065,-6.398951945242872,4.497062832674333
17.21875,4.596355533429003,5.88314264172571,-9.280246109195911,5.68481716620809
17.22265625,2.5544078753846318,4.951154858322023,-8.468588461706702,3.378346186369732
17.2265625,-1.2150371668433149,4.257146865009962,-10.047407183315034,3.4588034966823837
17.23046875,-3.516995254756563,2.737529785136328,-9.053439331514067,0.8350429888580253
17.234375,-6.024681598000826,2.483266308694194,-6.9917493356863645,-0.14771061691232967
17.23828125,-7.146538526457191,2.0682495685853723,-6.735700397643692,-4.777884805800104
17.2421875,-8.233191632063736,-0.29021165814640754,-2.176499224683453,-5.9017566698364545
17.24609375,-8.986247478229235,-4.836200390648655,-1.8184461123902744,-8.617749977946168
17.25,-7.789869343015065,-5.767225034376029,3.4975134595305595,-10.11352966025958
17.25390625,-6.919698884510426,-7.406239142926931,3.9777921639317144,-8.855991038782632
17.2578125,-6.054725194861291,-6.169668681341951,5.213620962153539,-9.060823856480868
17.26171875,-6.119879443676553,-7.456707101957172,7.207056148309132,-7.095857841044975
17.265625,-3.5095573281469594,-5.385629301422419,6.269936323935088,-7.217759795667744
17.26953125,-3.2237453065094104,-6.37030134969671,5.469115871320804,-5.598131854874392
17.2734375,-2.971332210242635,-5.164726129771399,6.75583327206167,-4.669553764998019
17.27734375,-2.432319301302491,-1.9564991039380588,4.807507792812672,-0.8130747661913198
17.28125,0.0575965560990519,-0.7458902386012861,3.042067309921992,-0.03634298090791066
17.28515625,-0.26265763408773485,-0.010310620211220728,2.1692010052278774,0.7446331153623605
17.2890625,0.44659902917513217,1.0779054241000936,1.172608873497717,1.7814122382604731
17.29296875,0.14978074039483613,0.4766868443969199,2.5080881794455103,0.5269509824517851
17.296875,3.037417731157548,2.2874915562729425,3.3834943894199934,1.3034374274850022
17.30078125,4.22134039683968,0.5157448456267577,1.615166867053008,3.7808031062033094
17.3046875,6.007669260644449,0.3743762810338795,1.4301596653404667,4.363538623572794
17.30859375,7.925050945971796,0.4544932089997069,0.6387823174116205,5.832535458211832
17.3125,8.134119695213997,-1.7246017894769432,-0.9378875110396895,5.86403133114867
17.31640625,8.310065764461092,0.3082200363263805,-2.0380903797555896,8.048013941299965
17.3203125,7.538456373808447,2.568166921760689,-3.4521778586997556,8.541519869257499
17.32421875,4.741331789493774,2.6438961179320364,-4.2560950676232965,9.70191213537783
17.328125,3.151008194212908,0.5678080804775218,-4.479638808135997,7.7319589492229275
17.33203125,-2.9767221960530024,0.9039369549959129,-5.333090891995282,4.9862001101281095
17.3359375,-1.8758128757064023,1.7289149806125423,-2.623731126013427,4.77487006085329
17.33984375,-3.2283692700427338,0.7488998474305033,-0.14674355754298096,0.23086397882052356
17.34375,-0.9377544632106138,-0.7471756959752192,0.30359240314347313,-1.5002991949396671
17.34765625,-2.395469751033734,-4.4916138365553095,1.7415928645177183,-2.6579988423984733
17.3515625,-3.6097016058414724,-3.0505729591915594,2.4970998524209373,-1.5496337017660178
17.35546875,-2.968741924768139,-4.9690745608907045,5.484526328935595,-3.974772781957011
17.359375,1.1670460559603244,-4.063738274479782,3.235639819865119,-4.256459013340967
17.36328125,-0.8645094020866704,-4.1019826349623845,3.0579001844182114,-3.294345222592656
17.3671875,0.4956042096005957,-3.148280250322231,3.7710147942661303,-3.641107660406511
17.37109375,1.3693407893101648,-1.4459218081396263,2.103797933556548,-3.6369453458062933
17.375,0.41422797124631816,1.3692839133639958,0.20218848838610498,-2.4594920205877258
17.37890625,0.14625510512149242,2.5687761999248875,0.3232012823569699,0.1273634919381239
17.3828125,1.2379722250094238,3.1104364628284276,-1.2598220821624495,0.8285091089592027
17.38671875,2.8669066848029785,4.534887766391564,-1.92733893896767,-0.6114380295623557
17.390625,0.48714795213051254,5.11239268131834,-3.5028042878426677,-0.3242212005840671
17.39453125,1.5758355902151173,6.8983778741464885,-3.2123930804682357,0.7612109570699364
17.3984375,2.327001511393933,5.649276292259378,-1.4008219192840716,-0.5039110661150866
17.40234375,5.358108047179176,5.905127952024174,-4.443374477368991,-0.03235762982164209
17.40625,2.637970824396268,3.6459972567646357,-4.4171266473427,0.5808201382149841
17.41015625,3.149281314725603,4.786908821693254,-4.9510057354321795,0.8784937088977237
17.4140625,0.7952191702678548,2.235287075384114,-5.574986512220347,1.620502906014472
17.41796875,2.7091803484997876,1.417987786811883,-5.732771682963908,2.8793333699901877
17.421875,-1.9195279423671725,4.602411075207595,-5.326575177102046,1.2796835103017061
17.42578125,-1.4672042977296682,2.0068797818040376,-6.693888643834725,2.409892175781346
17.4296875,-4.1385873962927775,0.3038692095260507,-5.869335331902758,2.3364197643876063
17.43359375,-7.684328187641903,0.3722044037441793,-4.621971663300305,0.5088825347395891
17.4375,-6.88211520784231,-1.9129726194219305,-2.913306865022673,-1.1779448518080393
17.44140625,-8.697502992804145,-3.49187370738519,0.8174104813133897,-2.357190825691629
17.4453125,-9.425065261640045,-5.120984011543789,3.581871894858322,-4.365414310807914
17.44921875,-7.491817801390818,-6.937860359855348,5.024939808143937,-7.567246274223274
17.453125,-8.079330228985448,-8.627989373907752,9.778285060932667,-7.103167930138368
17.45703125,-5.427908789098035,-10.02455914035225,10.076021943771329,-7.086009505257366
17.4609375,-4.79173184198042,-10.131206548631772,8.314971778748918,-4.581700136019156
17.46484375,-2.3240344568297058,-9.334662197543166,9.436470288530284,-3.2716725212258524
17.46875,0.030231882014180755,-7.30913347924449,10.567045958360605,-2.49078255223612
17.47265625,-0.024610673044247355,-6.821061655023736,8.138386609519184,1.1274825564307296
17.4765625,1.8133510156257777,-2.7056877107202424,6.443726137917119,1.547252546494119
17.48046875,1.6921490038563598,-0.2687176678968586,7.710614839819014,2.2428670047575063
17.484375,1.9713917398465242,2.6722593782576087,2.6731669284104917,2.8656772751498822
17.48828125,2.2217374944235075,0.6143893799377285,1.217366774085917,5.240395528399299
17.4921875,4.516896066346559,3.4049792233469316,1.4708326984202231,4.000484304016297
17.49609375,6.547823002432816,2.9896995484326796,2.3115287342134936,5.964755164274378
17.5,6.289101810518947,1.6771212342632396,0.683439402377743,5.998809201940552
17.50390625,7.724289686581582,3.057905822116588,-1.0620191940626138,6.157223409555181
17.5078125,6.586152856325961,5.388850813236831,-0.8235685781222907,5.567410859498504
17.51171875,8.700138535311964,4.854627274704616,-3.5224182415620415,7.736747374794938
17.515625,7.89446263406543,6.645319140441886,-5.582333984297403,9.062852316239406
17.51953125,7.353058105930995,3.5195046939583476,-4.716529309863879,8.269848099377144
17.5234375,4.316118888554216,7.002329710933493,-8.193561393612722,5.195224653103326
17.52734375,1.4468578319408218,3.9588119825906043,-9.187299040985469,7.481281420535762
17.53125,0.29243402801210433,5.86215540262037,-6.960525692801844,3.668062322818576
17.53515625,-2.0162099506472573,5.572241339709915,-7.156412281302588,2.810539780021616
17.5390625,-5.26642113381684,3.1564579184408643,-4.656170318792842,0.3732270955557627
17.54296875,-6.438641717802817,2.26252504087778,-4.872168522932402,-1.7800615792251597
17.546875,-4.902869063129618,-0.45554119624746947,-2.1712367117444122,-6.723667343169117
17.55078125,-5.992538706420706,-1.6173937733302255,1.109023183499487,-6.982513737713075
17.5546875,-3.431942694616462,-3.2383211677541865,1.9537725367965793,-9.119278556366497
17.55859375,-4.302460108845114,-3.828838750526581,4.06232662617202,-9.233838940001588
17.5625,-4.536436834860316,-5.686837701436225,4.327566956563973,-8.697733044045336
17.56640625,-3.79676249097124,-3.5743230840546034,3.861869223217095,-5.706095001623795
17.5703125,-0.4812322915023992,-2.006267093044478,2.0580645559760216,-5.370771817593294
17.57421875,-1.386405404454465,-1.603391616892456,1.4874988263402187,-5.65149375292504
17.578125,-2.0422903594504094,1.8276310651363707,1.781369313217866,-4.045685584118141
17.58203125,-1.4745326977196325,1.4563722902821228,-1.3529654629404069,-1.600205447888019
17.5859375,-2.02440227755544,2.486845946058394,-0.02116412698328285,-3.1952865836717295
17.58984375,-1.8567699453509299,3.9708928904825562,1.0245544156522746,-2.549607225812923
17.59375,0.27045318556872455,2.9880998739931646,-0.6473747822550041,-3.09879738017324
17.59765625,0.577494643017489,2.080685197607017,1.5963040158698918,-0.907453873719594
17.6015625,3.1047394408574487,2.356975620232551,-0.8530438525732054,0.7429271742515514
17.60546875,2.11376911749859,2.5434949008014502,0.17798335031304602,1.8438407986612293
17.609375,4.874219936156614,-0.43622853857090804,0.1559787879639003,3.0933441908805217
17.61328125,3.1204620234069362,1.4288736376062592,0.7587872429031823,2.6433327371752147
17.6171875,1.9257263129623658,-1.225182242491296,-2.9671430504193013,4.2282702199376425
17.62109375,1.1314018662196905,1.8677816350014318,-2.8723383833036196,4.982354316687124
17.625,0.3023644479581136,-2.0276265207046715,-4.22741571117017,4.394841722806822
17.62890625,-1.1718670268175226,1.4031752389665755,-3.701768822355775,4.34994282430807
17.6328125,-1.3744870383315728,0.007788304908094124,-1.7561673828571402,3.442020560718886
17.63671875,-5.088192863957082,-0.6978396495360035,-0.14857488325022805,1.719615616331081
17.640625,-4.858599669560848,-4.30823428751556,2.263615532254726,-0.5694807824018493
17.64453125,-5.427863117872737,-4.29740776604454,4.119684268444864,-1.121880584677255
17.6484375,-4.298269550262756,-7.8736374031011,3.943125945132561,-1.9275015941400957
17.65234375,-4.040970453281308,-8.459341699654471,7.936778901869952,-3.180609800027849
17.65625,-1.0468182051595099,-8.793648572161601,6.794663480953919,-1.7915716418272307
17.66015625,-0.3724672092569157,-7.533766360271167,7.337882885832968,-3.8941448695139074
17.6640625,0.1592817967405462,-6.606403205654677,6.7309218918603815,-3.159726614374843
17.66796875,2.4535905341979594,-4.768523056825018,5.3815693345684394,-1.071747135912781
17.671875,4.954921333569847,-3.1771924478110845,5.763695269947836,0.13964495024836227
17.67578125,4.256039226217728,-0.39040302532786175,3.1954405439902884,1.2792870097380855
17.6796875,4.656660195066529,1.6692076153724915,2.380555914763547,3.8960119929470833
17.68359375,3.36312334878481,4.1521586692780525,-0.4310495362086587,4.488217924855646
17.6875,4.141775828896908,5.82380242162877,-1.227546640398805,2.4936213594006316
17.69140625,3.7364804143178416,5.8245380026185565,-2.606088482135152,2.550470227214095
17.6953125,4.972717657520055,6.038300853733477,-3.4457444242799107,3.627941825865724
17.69921875,6.487013715088453,7.282155451311075,-2.2110529693049505,1.4351197481293647
17.703125,5.120455557085845,5.578960172019162,-4.000653378251081,1.7652026893826467
17.70703125,6.675953139763953,5.445999247423606,-4.713161670745679,2.2820332132720376
17.7109375,6.237182491822037,4.140920806725998,-5.9605460423485095,4.449298038843177
17.71484375,5.654424273624497,3.934786868606267,-6.840749677258821,3.290445981358262
17.71875,4.511231526033882,6.224990305145063,-6.986131420655271,5.651990327656559
17.72265625,2.483330219723716,5.314045659318763,-9.299984738281786,4.442730527659475
17.7265625,-0.05327239896220026,3.668790129219711,-9.246129161750876,0.7196040103422439
17.73046875,-3.3639965728458225,4.892801700407383,-9.107714409742591,0.9117599721178027
17.734375,-4.364123844980562,4.888572393417053,-5.28476301020369,-0.15882394930257682
17.73828125,-5.4472754766661,2.5258230672357453,-4.716451364251206,-3.7127696215147568
17.7421875,-6.547895864931666,-1.2381749237799715,-2.121299947216012,-4.67554726848168
17.74609375,-9.168485686846717,-1.6556945519817343,0.017206857102854717,-7.166951680585473
17.75,-6.604173686778599,-5.5358609896857764,1.711372414399728,-8.797144042039927
17.75390625,-9.217681883742586,-8.317354797821089,4.264650520892108,-9.032955932023167
17.7578125,-7.007149984975794,-8.411749797924015,7.351113671696711,-8.63920300781568
17.76171875,-5.340216946952884,-8.34106313825189,4.965987105939394,-8.584448592892755
17.765625,-3.3738044576195674,-6.310712315239036,5.921954543100083,-6.072082043409618
17.76953125,-3.155161334425988,-5.9092752740331695,5.441352324679777,-5.58569179457649
17.7734375,-2.091017550143578,-5.253481090203346,6.384030484742786,-3.0783054832717913
17.77734375,-2.522833288330432,-3.4457429956877452,4.448726396330373,-1.8547647855203744
17.78125,-0.28504056898149166,-3.340531700898839,4.213187577802174,-0.5469637741474223
17.78515625,0.9321163554783254,-1.8378416598009102,3.2167361953127784,-0.21213915044526335
17.7890625,1.2426448673862103,2.5577660346290756,3.36220845948266,1.1551017819019558
17.79296875,1.4417361970348743,1.1727355208154884,3.225141606397152,1.9312272996182813
17.796875,2.4033788265764615,-0.4551844947864472,2.7162715594420757,1.443764747407377
17.80078125,5.554894534268528,0.6342722356176917,1.7974608939343488,3.3289374062879165
17.8046875,5.217949193929525,-1.2747677492080933,0.02521198287122295,5.667040910880555
17.80859375,6.647790957503105,1.799672032392111,1.0773114480596193,5.200224605893274
17.8125,7.349073224629578,2.04200122768762,-1.6113051680297852,7.396042941492738
17.81640625,5.437694623739201,2.8810914337065823,-0.025832614337965687,7.447386291532654
17.8203125,3.6508348245228173,2.5432535981868565,-2.2288935090219644,7.317078661435651
17.82421875,4.427946949658819,2.855599139730473,-3.218667705294825,7.992600158052434
17.828125,1.9610185820661332,1.9613610087839561,-5.190974976090232,6.840099840836595
17.83203125,-1.9015089671074203,0.5047890331184672,-2.4800917966541247,3.010187280984045
17.8359375,-0.475933193598421,2.503806051375089,-3.3788857290830623,3.9102800889034617
17.83984375,-3.1581028976907524,-0.9607738262505559,0.1296057316581487,0.4314194813478116
17.84375,-2.3310268710197124,0.4423568470481789,-1.1771979188360047,-1.2978571776938
17.84765625,-3.1646687639099462,-2.032261104097792,1.4081855768358849,-2.610675840135777
17.8515625,-2.8275321836143172,-3.109057808699157,1.7958628328919275,-3.307513615386158
17.85546875,-1.4389235056677325,-3.68630009434359,2.87712645527824,-3.7013836268611255
17.859375,-2.04091547513919,-4.82090029190017,4.119897308830656,-3.52171263479117
17.86328125,1.9389222689133725,-2.3160793635335915,4.418284402910039,-2.425706614647179
17.8671875,1.4333497916184939,-2.1893341621726403,0.3477827675964851,-3.5130260975212773
17.87109375,2.5263976006973348,-2.7340644699647916,3.886007399098447,-2.1956533662515496
17.875,3.5266623535506594,0.519158183963211,-0.5904710667923703,-1.4493345279455332
17.87890625,0.8062381151920068,3.2808150262159312,-1.288221983690278,-2.098973011092597
17.8828125,0.42411038798377354,4.854826397339073,-3.488538601710815,-1.144732464443688
17.88671875,1.8188290742130617,3.7801888972400737,-2.7810355359913395,-1.3656402531510328
17.890625,1.5634120958015643,7.866991545831045,-2.819076408346155,-1.8709755264689767
17.89453125,2.9040586114056346,6.608157409598408,-4.562170604971839,-2.2624065618903266
17.8984375,4.67921930273932,5.692307133570127,-3.3171235652258146,-2.0045666797028696
17.90234375,2.0788610570627126,5.088536753567267,-3.7317248602919513,-1.0503591826081347
17.90625,3.0732412244436698,4.690323620711346,-1.6226952486380744,0.5986336686355616
17.91015625,2.215219258113638,2.552170801920261,-3.824289854347736,-0.19236534833740837
17.9140625,1.6426525986943523,3.8884150684733925,-5.065206404617616,1.078983940049496
17.91796875,1.277542927848541,3.919087015392146,-6.764821678692943,2.5289851926261058
17.921875,0.22439811626770068,2.926453985134029,-4.911061104409347,4.326715631391494
17.92578125,-1.3748658579291835,2.0582002949490197,-6.2837430559249,2.4473843569400326
17.9296875,-2.7419053054999614,1.7274605241999321,-4.697228228248654,0.21942710552697453
17.93359375,-6.4774878205925415,0.8415997206345737,-4.0773419353250135,-0.35825788238499373
17.9375,-6.870486398695619,-3.8852905620892493,-0.671997506383256,-3.1742427288096353
17.94140625,-7.142485277029773,-3.901485256090914,-0.3007463416414595,-2.5954232605951844
17.9453125,-8.74608797471749,-4.942137605764019,1.6675073615767921,-6.6543546202648765
17.94921875,-7.898246465562803,-6.118943657906127,4.8230592962001735,-5.431289042980247
17.953125,-6.83638338263258,-8.339864054208135,6.680012611746656,-5.9252989717707125
17.95703125,-4.899152246409469,-10.384339391357226,9.106679675836778,-6.9049288264509885
17.9609375,-1.4130622880438408,-10.094719826874229,9.037670367064216,-4.38203668529944
17.96484375,-2.459307919629587,-8.666564635055256,8.04996421691977,-4.391040667980744
17.96875,1.8294759214801393,-8.950941842787955,8.809370430398314,-0.8326693088391484
17.97265625,2.144941521966939,-4.6424873960162305,5.859953531407788,-0.7485228923844349
17.9765625,1.3012364989245604,-2.8668837457577974,6.568886656346162,0.3572872343300958
17.98046875,2.8025262634078794,-0.534471659032235,4.657419049882202,3.0005718808682387
17.984375,3.213512457804597,0.20929048906060876,3.5470336053127802,3.1824563661944207
17.98828125,5.397959003781564,2.137977069176361,1.650372120415674,2.023549691102157
17.9921875,5.153674454105512,2.9535671644506873,2.7041952572427728,3.2277365850010367
17.99609375,6.7564593629501095,3.1517258305217677,0.5231722153444383,5.997121004939048
18.0,6.309640560037711,3.634891558030296,-0.4209851873354906,4.705019406277012
18.00390625,7.793547238280813,3.474074010889737,-0.9463891464420944,4.75048497609993
18.0078125,9.69193160034027,3.888147815704068,-2.7065898935950177,5.813345915605244
18.01171875,9.350794947099935,3.807261105356418,-2.501312261603526,6.968563262508141
18.015625,6.863491321176086,4.830174388991703,-5.279575459473929,6.983630038361832
18.01953125,7.548237422727514,5.102857414030003,-6.033330058838227,6.059527016737164
18.0234375,5.444530901636997,5.382259318965517,-8.616627303338074,7.4548163290964125
18.02734375,0.6924368656683064,4.5835372861786485,-8.651976864155056,5.34704650380734
18.03125,-1.5383944815539172,4.814474582380025,-7.974068246304521,2.982506364180234
18.03515625,-2.6564212230152746,1.8942762997591824,-7.154044486649147,1.7121994800468967
18.0390625,-4.224591839957839,2.221486724680652,-3.5933183078712245,-2.9644958873638823
18.04296875,-6.241833735775588,1.305598661646116,-2.958769301537804,-3.2904219000909785
18.046875,-4.471043335659527,-0.853005112916216,-1.1422718070233409,-5.4015324386977035
18.05078125,-4.131808713393104,-0.7272938592646203,2.439755707117148,-5.367491868783924
18.0546875,-6.36256637450281,-3.781575716582617,2.9685696736803084,-6.4156023930113735
18.05859375,-5.110011400842601,-3.4881670172766883,2.623859849693806,-7.122396114566216
18.0625,-3.2851609035392046,-4.9637853511666865,1.5676549746494963,-8.482325704153874
18.06640625,-3.393554919777722,-3.7403943802782296,4.625701347858208,-4.396894910637926
18.0703125,-1.687735709672954,-1.4901291876781564,3.720093856516997,-6.602866204561586
18.07421875,-3.147490636157242,-2.5771191494817502,0.5085701109179782,-4.312194516004931
18.078125,-2.1158485825212106,0.4339416241525127,0.37219458948772555,-4.07550480269665
18.08203125,-2.7506145657056873,0.7085913359729774,0.3323729133289216,-2.578219115788716
18.0859375,-0.1545646734234749,2.882185094767198,0.6756812585798739,-2.531316870247339
18.08984375,-2.146692194448528,4.781567135695159,-0.7316815990608004,-3.319015948627621
18.09375,-1.8537345067604811,2.1460939718636025,-0.38430818807670963,-2.2453624810213015
18.09765625,0.38601758894869376,0.3847873594862823,-0.7581829315953609,-1.9774851327854026
18.1015625,1.6300078109778795,0.9264440453371324,-0.011508876869533557,-1.1730382422903796
18.10546875,2.086452334319885,0.3226888347976644,-0.6563901110954979,0.20625028677981017
18.109375,3.324600595795164,1.2646159960631655,-0.9077947992915222,3.499475580981026
18.11328125,5.306573892457399,-1.242527703138441,-2.5943677164721546,1.0432667418163648
18.1171875,4.628596827259386,-0.08047662339743726,-2.3223324170417032,5.959087862542697
18.12109375,0.828934560260006,-0.9137350972989128,-2.0186851138245294,3.0104367930386373
18.125,0.6845568711789584,1.6942135250970778,-2.561670518514972,5.039922608747563
18.12890625,-1.270263289662847,-1.623001967921295,-0.8049867929569796,4.669586442933075
18.1328125,-2.7175346519476298,-1.7447828922805158,-0.4351633655996774,3.879171452610844
18.13671875,-4.480342416162249,-0.7005832622223145,-1.5852746324550775,0.7669317450793522
18.140625,-4.536350099346934,-1.8962336526057422,1.3913561546680995,1.468159117505203
18.14453125,-7.356583601030951,-5.911263930751104,3.242272353359031,-0.24388121272508978
18.1484375,-3.836557865549815,-5.511600626115631,5.531051376313166,-1.9772425531993236
18.15234375,-1.6264332072340435,-6.575266352188184,6.210991735260742,-2.897150226162131
18.15625,-1.412002337143965,-6.730401610977884,7.906801625402921,-3.9760864703129797
18.16015625,-1.230420981693685,-7.309313248106513,6.976467610952877,-2.830638471689736
18.1640625,1.0889261812345772,-7.089784385606574,7.550218361257423,-2.91563313800557
18.16796875,3.744469708243863,-4.674173201332144,7.375976606893275,-0.025609368946012512
18.171875,3.42612393910157,-5.393568286335807,5.116037155662466,-0.7452008482087731
18.17578125,2.766390271753752,-1.8082976107819122,4.237671151966558,0.2943168879788216
18.1796875,3.293877285746086,-0.173199094085434,2.460551022825747,2.5471568165007756
18.18359375,4.326143470478719,2.835038709668795,0.2192319018818385,3.9357203838481025
18.1875,1.8158333378176232,5.4485446279868786,-0.9481449244897516,3.556209576419834
18.19140625,5.708559422572458,6.160924144953904,-2.6191510884520164,1.2928573420525387
18.1953125,4.895069926780438,6.338241999258766,-0.7545975897679527,0.45141651902825064
18.19921875,7.155288905426034,5.92770225738812,-2.620445009943446,1.7465203635868156
18.203125,8.344351181194252,7.686838356122408,-3.301532006982796,2.3073861186784352
18.20703125,6.905556166061383,5.724967536841365,-5.365913170083134,2.647592982130801
18.2109375,5.66228040552546,6.981225162428216,-7.1375354453522295,4.647000417514986
18.21484375,5.002237937926435,7.056983656523939,-7.610839346666316,4.421847110879584
18.21875,3.6205600583070185,4.056264832249751,-7.4196747859804235,3.832741587608478
18.22265625,2.6175194213884403,6.313786518358809,-10.494780399017863,4.3800238694997
18.2265625,-2.2554811507405503,4.761522663762741,-8.84909835297227,4.144256190589653
18.23046875,-2.5957438241681254,4.064022735544145,-8.903787777832477,-0.4941443365913143
18.234375,-5.130768572336975,3.1346746892744344,-5.946968329164892,-0.2639704655998588
18.23828125,-5.212625257648373,1.4830009784446145,-4.934709112280047,-3.835645423979635
18.2421875,-9.286032462113226,-1.3152863675896862,-3.2967630398462577,-5.716936501348385
18.24609375,-8.512156924306453,-1.7205915570824986,0.9228801371529394,-4.458385308552782
18.25,-7.73704833371911,-4.016189861050752,4.7746324023581295,-8.035614108420571
18.25390625,-7.72082543817035,-6.498936884877483,4.155738010830478,-8.302659190825207
18.2578125,-8.228636672073112,-7.147039016084791,5.101972451707255,-7.794005287773965
18.26171875,-6.3081322572455605,-6.855796069883746,5.39623269757212,-7.622863431270064
18.265625,-3.7563727311109893,-8.98050154069405,4.810478665061188,-6.951138534803887
18.26953125,-2.028345605495377,-6.399342455025198,6.123291264178729,-3.0367493521882083
18.2734375,-2.7134423648684862,-6.637991813812382,5.13946804344739,-2.5121645536874366
18.27734375,-3.094397814399615,-4.696081881132662,2.9780780569827234,-1.6138549582379094
18.28125,-1.4778317236295433,-2.9933976143722907,3.8983748252805404,0.07772920908385739
18.28515625,-0.33592535309693156,-1.3550229859058895,2.2668565069361257,-1.4171055612899235
18.2890625,-0.625169155327821,0.17495833653952497,3.235509982753837,-0.022021082911946266
18.29296875,2.3517309755605162,1.3588983428716406,2.3890354686010937,1.5420001668047811
18.296875,3.468771649425969,3.8499796027783133,1.7663237733090007,0.8745321330357616
18.30078125,1.3420794911373255,-0.6056152667885613,2.0522003386782712,3.6721399381233164
18.3046875,6.73720815998887,-0.3016225025104169,-0.2312732471155221,3.6915303329547253
18.30859375,6.634581127498026,-0.3528491541671873,-0.33914747577932314,5.286754382019315
18.3125,7.290314204788341,-1.6162855469498725,-1.185081161454396,6.841441685573596
18.31640625,7.715374616123258,1.474765054851662,-0.01691750294821337,7.5797151667385565
18.3203125,5.574814002982671,2.1535669928322867,-2.871352758709284,8.964312989327333
18.32421875,3.6852745108603924,1.6852057199333454,-4.568623737873562,7.4583351524069945
18.328125,2.3777260537537623,3.6453023073159523,-3.999299480081361,9.385658918878887
18.33203125,-1.0050105758631458,3.4894810788333617,-3.548096471407615,5.589837413590022
18.3359375,0.5669279179157902,0.8108019707476477,-2.4317423133584626,4.1002948896534255
18.33984375,-2.8416430173801768,1.6260249072957444,-1.0378182522888124,2.4165596827647544
18.34375,-2.9496080735196646,-0.9955212398720497,-0.7368307849069299,-1.5705539200094656
18.34765625,-3.7736638430531495,-2.881843374938051,0.9798110396236158,-3.164112661226001
18.3515625,-4.791757868116264,-1.9351861480651582,3.582323306759383,-4.7165117115107265
18.35546875,-3.2095407887834027,-5.476885008748401,4.265570805753427,-5.510293233674383
18.359375,-0.9018551247618176,-4.2503583780529794,6.301281045537546,-5.898755351085758
18.36328125,1.7506921516376217,-2.668346005719447,5.0564663455074506,-4.426911409408753
18.3671875,2.9997026569106198,-3.219245511130479,4.294560899714315,-4.6389340716302225
18.37109375,0.25040749007513385,-0.5886399389879675,3.9517677140558547,-3.3863706761154
18.375,0.8214431810753026,1.0442009524239781,0.39613617586462463,-1.5969883755879941
18.37890625,1.9213260170592341,4.846853570014844,-1.0245503459309209,0.41706705908735975
18.3828125,1.229975182934003,5.397440860245121,-2.009215251911702,2.1763529053504955
18.38671875,2.61968592199754,4.4354088887180705,-2.8809630510113657,-0.019612402498400905
18.390625,1.7943216475166717,6.468109965707619,-4.974507761531372,-1.2611061201579197
18.39453125,1.6638412327406837,5.721766554911012,-2.985609043503023,-0.6248663018330545
18.3984375,4.192909229252173,6.766655454394784,-2.8500907272936677,0.04128507810093396
18.40234375,3.10196340899967,4.82065486066667,-3.5246855186645547,1.4234082170074325
18.40625,1.9835207642009671,4.692344972229719,-3.947288509053695,0.02719750451411629
18.41015625,4.079427626816196,2.546941814155222,-3.838887516962379,2.161025842483448
18.4140625,3.944885762901349,2.4907903340269173,-6.394776009034116,1.4106844019470766
18.41796875,0.5601868411206559,3.2707633388558235,-6.173969446037938,1.0657863488131212
18.421875,0.3455539664595545,2.737295359513108,-7.277618312970893,3.0707699322814133
18.42578125,-1.6076079085287103,3.334364865247224,-6.075925976825313,1.3699116041194803
18.4296875,-1.7366918645457101,1.9292199843367834,-6.357923119348739,0.6061690372616156
18.43359375,-8.161608043540808,0.05388994156030641,-3.0367990895656964,0.29748186177150426
18.4375,-7.268245270278889,-0.9459975977429499,-3.0136885483811806,-2.369575214113848
18.44140625,-6.9505909706362115,-2.758535543677421,-0.5739101494168327,-1.7686906367346722
18.4453125,-8.658666923621801,-4.305319661352556,1.1690122164665957,-3.1246060670103244
18.44921875,-6.558092588740898,-7.4335409353238875,6.280584674432326,-4.568860036201984
18.453125,-4.831006301342112,-9.603534079844296,7.972886763494931,-8.202974149000035
18.45703125,-4.037273216430786,-10.86281287958126,7.520649905473826,-4.545785855522809
18.4609375,-2.513225673947649,-10.3453420773384,10.300415577306659,-5.625977755000932
18.46484375,-1.5890169381298034,-9.118769446547113,9.21699559416389,-4.612228553112086
18.46875,-1.2781473093404405,-7.706007843711143,8.085549722101788,-0.2401443711628355
18.47265625,-0.596503330054882,-6.773593783306327,6.4902991321291275,-1.1852525166695023
18.4765625,2.367836813207063,-3.200236078124609,5.546554156925175,0.621592886348032
18.48046875,0.5577931386014876,-1.2887230371027685,4.794618375255387,2.391020582713348
18.484375,1.8432849003566598,0.447949368820352,2.054432020952082,4.568983267629285
18.48828125,1.7716592279926537,1.39361855709477,3.121082187632526,4.156826986775128
18.4921875,2.7630921994653024,2.2951465474191672,0.19008534866410987,3.496910440426214
18.49609375,5.077823495540597,3.9329784888177524,-0.6513759700003905,3.669323486604184
18.5,8.954186975162324,4.366420949861346,1.128350201324705,5.650787987628605
18.50390625,8.039570823397643,2.7410696106151913,-0.4075704397619466,5.555912233362447
18.5078125,6.849747134115383,6.0615706248659045,-2.1348717154561516,4.761414974350844
18.51171875,9.178506718157978,4.400217224980874,-3.414852513183046,8.470403298427037
18.515625,8.471702467627741,3.5203658536961884,-3.3517935017476024,8.668106179692524
18.51953125,5.957888683649893,5.331641161105454,-6.736107890531004,7.090193499712051
18.5234375,4.322143548060011,6.32645932415596,-4.127241657134213,7.872849498228945
18.52734375,2.721848355763492,4.945182462094499,-8.96566012557161,6.188269075138745
18.53125,-0.41230339286682127,4.870624416797235,-9.08132006818629,5.047821832502495
18.53515625,-2.8021036306526548,5.504345677490623,-6.067665997896344,3.6094569832511354
18.5390625,-4.41978752705077,3.8902940866581392,-5.118623258169006,1.654846346573364
18.54296875,-4.61761591967179,-0.2917541271162516,-3.4009671775310806,-2.6162283499802723
18.546875,-5.766737105038718,-1.9880471520189984,-0.7375891807765673,-5.579692775217105
18.55078125,-6.946447463307079,-0.6242716907382466,-0.5058752228464676,-8.162368278498423
18.5546875,-5.164470097838529,-4.99728707343705,2.476412488326316,-7.997570196897993
18.55859375,-4.742196421549387,-3.8533554638527736,4.070514882239396,-8.378160095204606
18.5625,-3.7093988552030326,-4.8864140868509285,2.740701267770904,-5.624183903629772
18.56640625,-1.8579446232555903,-3.573347669632903,1.0680950786938679,-8.167025747074835
18.5703125,-0.9166325065401337,-2.7088213843593967,3.3429129181867765,-6.482662948567869
18.57421875,-3.9065054279952127,-1.0558988616496676,2.661374046838225,-5.07995463882642
18.578125,-1.613953933775196,-1.5490003248373463,2.0829027405813054,-2.277203729072652
18.58203125,-1.203910235629398,3.0760604206558426,0.6462468695668087,-4.183571553003391
18.5859375,-0.9726899182688851,3.1652282326505325,-0.5193185284124601,-2.3758751706456955
18.58984375,-1.1835919908284738,2.76128871026969,-0.4020439415168753,-1.422378498262675
18.59375,-1.4699441600767884,1.7929240909458173,-0.7111621721853132,0.5893429756592077
18.59765625,0.9774749823609756,3.4737314508018993,0.1269443124966747,-0.12488209792398042
18.6015625,2.537802355156208,2.7295408289687937,0.0659770135840857,-0.08148141443049237
18.60546875,3.2546419573088667,0.4320163574206801,-2.3229557081815377,0.4556908102083568
18.609375,0.539503912867672,0.5272419675628459,-0.5844671518491226,2.452660424102471
18.61328125,3.374498225881578,-0.8574930252309136,-1.5084028795343627,3.7367989382748728
18.6171875,1.8629774079066017,-0.07042638689196096,-4.006395879658202,7.025971249461472
18.62109375,0.7847282192068098,-0.4486196688414628,-2.825268890590608,6.091268102171668
18.625,-1.1500011171212305,-1.7659023909247245,-2.4938993355185586,4.391190774345654
18.62890625,0.08471481327130514,-0.22142884115580802,-2.9040874136908568,3.7975450599059606
18.6328125,-3.4778117364638,-0.6771446003100525,-2.2291837105140804,4.574960959177366
18.63671875,-5.2112677783566355,-2.4034747439170197,-0.6553003714419904,2.8484887032152884
18.640625,-5.174779876881274,-2.681903533270523,1.2376441330251435,1.556774708196895
18.64453125,-4.600890703652722,-5.580429558986878,3.577970867859927,-3.61844920176667
18.6484375,-4.479252373974726,-6.006287725273319,4.798608298828372,-1.900018662541027
18.65234375,-3.8126147664750287,-7.262392456868253,5.180397202302386,-3.0968600816227028
18.65625,-1.6275796988096605,-7.735623315486373,9.935083340607278,-3.7545338760061133
18.66015625,0.11014913079175453,-7.276509637062614,7.193100041983795,-5.116889684063195
18.6640625,1.7928694091606334,-5.001508067731788,6.964543391614768,-1.2112616496968558
18.66796875,0.9004131320381863,-3.4630818576639597,6.53173306328667,0.7400956674179631
18.671875,1.4793759898115815,-2.6031144235694037,4.303683229456386,1.171642889372595
18.67578125,3.2644807948931223,-0.3632606693337158,3.0346947837076264,0.7047934066200594
18.6796875,3.7173074651960487,2.0026083001843924,1.5914738579495766,1.5468343088668677
18.68359375,3.731813502923301,4.292064461739284,-0.10301835287353345,3.0537992319560283
18.6875,4.042255328770665,5.4098888890169015,-3.403191759318409,1.2019336297157575
18.69140625,5.170345199597692,5.608874502398861,-2.455956621817706,1.5060374318460557
18.6953125,6.270703144722116,6.574124237384603,-3.166289555957189,3.4299293417676537
18.69921875,5.7526681912528685,7.390655917210404,-2.3723275009007927,2.4615511378542694
18.703125,6.979618956320947,5.126981650101818,-4.010443612688914,3.8178846381085454
18.70703125,6.9408851460104515,7.109635700305235,-4.53503790620347,1.6298852484781978
18.7109375,4.903566905194082,5.414103629066121,-5.441513227795308,2.6046568349017063
18.71484375,5.4763682671089065,4.8351267904539466,-9.37852463994931,4.8159423139936095
18.71875,1.7479454107382826,6.404478148369876,-8.986654495821707,5.372555924481508
18.72265625,0.2377394281238192,6.53802268626509,-8.153752902898782,2.1555642746747012
18.7265625,-2.66373656360595,5.064035774435574,-7.857725097006367,1.4600937372766025
18.73046875,-4.566085654674565,3.2201638701902944,-8.822014078180135,2.041986295312676
18.734375,-6.16219104232801,2.7323944751030496,-5.982138665966613,0.24619227407655786
18.73828125,-7.375385175628115,1.9417810851641082,-3.8367896886714616,-2.8530813928004863
18.7421875,-8.663675521146413,-0.9575209308773301,-3.302642968028864,-6.140112976496621
18.74609375,-9.983958532620397,-1.0584300733358245,-1.136441419426162,-7.58964577710197
18.75,-9.01293161012086,-3.1740495403447295,2.665464914449334,-8.782616771420084
18.75390625,-9.172243297255317,-5.404634897319356,3.9350550390389625,-8.76310784965906
18.7578125,-4.724083541443514,-7.67087981130485,7.137202553227557,-7.377862698953006
18.76171875,-6.221400667535866,-7.9107855201753345,8.39613861751574,-7.692673684400388
18.765625,-2.7851747603111194,-7.7690371399267235,6.42402965702782,-5.093131519393047
18.76953125,-2.475309158146014,-7.405143799258605,7.191984249856733,-6.301493532308527
18.7734375,-3.9900293369252773,-3.5704900403487843,5.268997620638936,-1.955144791372635
18.77734375,-1.8586745364888608,-4.141310773210902,5.221501233610954,-2.0582648036409807
18.78125,0.19417999609250192,-1.9838631174344197,4.37219152083836,-0.7511871749686184
18.78515625,1.2530496322079976,0.31945283365396726,1.8352887504680262,-0.45996899203748964
18.7890625,0.08152483730006285,0.9727175521731058,2.7513301474945875,0.5171900443019237
18.79296875,1.9169071777010456,1.4634905835270078,1.925788756508517,0.959660424856067
18.796875,2.5234872394855596,0.5259383891038839,2.614268173284505,1.8926361450228728
18.80078125,3.8832051888929615,0.9977031686036641,3.1905598619940587,1.7949314682232562
18.8046875,3.455021940788681,2.794177161368085,0.6759844932836699,4.612991315193
18.80859375,6.421572715961537,-0.2585160142364554,-0.21133237023778884,5.638122312373718
18.8125,5.5262304035764735,0.41627202638850674,-0.15908073202356302,7.059010744255968
18.81640625,4.952865943216138,-0.6900995927548736,-1.8446587068492517,8.178136642099359
18.8203125,4.470684246552646,2.4585630980826365,-2.319014203403107,9.23163218455029
18.82421875,3.0363406091615257,1.4196240011712526,-4.5558515607599634,7.424862601132648
18.828125,4.927810672643018,2.339814428250828,-2.309182110247853,8.060386408484552
18.83203125,0.08937133227025526,3.796004233035409,-4.369255533466627,5.457593715525101
18.8359375,-2.9396148614529123,1.0276160117788873,-2.9958161039441706,4.474397811823609
18.83984375,-2.5781928578213953,-0.8987842230476109,-1.5897422427229748,1.4390096072016072
18.84375,-4.40951371320529,-1.9739116280345375,-1.60987215126062,-0.3132383602562414
18.84765625,-3.463307834600261,-2.715999133854332,2.2503682238127025,-2.7400621794851143
18.8515625,-2.631475199560121,-5.303698055282947,3.210543614922671,-4.301665959241587
18.85546875,-2.011424140720202,-4.5301717208766386,4.788588494559437,-5.563623332481976
18.859375,-1.3633838787939405,-4.946267279406016,6.2755016781704,-2.6624548096036227
18.86328125,1.088321711546182,-3.149973612499431,4.190882425146252,-2.87409185202956
18.8671875,-0.5868137564587155,-2.093244498574383,5.015448117107452,-1.6981082126194929
18.87109375,1.5464606618192218,-0.49999233590742975,1.512566170107351,-2.0375510666155416
18.875,1.8558287984703716,-0.5244262609726074,0.020912233655650203,-2.60751695507056
18.87890625,1.96482684357996,2.141790541446706,0.5229063435235932,0.09049232168763477
18.8828125,1.5072060272697227,2.440172522634266,-1.7576423402664763,0.9481562877237031
18.88671875,-0.27118414694450865,6.442083597448139,-2.5806973244757256,-1.578577939464107
18.890625,1.0629495951618533,4.352654442801157,-1.802330116292573,-1.600165229325393
18.89453125,1.4280416709791584,6.101331981223036,-4.336401290700686,-0.5007353023840143
18.8984375,1.247459214621659,5.037632181072891,-5.064572454507337,0.35436412694576425
18.90234375,1.4504500144694012,4.69067356886889,-3.113501043961651,-0.44850672614820525
18.90625,4.696853662078278,5.463778029806928,-5.1601955208422545,0.1559445464138383
18.91015625,2.8006273321258166,3.6468594248148367,-4.9714348636689865,1.212036078350209
18.9140625,2.180512312255113,3.3567419481796383,-3.6247177075760932,3.4222492191782194
18.91796875,2.1314446637662874,3.7661879482437093,-5.79901952519312,1.7008294585635158
18.921875,-0.0022181123585347795,2.9576197497536683,-5.64013925289046,1.525949895448842
18.92578125,-1.8123829976540704,3.6220341636302518,-4.751639681561457,3.1698634389679667
18.9296875,-3.4383251604702543,3.033119430157675,-5.332108433349316,1.3896040457387189
18.93359375,-7.204905668236487,-1.0447275683189978,-3.1316218231018813,0.8144874074358974
18.9375,-8.820492243892945,-2.3918972518067436,-3.9857304095597477,-1.1829780820089815
18.94140625,-7.973758360564631,-2.100801599872554,0.283093398754066,-3.0863371185092583
18.9453125,-7.998431756681416,-5.223803048841683,4.439751378739121,-4.964637337056804
18.94921875,-6.920356384590433,-7.442595582254808,4.485231671434703,-4.851951793585818
18.953125,-6.508355153989332,-9.71512190841169,8.645816892146506,-6.490169967351037
18.95703125,-7.587792211581819,-8.865725466801017,9.262141687892065,-6.2603254902587135
18.9609375,-3.4959013206218423,-10.921015392676097,9.284913138494947,-5.953442002573163
18.96484375,-2.2762266205182478,-9.131616581660449,9.633330963698068,-3.5824914237931296
18.96875,-1.664767436448129,-8.04447270136119,9.468787183026059,-1.9698704390643877
18.97265625,1.077828940727788,-4.949195615022571,6.879108430565571,0.37345137347655677
18.9765625,1.339609027392875,-4.146315111688761,5.289815005143736,0.5662229956515376
18.98046875,1.785622764323299,-2.0800504532083224,4.456490140875225,3.495951482682035
18.984375,2.8370654317051303,0.4590257379182415,1.6654994220895347,2.6079764704140245
18.98828125,4.430713703639536,1.6422519183987387,2.2490015629534876,2.0519455452096222
18.9921875,3.802936931440126,2.8316459493977812,-0.07362066953444568,3.043766897234543
18.99609375,7.419285809267772,4.205101070955353,0.47710098656971256,4.0739251589652445
19.0,7.169987686695489,4.264188577327086,0.7598558062286906,5.010413501329882
19.00390625,7.746012563782307,3.7317320059624715,0.24166546419114165,5.5940733200502875
19.0078125,6.630109749018535,4.878064246827208,-0.32136158332513665,5.107807956290458
19.01171875,10.950513086590764,5.368252136612135,-3.826526775441821,6.134792350324533
19.015625,8.066389025077918,5.204592856621928,-5.715367503308112,9.138520126226938
19.01953125,6.402215489920827,3.116265549088151,-5.911699283116166,8.456283566457758
19.0234375,4.120603883969908,5.095509076601474,-7.5596510151526495,6.402799153415385
19.02734375,1.1964680083112702,5.221581107762039,-8.644035783853097,5.441406119056086
19.03125,0.8748914119625675,5.73098279189047,-7.581483516157024,4.634978376237884
19.03515625,-3.4083916381939736,2.1476863775220636,-5.804191641327913,1.3316550902005704
19.0390625,-4.868312013241425,4.17886612848193,-4.335774305006662,1.0784744336984358
19.04296875,-3.9185251428384076,1.135160310249411,-2.73284565537797,-3.2509968518057266
19.046875,-5.395828288642208,-0.6330206234930027,-0.8066763127307814,-3.9021021995144416
19.05078125,-5.003936210305142,-4.848739989468482,0.809551347637921,-6.140657315825525
19.0546875,-5.393647322824498,-3.0595306124784085,1.7360130978712527,-7.769012906946525
19.05859375,-2.454244070415311,-5.852264025722383,2.911989979250167,-9.14081142393457
19.0625,-2.504415710945689,-4.875227597622601,3.5659073523091496,-6.674766307643081
19.06640625,-2.7973069179534753,-3.5012478510641203,4.8878982064097025,-7.1137081550107535
19.0703125,-1.591899170333662,-1.8832649082272108,2.371948966560634,-5.677024870652752
19.07421875,-3.307381592015133,-1.0446202875837773,1.6421976370122735,-2.9874040967601148
19.078125,-1.5554487050806765,0.407625565761056,-1.8216155920842474,-3.101896008346427
19.08203125,-2.237740390936709,1.6716276515602149,0.012947585770968106,-2.8481261902495465
19.0859375,-2.1892479228982165,2.5741262945090497,1.0325266106067768,-1.9370119416389033
19.08984375,-3.199081734256516,3.667370874675559,1.5010940152440588,-1.649156266647135
19.09375,-2.064273523374406,3.5101022497208385,-1.7638724497391958,-2.1458848871654546
19.09765625,0.0319985569178487,2.4879937954897224,0.026844853021654846,0.2891920953916256
19.1015625,0.8055018166450916,-0.42103237065768884,-0.48071024317383293,-0.6330244449075602
19.10546875,3.8980138029663705,0.7068832630953459,-0.9574286765768061,0.7600010065840742
19.109375,3.731792288665138,2.244918814520892,-1.572004526666345,2.8960601172954608
19.11328125,4.656855753347688,1.0069351001329445,-1.1113844823797125,4.420531246435036
19.1171875,2.531169084062757,0.6473851848396024,-1.5891575904886825,4.102890636931124
19.12109375,0.7618582217087161,0.2775649915257453,-2.8640967894692566,4.164388235492448
19.125,-0.1344544637806343,-0.2024557062587312,-3.069285203262833,7.158947911064574
19.12890625,-2.133856662334761,0.1581060553924688,-4.663950034047711,3.028075171788891
19.1328125,-1.9301707691934007,0.1275578264337731,-1.8710441187144784,3.202455938162886
19.13671875,-3.8980632437972975,-2.451344313526353,-1.9409313309362584,3.457895083381289
19.140625,-5.655829354691903,-2.4273617157435643,1.2375357823645707,-0.3312836335314312
19.14453125,-5.949642775785867,-5.151785990660493,3.8090504158122265,-0.49839540211800915
19.1484375,-4.310784800517847,-4.851955879369546,3.534549565512829,-4.222154148155216
19.15234375,-4.119176533934427,-6.7614180111943805,6.346311084155217,-2.986366811635208
19.15625,-2.059526977604691,-7.18289617452028,7.923955799557313,-3.767248962806346
19.16015625,-2.350474724956457,-7.190263220609854,7.9698358646532945,-2.578295140163071
19.1640625,0.7689876103948825,-7.6510687835645,8.340097835666931,-1.6613148252333743
19.16796875,2.661514323332388,-5.5909154440492115,6.682939462839334,-0.6730257377569325
19.171875,2.117821734969562,-2.1621802066629288,4.625578448036994,1.526087797593131
19.17578125,4.990480522877009,-0.5955469453796594,2.97897876052203,0.6588624175759961
19.1796875,2.3769788731590777,3.620876887566106,1.6310122194781984,2.838598013333985
19.18359375,3.3966120415844188,5.2181353041063865,0.08471656629515925,2.9454696332655383
19.1875,3.2335677436151253,4.775781657162334,-1.1618746049028088,3.1770768750311937
19.19140625,5.040678407475496,7.9225761086507,-1.31477864480236,2.6996118895578567
19.1953125,5.110880543146828,5.580363551690534,-1.4911403935847132,2.3809555339558326
19.19921875,5.512884038842151,4.749571830407294,-2.038746535857941,2.737819709023554
19.203125,4.37122175432309,5.642621765555677,-3.993036487217472,2.404245565625964
19.20703125,7.068866468486626,6.611490759329387,-4.757597566380251,1.9765279697064666
19.2109375,7.5541915130217205,6.693871477876985,-6.060957815745981,2.4557152695937385
19.21484375,6.2512663618305515,5.913445920850729,-5.195081102522838,4.535370468023645
19.21875,3.818558671271319,6.649360120096659,-6.80306090039819,5.789169195328519
19.22265625,2.1071975605326267,4.683088189549467,-9.300690294726635,4.34617263246681
19.2265625,-0.49614346137264936,5.099033544217695,-9.370250366815682,1.4138107808099916
19.23046875,-2.847381583128337,3.975329941963227,-10.470887724945005,0.7116974535193719
19.234375,-7.053413356983086,2.760058712219294,-7.351344704740162,-1.1341307289602018
19.23828125,-8.543719317533316,-1.4989735068707657,-4.466690833280421,-3.144641034778393
19.2421875,-8.631261404479542,-0.8460046488634061,-3.2091558993828473,-5.699159606931401
19.24609375,-11.996685857881776,-2.127356964273217,-0.537411048416982,-4.53459473401792
19.25,-8.112910071740984,-4.418047085780502,0.6556798151334142,-10.07844264679721
19.25390625,-8.623462054642244,-7.908519802258234,3.1652568805845878,-9.7747280770918
19.2578125,-6.718789787350008,-9.355947411080273,7.174537906761853,-8.800779640304606
19.26171875,-5.347379605886959,-8.389088013786036,7.387893356621188,-8.06168219361244
19.265625,-6.170361398518831,-7.378118795410177,4.826671696911204,-6.846850009908052
19.26953125,-3.3461697917711546,-7.764492158094971,6.752119318231663,-3.9581733654311004
19.2734375,-0.014234487052793288,-5.313824046961743,5.513432544044212,-5.086559026909048
19.27734375,-2.399971752527023,-2.2986856381550727,2.8563670135799377,-0.6669574121791166
19.28125,-0.6232325536212177,-4.399199547772168,3.857923504363476,-0.035877395070648355
19.28515625,-0.2743514581680217,0.40498030225212345,2.794205314458468,-1.2850253701237544
19.2890625,1.5176234014576122,2.775453447826008,1.9382305439989322,1.9225255919873239
19.29296875,2.1049334011710643,2.7649859771929863,1.3405926749609076,1.1298792197546816
19.296875,2.718112593602274,-0.03171653557100362,1.3456810603982015,2.8045667340850184
19.30078125,4.716767279092657,2.088361638395294,3.9380618470684263,5.068801762049265
19.3046875,5.454576035909637,2.2422874441757443,1.7039510670193059,3.287066727557685
19.30859375,6.770088019942322,-0.09281057366804624,-0.7266929473239399,6.013148126643366
19.3125,6.364515858534142,1.798121865436661,-1.7291368718987787,6.790040090510076
19.31640625,6.525938841181534,2.7472830545836917,-0.2588146495736925,6.912642944613381
19.3203125,4.744502529775009,1.5942447827688773,-4.327830973012295,6.520537150023227
19.32421875,4.309328086453971,2.0701970399096683,-3.4045435103842476,9.685966745402594
19.328125,2.1954727267006042,1.9104172318895707,-3.4891012276123985,6.957985170723479
19.33203125,-0.3129135797742257,2.49207087405954,-5.388303918450385,6.480301415564816
19.3359375,-1.667354430963187,2.205162668160143,-4.235574743390729,3.9566151244161105
19.33984375,-3.8943802502277216,0.9586303478227122,-1.2088049533396983,1.7385324929901642
19.34375,-2.5360440773245805,-1.7513776165423738,-0.8758905501554274,0.919215357932899
19.34765625,-3.1183913920436233,-1.9575820053172912,3.5168936073872192,-0.8980191734044429
19.3515625,-1.7975194840881317,-1.0961627044075168,3.344656766328651,-3.6371138018849964
19.35546875,-3.324589783278647,-4.798908367194093,5.164155711417457,-3.7237718123622727
19.359375,-0.5492922218621654,-3.6925750489503475,4.161264573704901,-5.236337769671708
19.36328125,-0.1630402125751661,-4.248135944711916,3.9383890967799644,-5.158538258476008
19.3671875,0.015327981950708836,-2.18499332519625,2.6804991074497098,-3.275175324396559
19.37109375,1.8922641069911545,-2.2392728921069,2.1965294258448225,-3.0213801425848015
19.375,0.3979697257402657,1.7378670661054343,1.1527722176630881,-1.4260293361708696
19.37890625,1.3785985089347195,3.1699842272985137,-2.332989055247533,-0.9729164644056524
19.3828125,1.889730306132156,4.755121538402647,-2.643783341399163,-0.43156154227752663
19.38671875,1.8315576699469513,6.104633584253492,-3.7599221038568853,-0.7961793569989297
19.390625,2.175781001810936,5.004846710525268,-2.24775988520273,0.120527651512919
19.39453125,4.2665198029232805,6.69785754596228,-4.254747341188043,-0.8600018173415866
19.3984375,3.857978881613639,5.421193652491114,-2.3434052899453466,-1.0607564860310168
19.40234375,2.7385937139341556,4.7370548119296165,-3.121687086418266,-0.6610260356874837
19.40625,4.243232668828435,3.57794872458357,-4.371885606564827,0.7778876801445048
19.41015625,4.0745877041814325,2.000592693345518,-3.1730365970151766,-0.3625812046245973
19.4140625,2.744961263223661,2.1738339157562034,-6.325289153020982,0.634600157919222
19.41796875,-0.18684421749991542,2.888464391794154,-5.527577855645232,3.289279102966039
19.421875,0.35950306348961236,2.5885283553764324,-7.353251965262987,3.719026575607282
19.42578125,-1.9027932352436008,2.7378024922442474,-7.883026255754139,2.0701467959369175
19.4296875,-3.7717236697556,0.7961437465517922,-6.2103590101485695,1.2921250586620117
19.43359375,-6.831631198048718,-0.0559920701034194,-5.182855870027892,1.4164567304791909
19.4375,-7.485348368312348,-1.9764934084128865,-4.020159321424965,-2.378324563189674
19.44140625,-6.755666149617923,-2.022729601335241,-0.7944152932279989,-4.6420979657363475
19.4453125,-8.499933895105576,-4.918688118539675,2.6588322965079767,-4.397056179240147
19.44921875,-7.5367480992544165,-7.832608933788373,5.2102010718790615,-5.502255478793556
19.453125,-5.3580084973332065,-7.811184430768375,8.272679412896291,-6.5125801018894
19.45703125,-5.518521560164314,-9.527877452616995,8.498713171129562,-7.107408253571046
19.4609375,-2.274813817076523,-9.518937151397548,10.554248039530153,-6.118398078183609
19.46484375,-1.9507939058197996,-10.39444645210203,7.764056504310193,-3.801300020933024
19.46875,-0.06827914110168415,-7.679699060538224,8.008952226523078,0.42487950483522763
19.47265625,1.0932292755628978,-5.996191581448372,6.507519312080176,-0.13796388998366627
19.4765625,2.678890909424502,-2.246106667486668,6.126757608527127,1.4693563498440279
19.48046875,1.0128726355734128,-1.1013831597765642,2.8920971925846795,2.302671325048306
19.484375,2.2420264741463916,0.8652819865811406,1.8750527072340215,2.3323831556965153
19.48828125,3.9664624941188005,1.0195742523523534,0.804773173283565,2.963696476692568
19.4921875,5.464506580129337,2.7968174432631443,0.6054114290618591,4.810660373863626
19.49609375,3.8998852119174474,2.5119295064243907,2.9350004169011092,2.14826273483741
19.5,6.976363407755252,3.8448012694009166,-0.5155714862242544,4.959703556201005
19.50390625,8.803971703073653,4.3672605952019845,0.7113461267627481,5.19866773068767
19.5078125,6.844190363848317,3.7501762281943343,-2.3679826344476798,6.354276657128703
19.51171875,9.146232307194339,4.148224100564452,-3.705946171784701,6.898527506985218
19.515625,7.704049226356292,2.611239288124903,-3.403598413486492,7.871020734225651
19.51953125,8.012658064368457,5.1567720516921645,-4.623593685280202,6.252380337209807
19.5234375,5.545838980829108,5.110643913610292,-7.297306280247744,7.022193973163516
19.52734375,2.460652107274088,4.090853780157133,-7.178300042112213,4.754532102380842
19.53125,-0.12463764323266555,4.788433940252066,-6.997265297040092,3.497416625997031
19.53515625,-2.772237253118288,5.557818175615646,-6.29632532719615,1.9389251189347105
19.5390625,-4.4712059144988645,2.6702936418306913,-3.1389779729494323,1.6417516741474372
19.54296875,-3.482846001750762,1.118302744022325,-2.9375972308605762,-2.7411740443806245
19.546875,-7.114229287544642,-0.8003828308860135,-1.2728495885563267,-6.02858510563834
19.55078125,-5.242050703882375,-1.6106027669941925,0.44631176042335324,-6.32026520886414
19.5546875,-2.166440430059121,-3.227642658888594,2.134806431709272,-7.893192415359922
19.55859375,-2.9067343861039436,-5.21816711056791,3.4810193339683875,-8.934835631255861
19.5625,-1.6585527156455941,-6.17733178264508,4.696421286429036,-5.827331209843771
19.56640625,-1.2633000132128165,-3.2270122694889842,4.965144543406167,-6.31171606081745
19.5703125,-2.208925647653594,-3.2762699050288746,3.928995833848056,-5.746475039058999
19.57421875,-1.5714828316813374,-0.9818487413604209,2.155732102785946,-6.353034677934227
19.578125,-0.3824004101667968,0.5340057033478195,-1.948357653150349,-2.646275449994205
19.58203125,-1.2259161261900222,3.4417891942171024,0.008971623927034128,-2.8277774150676676
19.5859375,-0.9811655680408199,3.199839167668639,-1.9999039610876328,-2.7525869839579826
19.58984375,-1.2319602287816869,2.021428983945989,-1.301302216415356,-0.23171300628492664
19.59375,-1.2375609102869718,4.047063859215578,-0.10148989434404043,-2.7894470773497853
19.59765625,1.050683325986567,1.0904542331780764,0.3603708069082002,-1.067522147120909
19.6015625,1.62003043801819,0.29784660028865506,-0.18053545054628273,1.0061725124339527
19.60546875,1.5833208555015377,0.9938001844490927,-1.421104216581592,0.9709989886225723
19.609375,2.5517519697328575,0.24405991896975826,-0.7702661692590216,3.3249726092012417
19.61328125,2.5901750366403093,-0.7183268071987545,0.6032728076732483,4.526009300319155
19.6171875,2.8322861352133204,-0.22049160817919944,-1.3662387368218956,4.8933134217054866
19.62109375,2.637230713907775,-0.3242069673269466,-2.2734947277822393,5.8717844904308985
19.625,0.6055029364275759,-2.6956362209730775,-3.594520205037563,5.203711603846837
19.62890625,-3.6845561812428937,0.10938210066108378,-2.6606264607613794,3.156845394589225
19.6328125,-3.032709258538801,-1.1721195496487977,-2.205953382761091,5.2251867427189
19.63671875,-5.445368071381001,0.08648508179561798,-0.3887730566123042,2.7194373198337334
19.640625,-3.499588990570203,-3.8532137738403858,0.9804670701982875,-0.5261079449635665
19.64453125,-5.0005075457192545,-3.342372699497642,4.326869681638142,-1.875448547345989
19.6484375,-4.308342514792279,-5.525137543552811,4.478396459583266,-0.9128461133625867
19.65234375,-3.165698145904479,-8.075656389504468,8.948353053598273,-3.185397711634341
19.65625,-2.355350692807854,-7.019618450252874,8.283408155556945,-2.585109562206398
19.66015625,-0.7246160370062485,-9.043008605035396,8.68953925467312,-1.9029277429700637
19.6640625,0.9739143772097294,-7.295558446167549,6.970824471059364,-2.2421806703752325
19.66796875,0.9933219236134212,-3.1176797729458117,6.280735456387531,-0.7257234257182493
19.671875,3.734907015978407,-3.8749335697037735,4.809967310943014,0.6003348654840795
19.67578125,3.6574555290602344,-1.7198981382590697,3.5744791036630303,1.174343583414588
19.6796875,6.288675868093517,3.6207654173995856,1.6045725184545307,2.7294392673196324
19.68359375,4.716098308932488,4.5138800461360375,-0.2986759518874266,2.5955747859839513
19.6875,5.01486387422531,4.777808348431698,-1.2176898925078448,2.5985725147416594
19.69140625,4.611835772072024,7.0820906609266,-2.4663123930359054,3.824622779668432
19.6953125,5.276655067093033,6.389864605648503,-2.747186748164067,2.8659200997110714
19.69921875,6.281807672043954,6.167147228672814,-2.847200624986811,1.95674241243233
19.703125,8.709156334446952,5.197178914783105,-2.7627145720694295,1.9523894122951289
19.70703125,6.8406030488325165,4.216331716967191,-4.0887954407588545,2.365014990131324
19.7109375,8.120816623696438,6.645800989128308,-5.94269336723315,2.3223240237139415
19.71484375,6.510122078962259,7.129309353717281,-6.132863425270935,2.885404173316233
19.71875,5.835094901845657,5.1231046749205085,-6.558615893528664,3.6268872007107067
19.72265625,2.2202516846492926,5.075925808112616,-10.51472925736526,2.9914968458817945
19.7265625,-0.3691682096782649,4.057972014581106,-8.446664482572759,1.8159898276015156
19.73046875,-2.2783209408408993,4.224773469605776,-9.205872056696274,2.451752385388772
19.734375,-3.6282025123417716,3.475441714591904,-8.637208742906457,-0.9698609933579843
19.73828125,-8.945520221345307,0.23450599874581202,-5.866641151472601,-4.034531725833596
19.7421875,-9.375886862674928,-0.6292217270479404,-2.903029879229785,-7.561439428033648
19.74609375,-9.609074565574181,-2.9967920632764278,-0.8490882745863986,-7.898810139094211
19.75,-11.169168916485921,-4.066852273125295,2.8419722664041336,-8.512440511182108
19.75390625,-7.0791090451216485,-6.814406675829882,3.7084918955841064,-9.454299831477579
19.7578125,-6.7028036926128705,-8.39382427314698,3.5815802271956203,-8.352763558337413
19.76171875,-5.744767168665015,-8.547034118324497,4.971753872183895,-10.180013954537449
19.765625,-2.8747340581796923,-8.237259827557086,5.4341069379862175,-6.298110278011719
19.76953125,-2.8105370574881907,-6.109700257272609,4.652311209195375,-5.0650912852797045
19.7734375,-1.7933104239526745,-3.588785822471637,4.762415757687734,-2.6096746414268925
19.77734375,-2.636875451545211,-3.819161436055677,3.6112694699316705,-1.7895610520271348
19.78125,-0.704858722685851,-1.4603230639330589,2.075636433353381,-2.450027903164523
19.78515625,0.2526945546465579,-0.4413911017317002,1.6047954838012215,-0.23271089864611674
19.7890625,1.2439047464945623,1.885580605829352,3.5598762710702703,1.631213159526618
19.79296875,0.9731116647202785,1.735752856500076,2.858160180438512,2.957760334912259
19.796875,2.3445205999915233,2.6671551497717334,2.437431977185239,2.9600161467046675
19.80078125,6.305934319065372,1.6723841042054965,2.5793618759824017,3.1217574814400897
19.8046875,4.923478922594238,1.8156221284846707,2.9755218939852393,4.691547548105403
19.80859375,5.28074399042282,-0.1830843466583597,-1.0195356308938144,5.2771438961164545
19.8125,8.75120929089614,1.019887540551528,0.053118279439921035,8.85480690454571
19.81640625,5.907335466924447,1.7487040845218005,-0.21801723156614683,8.919373890757168
19.8203125,6.721528107246967,1.1395436461120165,-2.6158705946079643,7.967271954487403
19.82421875,2.6911307790804955,0.636165290414642,-3.36562446134582,8.207228066844351
19.828125,3.1821460204189087,1.8157041520315027,-3.537858756932665,9.051874545361043
19.83203125,-0.17332461183429299,2.494806955709903,-4.950124982816584,7.145053380253877
19.8359375,0.44479389345309084,0.8957833738509906,-2.1340401487122502,4.276905860319656
19.83984375,-4.563258332875428,0.023605846489919813,-1.0258020665268714,2.3474492834804788
19.84375,-2.957903827121955,-0.6710946981774593,-0.22953063854798833,-2.084604324197402
19.84765625,-2.3313628290202697,-3.279649417770921,1.8405135695738746,-0.6271185863278785
19.8515625,-3.626819631606568,-3.856995989851028,3.9633371348573085,-4.719112386363062
19.85546875,-2.6623737423099865,-3.847300993311071,4.428481673773514,-5.806727938070761
19.859375,-1.743522917686956,-4.12445510093728,5.430000186917944,-2.884633015520171
19.86328125,1.083331218991911,-2.940622861037576,4.595194897303951,-4.638508579337494
19.8671875,2.761978202830524,-2.6289194705154046,3.5265830012155734,-0.7949338704219495
19.87109375,0.4218880450607907,-1.1077852352821296,2.9563503547777295,-2.6263030013566944
19.875,0.7286095784365854,0.28277217114797815,1.5422301804478702,-1.7759323960878375
19.87890625,1.7809164677319287,3.782171489142489,1.0131628580064826,-1.0471906452294242
19.8828125,1.3452133001843114,6.502924837468317,-4.1149451131916495,-0.05661300687819726
19.88671875,-0.05843648773288779,6.666270766759881,-2.927648757300003,0.06670263317468983
19.890625,1.9354281290506963,4.417474962737352,-3.8207914334231594,-1.0056017252749578
19.89453125,1.6752929266730703,6.07141620381675,-4.515044024863338,-0.47110971047479233
19.8984375,2.4366222378393068,6.096188030855469,-3.1455202900699013,-1.6324546933577013
19.90234375,4.655010036034685,3.8387095062014405,-3.7794289558259675,-0.523555479949864
19.90625,2.7485748426254397,6.2223073677244205,-3.6863899251393244,-1.1747672645743994
19.91015625,3.6492410072410313,2.9427368453947826,-4.479963589342325,0.25856910732636285
19.9140625,4.372808547249989,2.3964778063605197,-4.645127360914348,2.361568610205584
19.91796875,0.25925634681679255,3.2898765971183734,-6.356416502027427,3.1307568096680596
19.921875,0.6191386015910022,0.21308885491674578,-5.770304580895493,2.7867625280099357
19.92578125,-3.2546659888566776,1.4795232575463992,-6.506769419273969,0.14074723996823302
19.9296875,-3.6741087162408617,0.04790888336309673,-4.0988861774981356,-0.24520870435462738
19.93359375,-6.775519116994433,0.7808779304593795,-2.5606939699604245,-0.78427301892538
19.9375,-7.288394731576719,-2.667326217532931,0.789647225168431,-0.959624713825453
19.94140625,-7.994794045326883,-4.685919274283412,-2.5155575605485643,-3.8345747952650484
19.9453125,-9.091806203340319,-5.657731951959788,1.1585186675888615,-4.631457368122012
19.94921875,-6.8261670894855815,-6.127809933589014,4.283765286336001,-5.588625706096417
19.953125,-5.949229465571623,-9.14595672078153,7.24998930330848,-6.554535632157995
19.95703125,-4.272050561186074,-9.21194188176056,8.333285300140068,-5.965190432667879
19.9609375,-2.7471408700256204,-10.044035821859056,7.656799867435041,-5.149099385001393
19.96484375,-2.842016289512128,-9.762853630107466,9.354594280640182,-4.937590200422897
19.96875,-0.25331856517512125,-7.931344948086527,8.370476416069438,-1.47203484372351
19.97265625,-0.2887308189312541,-7.49004348470571,5.704965317277745,1.7463337299605874
19.9765625,2.193468900192598,-3.1659540905411383,6.228591286340862,2.3048851326320476
19.98046875,-1.1188962267203348,-0.31733048405571995,4.314900665358545,3.0659679112640816
19.984375,2.2815433836464107,1.0467850937401533,3.136906720044807,3.9155247896812657
19.98828125,3.832933425217563,2.6114813605157265,3.428013281244895,3.009651701362392
19.9921875,2.2232876070705854,3.2609480509512,1.9113914525809375,2.486283767644798
19.99609375,6.655331123439223,3.2955299823956756,1.5132445256959526,3.3739229122755905
20.0,7.868361638827864,4.406569761315349,0.08433901682645623,6.114635317060474
20.00390625,8.934701253398519,3.820225504359163,-1.19735422704136,3.6671454367978313
20.0078125,8.799883512745717,4.722111535739765,-0.26193982179908604,4.651075631779825
20.01171875,9.453125992708303,3.699016561729174,-5.179595426740567,8.162477844384053
20.015625,7.379519910309186,3.8726140128989535,-6.264713042974117,9.105821948449254
20.01953125,7.553954615115659,5.528323753822066,-6.735189972317636,8.267548109363558
20.0234375,7.136347788766459,5.4402955534709925,-4.3560999340954645,8.39173236344572
20.02734375,3.5184150673563432,6.344158350105078,-8.579974773879835,4.831244726254544
20.03125,-0.23731912792809673,4.310678434506368,-7.224449920251445,5.029996611487755
20.03515625,-4.143774120902465,3.5262503968505294,-6.819395270632289,3.003863297990929
20.0390625,-3.7871265962086724,1.678120083505766,-5.823591530904485,-2.8861237635351804
20.04296875,-3.7797959523232505,1.834502302899188,-2.003245261471759,-2.2780654093024824
20.046875,-6.023215486024862,-0.28377936752139615,-0.9955202080813572,-6.702474924496962
20.05078125,-5.946623755195525,-2.791781311382169,-0.5021898454982829,-7.71855068414417
20.0546875,-4.6273227583833405,-3.4668338284439226,4.641929403287064,-7.4069387363732435
20.05859375,-5.076800924758134,-4.58859378547777,2.2806012554958,-8.07417981278282
20.0625,-3.8738373277129634,-3.5093938682752164,4.140633751403106,-8.334547919909852
20.06640625,-1.1167588543362,-4.138195086016309,2.7464405693427265,-5.55371475612439
20.0703125,-1.8528617533797078,-3.1632169670963624,1.409778532559546,-7.8081886396487405
20.07421875,-2.8526771958556294,0.5647313033772741,4.186152567119338,-5.0434583561980215
20.078125,-1.7421821794303853,2.0142452992865163,0.7038368413779058,-3.5848878251252696
20.08203125,-2.2638691824023067,-0.21587530734782368,0.052387892786520396,-0.12610237147510972
20.0859375,-0.4897749438431429,0.6387179946286619,-0.13727865667868483,-0.4998065662968596
20.08984375,-0.03825786931715469,1.7517547649856502,-1.2424270411165281,-1.8342095357866945
20.09375,-0.3525266928777181,3.2300303253866005,-1.1291518182505964,-0.6770551877555938
20.09765625,1.2630461225581575,2.8698901466933604,0.7161061237897502,0.03796520628160427
20.1015625,3.5059078806817565,2.0455501921817296,0.6758152995114781,1.3651540011414594
20.10546875,0.21689590029037387,1.263540782427841,1.7672172362274365,1.0309059090437742
20.109375,2.372479611526677,0.7435713161542852,1.5511322821269895,3.0578535373225715
20.11328125,2.782025502777824,0.8913756638800161,-0.9596977951232887,3.783144520338488
20.1171875,3.4388693672094943,-2.1375946130965695,-1.3077679497195416,6.219283252535526
20.12109375,2.358359068241759,0.2869467290956875,-2.541619096973734,7.332804589333453
20.125,1.1554768350041948,1.7706226875390614,-3.1813359207839786,5.912196037424965
20.12890625,-3.3083599538581248,0.40929636847517303,-3.663835842783571,5.712674472072915
20.1328125,-3.6949747221592784,-1.5478283443491723,-1.6900105552025342,4.961072891822129
20.13671875,-3.069494171953023,-1.204400872289337,0.35389272863101895,2.492531236618499
20.140625,-4.84767648905108,-4.345997510480416,-0.5207265639732799,-0.02083841009099585
20.14453125,-5.987431466769122,-4.628487801933076,5.634931575524114,-3.0622039545021353
20.1484375,-2.5317737684766533,-4.2942874045755435,5.308604462271762,-3.9300785241728127
20.15234375,-2.743903720808354,-7.022229394519163,8.078369611420747,-4.426849910103398
20.15625,-1.967761123755126,-8.296112160278659,8.301362409371917,-4.450027083478486
20.16015625,0.8776518069597146,-8.18397906027191,10.079150183746517,-2.919663191904477
20.1640625,2.526329158491487,-7.648891533187673,6.683694893531292,-0.56182283031854
20.16796875,1.279846344889138,-5.008773579165854,6.563697921962847,-0.9717661655295665
20.171875,4.146047112010628,-2.5875163049684793,4.3343362426338965,0.18638320519202667
20.17578125,6.625387464400584,-0.9931757462370936,2.2252622415132275,1.41892676728825
20.1796875,1.6290815650286996,2.8345768736927774,0.4517194028648355,2.1292670392822552
20.18359375,4.36158366043128,5.074906861976866,-0.3636751641787125,2.9656599110704853
20.1875,3.3519765010303106,3.7485981510671182,0.16617185979572735,2.4689838742392505
20.19140625,5.9204181920318515,5.673881243615736,-1.7130156562677172,3.7995351987611166
20.1953125,4.502468028418031,5.346074119887657,-2.054203342844229,3.301816418413498
20.19921875,6.03497209175746,5.2931922159741625,-2.3904513509125045,2.599506345542905
20.203125,7.853948237643289,7.354507296618194,-3.007200283288792,0.0223679538908228
20.20703125,7.769083975138816,4.294262071302729,-4.556324305440664,2.3051574267794352
20.2109375,5.981622420498723,5.884101363579332,-7.339800419840119,3.693956723767463
20.21484375,7.700023359055903,7.4728850042818795,-8.394488792387625,5.630862185146425
20.21875,5.150355614890307,4.4077262954084775,-9.113586207733098,4.034956149684631
20.22265625,1.9885994274751408,5.760488977191177,-8.942632812223431,3.3428398638873085
20.2265625,-0.251823519305191,6.393106350669953,-6.779518056941333,2.6310004508543194
20.23046875,-4.130039831068168,3.8039811679622213,-7.782547394450477,2.341937978914083
20.234375,-5.760273207705129,3.5042786817768143,-7.092083700682974,-0.11026541286579361
20.23828125,-6.615654865453563,1.0427827965829413,-5.22639216687716,-3.160012981126511
20.2421875,-8.704098286383836,0.13053657743223512,-3.3298511689789567,-4.69909084799896
20.24609375,-9.430528771241784,-1.561744095998872,-0.037729456004052364,-6.780046344085537
20.25,-8.18641599604328,-4.463027866898314,1.6913404209666016,-8.2691751661624
20.25390625,-9.601942671216754,-6.879998232132767,2.7338080715283386,-9.288486473563605
20.2578125,-7.617852628976719,-7.199481485796717,6.768999806567919,-8.89653988090214
20.26171875,-5.59946237074176,-7.449221373847502,7.631533675979325,-6.945356012506453
20.265625,-4.137708716181346,-6.305167014970951,5.528796129516727,-7.902354817177104
20.26953125,-3.208561424710969,-4.683786890829046,6.758544786871884,-6.198058573027581
20.2734375,-3.0969194193597067,-5.266389604359352,5.229397710835451,-1.5370094732268695
20.27734375,-1.4024244512039588,-4.004150797315798,3.4270558675423,-2.3516070913719496
20.28125,1.0556948026298707,-0.9384587453449058,4.945907204942902,-0.7404156038987082
20.28515625,0.7149518775884769,0.07640008824994654,0.5450227813490125,-1.7684555849939008
20.2890625,0.2001895316766315,0.798712473076294,3.1406345248137253,0.7798405564385738
20.29296875,1.096438763166132,2.1944617173498053,1.9562229160172377,-0.04528209696120267
20.296875,3.3830013176472846,2.6711383089931418,2.51536140939989,2.8961519550004935
20.30078125,4.5101396645808,2.2821191738527853,0.5467259294934164,5.842164262071259
20.3046875,5.088180012695407,1.6461170421978606,2.873706231336519,5.7920793722569925
20.30859375,4.982596376403305,0.11548972638131205,-0.874763365058959,5.708027143752667
20.3125,5.162251924781104,2.1883181797221027,1.1550568853799057,7.0080536990847
20.31640625,8.824695247631716,2.574368523675113,-0.7302337660272364,7.921560293975079
20.3203125,5.513459318732414,0.4490335495232376,-2.919501352003144,7.800337959245846
20.32421875,4.496219396410005,1.7845452534435677,-3.8807844875389055,8.023710556992219
20.328125,1.8683175116800015,2.4615153400901035,-2.9913178913274736,6.348121845496614
20.33203125,0.10652896444833851,2.486235181161374,-4.3244572546284745,7.552916781413148
20.3359375,-1.0952921514974734,2.0109372001676666,-3.778188592442574,4.072585532080345
20.33984375,-1.4078181418051021,1.6848834594143274,-1.7076835497934397,3.415450519887589
20.34375,-3.5511901968276285,-2.2309987325263867,-0.2963094418518398,0.03679371870219472
20.34765625,-2.3088132741471235,-2.1693186774112725,3.6677803445989037,-2.155673489770845
20.3515625,-4.423129747055871,-5.566250487917649,2.1721636295910196,-3.7587693781206406
20.35546875,-2.405999959308436,-5.101655966479271,2.9147525098160845,-4.773608516197485
20.359375,0.21449274077367175,-5.06343628031408,5.181927493645429,-3.2579567570615797
20.36328125,0.6580077928759432,-4.919048311507249,5.95712875079997,-4.113032197999317
20.3671875,1.8990189439464484,-4.346233167621538,2.9725203413738863,-2.182193286391834
20.37109375,1.8020494825245186,-2.266244256390853,1.0567385491794719,-4.00205026513003
20.375,2.9564563921736,2.267344428794301,-0.565663245471802,-0.7428256989584087
20.37890625,-0.24356320484048477,2.376583275579446,-2.111927059322379,-0.7782660581846393
20.3828125,-0.23561446023752008,5.062265052777677,-3.2623304990352597,-0.6315599796101357
20.38671875,1.022729186370022,5.83215600078379,-1.8660795011069777,0.010969032180460192
20.390625,0.33869614975891127,8.755915851486362,-2.3292043787781735,0.10945671307442062
20.39453125,-0.6696117459496513,6.597217572706668,-4.311768412286065,-2.481873834003938
20.3984375,3.553459023136429,4.936794168330053,-3.143088272511581,-0.6337135277457272
20.40234375,2.9191753780117082,5.567189174992833,-4.673981320578433,0.22411966396018146
20.40625,2.9884353941469435,5.443018970141912,-5.364542330097761,1.2035077937067316
20.41015625,4.056469487889014,6.195671931951496,-3.9294435023112326,0.6604639840090314
20.4140625,2.318969789785284,3.8279969131944247,-4.684180470303204,2.633658735822359
20.41796875,2.7181089209692986,1.6037276108159852,-4.912866615983268,4.7302141473407175
20.421875,0.5264787132539301,2.3556048285441307,-5.22993685202901,2.5387045971971025
20.42578125,-3.356552494562419,1.1137067325195205,-7.1652298415002225,3.4829743918692033
20.4296875,-5.536638919783309,2.2813266714911893,-4.885167570974936,1.1781086700977104
20.43359375,-5.486312787592991,-1.5690751585616005,-4.611069677233878,0.2039853867395689
20.4375,-9.051150710069845,-1.9553103516203847,-1.9711676327188474,-1.8569215034098536
20.44140625,-9.606493276746725,-3.255343923299587,-0.4111497739819059,-3.267329443194532
20.4453125,-6.814700462903182,-4.708788822146643,1.8151671769443614,-7.5797272819094665
20.44921875,-8.54989486881179,-6.524327804046094,5.227724121231956,-7.072529642101518
20.453125,-6.720609159046365,-9.307320794127937,6.32202418037869,-5.5393538058826515
20.45703125,-6.7180370811841605,-10.988056173319155,10.578153825449498,-5.138788650950998
20.4609375,-3.11425643643894,-6.692941557282056,10.134031687519483,-6.345625053312513
20.46484375,-2.126754522326723,-9.25348133818599,9.603656941000338,-3.7194645078924293
20.46875,-1.01293176814119,-6.206909780828416,8.240387043379927,-1.8546298266847674
20.47265625,3.20939935559152,-6.400387515227119,7.650039672543252,0.1611532528751387
20.4765625,0.9252234406178755,-4.508983952367561,4.780433539184775,1.4206655599915448
20.48046875,3.13351205769651,-1.0845595096750555,4.737019805789932,0.3739328583880577
20.484375,2.8395336066471852,-2.494449198597348,4.394846980799302,2.1634636252703645
20.48828125,3.043692191802743,1.191538593888199,0.13689841761125843,3.512677316374787
20.4921875,4.850217421827076,2.3868919854394117,0.6883433364741787,1.987633669766944
20.49609375,7.2142251301693765,2.9202977557241345,1.4177011034787836,3.9091468064732156
20.5,6.408107871744485,4.737114012231753,0.19672612249238414,4.084928365878686
20.50390625,7.130475251389369,4.8751676350361555,-0.7072158005776401,5.422141924359179
20.5078125,6.700075199527628,4.856210509522134,-0.34271475196593926,6.584608603305295
20.51171875,7.795530343352424,3.694838430800119,-2.7082052586534817,6.513095974366555
20.515625,6.97764946677936,4.543574749896589,-4.8036494968460515,7.668643439247568
20.51953125,6.740376004636708,4.748959849970969,-5.292427971165144,7.97092056913758
20.5234375,5.606504398467179,2.806071694065751,-7.176555297049357,7.359598159645424
20.52734375,2.6155573612515544,6.095233568105897,-6.500949103017657,7.12114355066566
20.53125,0.23824508842001063,5.365599709171144,-9.109284683872122,2.4944421667455643
20.53515625,-1.5886418973673608,4.243546100424972,-7.397540077089387,2.512577370454803
20.5390625,-5.2993887279938,3.0059122044132427,-4.117833583619012,-2.091116843430197
20.54296875,-4.729218421425687,-0.33670566856109674,-2.6098026079863668,-2.6594953403489487
20.546875,-5.843678125769421,-0.547632673751649,-2.5583237647761936,-5.391975852654467
20.55078125,-5.532855721169337,-2.909687062474934,2.1004417417249703,-7.571654279001896
20.5546875,-5.835222512389861,-4.053218847394952,2.776105355144288,-8.584466556541553
20.55859375,-5.322145544604825,-3.921934790685994,2.044159132190684,-6.738000611243487
20.5625,-1.6801947839691516,-4.180205759972301,2.9013246970809154,-9.528828831795067
20.56640625,-2.38457267949701,-3.0252079541650154,4.480514584635966,-5.0746342998296115
20.5703125,-1.777498667096833,-2.6780413779001804,4.0281517085786565,-5.317892239336397
20.57421875,-0.7823560838805637,-1.9160686562834675,1.5630681027868487,-3.91606342369212
20.578125,-0.8959267428789756,0.8878561185123337,1.0089810213716066,-4.571010966465091
20.58203125,-2.5500842991183448,3.7804366861682155,0.5265974432041054,-2.377267574874113
20.5859375,-2.641423345025693,2.4558426373960462,-1.743116489752858,-1.7706790481744377
20.58984375,-0.6068612206555546,2.989438429488139,-0.4182576306722615,-2.4879578087646324
20.59375,0.48323734371519045,2.7945506969282854,-1.1378116516471624,-2.1535925076286717
20.59765625,0.129562963955124,2.9056139327231305,-0.3779665715165867,-1.9896353516463527
20.6015625,2.5310746479080417,2.4038611746241045,0.12915807413870573,1.5537794346522844
20.60546875,2.8460671773582624,2.6101183587386387,0.9245469134330411,1.2483231875602947
20.609375,4.235891060001036,-2.0418284162993747,-2.8241938679837864,1.1165469755843138
20.61328125,3.9589557285391184,2.667011303742967,-2.115089519586721,1.0479704642874985
20.6171875,1.2929255540773479,-0.3224688872365906,-2.9154721847863856,5.53321281265575
20.62109375,0.6730444343717739,-0.000674562529107617,-2.9465736760523478,5.091436478061898
20.625,1.3837760822254963,-0.4260318929311112,-2.4608139191780887,5.349910568838695
20.62890625,-1.1100785735038112,-0.0778471441618312,-2.92127447545558,5.455717584241687
20.6328125,-2.6050666032534604,-0.715360660450378,-2.0719402349881224,2.9701578082708453
20.63671875,-4.028849893508815,-1.6285484706360158,1.265577538569472,2.0854737127253045
20.640625,-5.799138859916816,-3.988735979711895,1.345338865521186,0.9161210866271879
20.64453125,-4.679383001700275,-5.165341379780602,3.7786324879452464,1.356312440600941
20.6484375,-5.152530532283045,-5.093124102267142,5.62808389391421,-4.180179313284712
20.65234375,-2.5439012846936575,-6.30194576724607,5.3597222817855386,-3.700080589074373
20.65625,-2.6453843752617017,-7.697872538451337,7.706084761493945,-2.653256273639904
20.66015625,-1.067668068140994,-7.904628691039144,6.908643521693258,-1.889035017704174
20.6640625,1.2171787066743103,-7.54452130654701,5.489035210725428,-2.57864239478988
20.66796875,2.1402904140675787,-5.438961906466964,8.53531678820615,-0.4256292049518521
20.671875,2.4126268799072506,-3.6539532389564893,4.597710196695999,1.0849578573817773
20.67578125,3.1653018406513405,1.2450143602896881,2.4503410796621083,2.08960996296201
20.6796875,3.8170331841206173,2.8649443876397176,2.9425925319837614,1.6508077933178789
20.68359375,3.788776185364468,3.0715029054016703,-1.6823909614042767,4.123572660744389
20.6875,4.225804316516281,4.793092338975689,-1.362567032709089,2.464173297485175
20.69140625,4.800563555929883,5.957133766404821,-2.682922808483515,4.184715766220879
20.6953125,2.2192161197236944,5.59394684072544,-2.2455520547462324,2.734436437322808
20.69921875,5.942224745053059,7.0322206516953525,-1.5887400644373928,3.8145756880042923
20.703125,7.694098882588547,5.220141659093968,-5.2034351617080565,3.997976455112245
20.70703125,7.351078220476079,6.329768437208778,-3.6993127671895736,3.149385246430825
20.7109375,6.7817358318126795,6.585722355547672,-5.348360408059622,3.4364170566413463
20.71484375,5.272051335646822,6.402930948682519,-6.957934817512752,2.5184449323454103
20.71875,4.365699610613605,6.55816597429448,-7.104547941273517,4.5786833870375485
20.72265625,1.7336198519964365,6.624102998825628,-8.828811561410767,3.7845181573237867
20.7265625,-1.7791843371373737,3.021160552721571,-8.83682867055598,3.159157763942399
20.73046875,-3.6303645685538424,2.703793570903383,-7.048079075404922,0.7506086345379531
20.734375,-4.980660922779677,0.10853990119290557,-8.63373519708283,-2.0845057549481867
20.73828125,-7.917242708051444,1.3254927540264712,-4.872878299694896,-2.9782046411083023
20.7421875,-8.997252180282,1.3817475705354165,-2.4930215833632925,-6.452872071014985
20.74609375,-7.441436753992661,-3.197409108925381,0.8078159502037163,-6.8472701218450185
20.75,-9.03062696634881,-3.975756597161573,2.347226847622309,-8.537138616163046
20.75390625,-7.433418996256214,-6.74592133723037,3.397306458579079,-7.990958068295678
20.7578125,-4.451669609313903,-9.114980468935558,5.765590278928944,-9.372660815232205
20.76171875,-6.466279970084948,-7.649357337468129,7.127914477666273,-8.349102299604633
20.765625,-3.6714923808233855,-6.687561980365864,7.399498433808246,-6.23771374998481
20.76953125,-1.2851773594902265,-5.655847398892461,5.608422754963181,-4.676137705285882
20.7734375,-2.3165417586787647,-6.047275732068139,4.360827294871746,-3.7744784797465227
20.77734375,-2.6780438086332228,-4.236843049114461,3.11128570687624,-1.2450873913032314
20.78125,-1.6173681607599497,-2.543732279936157,4.020273183588833,1.19879051823606
20.78515625,0.705315609809515,0.06355102186752781,3.036513488498219,0.6543036689768292
20.7890625,-0.9503164869848162,1.0132920851699792,2.4392241541810926,1.4609732894756065
20.79296875,2.729104018474357,1.887489110830899,1.0091863921611024,0.8342151702804843
20.796875,2.0575868586584534,2.23076407619405,0.9396891174587239,0.14902420004466999
20.80078125,6.0971868688175475,0.4389009076677193,1.446998334492025,1.9962789008756652
20.8046875,4.3351314020314,0.5226054928000395,1.6480844607465654,4.025718873353191
20.80859375,7.488637045781322,0.06983930555510198,1.843361455493899,6.027163717161498
20.8125,6.112263911016809,0.9215928301165522,-0.5859556838087752,7.542219304076253
20.81640625,8.209291625345806,2.0803373838008445,-2.245277192647784,8.340139758335889
20.8203125,5.187408689144952,2.306371949699499,-3.2494639147325817,10.247279524683833
20.82421875,2.0307713310427427,2.263311342360274,-3.207418515965415,7.785547391937824
20.828125,1.4097297410473761,2.8316772879829513,-4.469960758820642,6.067245671569232
20.83203125,0.5928827022656672,1.2139375024753014,-2.9400729538864043,6.101554553510811
20.8359375,-1.8186895664088247,1.8729794815379,-3.6384683025701308,3.9681801015630382
20.83984375,-3.473840927989582,0.7803202794258555,-1.485490131281035,2.811580797029636
20.84375,-4.080934932570441,0.5668974212738669,1.3898031121945473,0.9580330324102024
20.84765625,-2.2592194951437548,-4.460224230640597,1.9239077770940884,-1.9109610290364185
20.8515625,-2.4274682863806123,-3.6901803816735645,3.166073974450372,-2.7688332713492874
20.85546875,-0.7691157535539397,-5.640014336851739,5.4803746585511846,-4.074102126560698
20.859375,-0.6440530316986589,-2.5585568439788915,4.439849360247821,-5.011135306385728
20.86328125,0.45089828995526043,-5.400768328732057,5.170722465775826,-4.71659949665359
20.8671875,1.0754978749575796,-3.6403949132971394,2.5572970735994267,-4.076745276826046
20.87109375,1.3853430457717262,-1.4162676796261118,2.3381505289182316,-2.1991800948796665
20.875,-0.024823642616576214,2.4840244401602076,0.25781156271127315,-2.0480698653446243
20.87890625,1.0660814400341245,3.592598482550094,-0.4307910519019053,-1.810044158944383
20.8828125,0.02036083135349087,5.99982003969191,-1.3947865647448876,-0.03265170944865714
20.88671875,2.0445616503082915,4.7849210012662144,-3.0663999509680564,-2.9377522470149553
20.890625,2.4565585406344552,5.092850300146459,-3.5219969291230084,-1.2216123091465039
20.89453125,2.090226181599999,6.0195733256408035,-2.069963173229594,-0.4061589835332995
20.8984375,3.849650015833107,7.087953903309116,-4.339687125545999,1.934789981047475
20.90234375,3.396726873146621,5.002112914226865,-4.134754557090778,0.7007069038454621
20.90625,2.997596640726338,4.418252433889909,-3.6998392742901323,-0.9575119554520488
20.91015625,4.473722863325047,3.8992868002614096,-6.005602675230579,0.034566711733427846
20.9140625,1.9508425571330301,4.9892016233263385,-5.011956418850597,1.1003728453113601
20.91796875,2.168969352880304,3.6155994308109753,-7.253722204591038,3.4862367827805016
20.921875,0.8145238970360424,3.347813630370217,-7.020025573258621,1.5198731495952094
20.92578125,-2.235110493897824,2.9409666443606133,-6.667611832008461,2.406924561888614
20.9296875,-5.147684023889891,1.9535262584495265,-4.117352095682939,2.191722977298139
20.93359375,-5.7512234119957295,0.17380274888462516,-3.172897445296236,-0.26972132504174745
20.9375,-6.8154700151031316,-0.47661443031100714,-2.9683833862939073,-2.0809752533301253
20.94140625,-8.512172654163475,-4.585146794756782,0.4164578385718441,-3.824179617735943
20.9453125,-9.279204848722667,-7.375962685471862,0.5558176670504249,-4.600063109753119
20.94921875,-7.911705329658462,-9.085223762172753,4.967269258204046,-8.264830968246413
20.953125,-7.7153923359723695,-9.849543068293038,7.214546651903993,-6.522808664438627
20.95703125,-6.1290618685204,-8.780319622175458,8.36139982855575,-6.274221539288215
20.9609375,-3.66121824186527,-10.461829950884919,10.155541808025369,-4.3056149114639055
20.96484375,0.02976217948535531,-8.881807600746361,8.395410409837558,-3.912767855939559
20.96875,1.137907843316989,-6.86002197683948,7.452363664363674,-3.182629280554882
20.97265625,-1.3568675855386887,-5.111355417285995,7.318363774262539,-1.9655197704331233
20.9765625,0.30071713463119476,-2.334202369370092,5.6551135184939865,0.95500337374035
20.98046875,2.7324662514082325,-2.694197226087785,4.938732534941771,1.993941352054227
20.984375,3.1177145169692673,0.5202711892952996,2.7072655611933083,2.811916246229823
20.98828125,3.2788128226580975,2.3304667183488204,3.0120632806077245,4.132383831694144
20.9921875,4.560832614402518,3.201037552825418,2.6742283276842604,3.6916035579225897
20.99609375,4.075114415756211,2.8415481541251433,0.8732407772414837,3.9588130045486727
21.0,5.071033960009459,2.629316852075628,1.0166748112253525,5.667680757923693
21.00390625,7.679494755145788,2.958165991095558,-2.5749253943708026,4.938481388904825
21.0078125,8.94820548446441,3.68216690165974,-1.0144514851165023,5.09318599132693
21.01171875,8.453468327526261,3.7298993470830424,-4.591409810308685,7.799510338486868
21.015625,9.083793069648273,4.809317028959591,-4.102739020026399,8.058215259517507
21.01953125,4.840953783106027,4.133621115882346,-6.468310464679421,6.843560730486637
21.0234375,3.3775490017814676,4.989659463609521,-6.581081768107347,8.989978798238635
21.02734375,2.921107116483698,5.390943819586283,-8.17394201424955,6.556425539067756
21.03125,0.1870586853664326,4.744737686409192,-6.421000703422835,5.1337865858792275
21.03515625,-2.654935208432313,3.205928643172358,-7.367982207521427,2.2803486484673545
21.0390625,-3.0703916861147467,3.3307956703811294,-5.604321604728527,-0.17785686247487376
21.04296875,-4.85805171527198,0.9392437641108402,-3.6428062280947695,-4.5322671590148635
21.046875,-6.778372544391191,-0.9622771408563555,-0.03409049219018856,-4.676775365915751
21.05078125,-4.925023689444479,-1.1615425435924953,0.537110619745309,-6.51246845865444
21.0546875,-4.902082283068327,-2.314391957103252,1.9593960236673806,-9.446063170643018
21.05859375,-3.386737289705077,-4.158528148243779,4.068290976900464,-7.213721439345679
21.0625,-3.436998263866438,-5.16862916990414,5.557774433210928,-8.669605475810805
21.06640625,-2.737523018025378,-2.629905771824392,4.455827149800443,-8.250273884264448
21.0703125,-3.00528414397502,-3.980220326406266,1.1611540911409088,-5.725923999636142
21.07421875,-1.627315413212444,-0.9701863686461191,0.6538378150820838,-5.696077798940277
21.078125,-3.096977375118543,0.23608956078796928,-0.006981963201005692,-2.783313201016301
21.08203125,-3.8783056789132604,3.50671900311145,-0.3598435030542399,-1.828685574797559
21.0859375,-1.428095516866004,1.2299755545357278,-1.6272045696306745,-1.867142421677971
21.08984375,-1.406563953113511,3.969043658039847,-1.0103373404392535,-1.281731494715061
21.09375,-1.433840698253521,1.338166029941641,-2.1190485932198824,-3.0451919317158613
21.09765625,0.7318787221614622,3.006361056561024,0.7495636661213595,-0.9494967547329222
21.1015625,1.668294431815271,2.598244037278224,-0.11909361584120706,0.40634150883258013
21.10546875,2.836514839788485,-0.43017740719232833,-2.3735057025460478,-0.2009124442745429
21.109375,3.8271733263073378,-0.8475012542886591,-1.9476787474068413,4.258772971514658
21.11328125,3.7857100604524137,1.9867033360464168,-1.5228958161873,3.82527107762748
21.1171875,4.155942932804413,1.3057971693649035,-0.9997213914518588,4.929276836640986
21.12109375,2.1829893041386024,0.611026382109447,-3.765248174784261,5.71961091641312
21.125,-0.49556547284398156,-0.2380489980568899,-3.8826679635439736,7.421836230515457
21.12890625,-2.607764773758412,-0.31086513049850845,-0.7993117296523153,5.773813474359071
21.1328125,-4.021034505188455,-0.5226242590849008,-1.388959912920843,4.581715426391666
21.13671875,-4.115379915715628,-0.16318299795517732,-0.12863568718335416,2.7289637153523456
21.140625,-4.631760481426547,-4.507270231950375,0.8353854938568418,0.01542965641470953
21.14453125,-4.802811575685015,-4.483484733693389,3.351630981965233,-2.2781652997723656
21.1484375,-4.638201113936084,-6.04483645090816,6.3249396539713425,-2.897618635413092
21.15234375,-3.133534551461036,-7.670742927586262,8.959128993125223,-1.6348667152639447
21.15625,-3.2300673710197074,-8.27950240496727,7.0026941380686765,-3.2583794349510344
21.16015625,0.5433738995785952,-8.899607846032133,10.260244938110723,-4.486953224448674
21.1640625,0.1257606759088059,-8.061514397242474,6.981740875874852,-0.17630412323452438
21.16796875,1.788227520269795,-5.118102854179479,7.0042415726549585,-1.3147227860438235
21.171875,3.3048685258013784,-3.0630886233769967,4.456459017848487,2.3855251323568245
21.17578125,3.910624788029817,-0.9407081374275615,2.6924171562727297,0.8605172935531943
21.1796875,3.966513265937522,2.972971544392511,1.8499214723233819,1.256327602711877
21.18359375,4.672890224163879,5.407758743964457,1.7918738695835001,1.1530439462360775
21.1875,4.378179651124081,6.314202442972998,-1.2907314223027426,3.3275135325672216
21.19140625,4.050099190514892,5.605154563187466,-2.5394143820598094,3.648460905284629
21.1953125,5.141028318596273,6.38994798335681,-0.8998679789534005,2.543641657682061
21.19921875,5.787078661568613,6.684782115356791,-3.300546173858276,2.3901118096552594
21.203125,8.6436625032511,5.684889018150975,-5.059786923367862,1.5861930630968637
21.20703125,7.310940518282466,6.399655829682426,-4.0108815529430615,3.6694390273015682
21.2109375,5.001983571655141,6.258498434179345,-6.419231861322894,4.7294766611603345
21.21484375,4.428356404828875,5.048872771569865,-5.572674921987087,1.528347054109497
21.21875,3.8647260556971386,5.722037614460288,-8.808834747581425,2.811745672643328
21.22265625,0.9179007511304228,5.88693148230144,-6.223357593219367,5.139529233445343
21.2265625,-0.11779523808060927,4.803083899688282,-6.380015921954666,3.3731684819841257
21.23046875,-4.369961359458945,5.484041752322992,-7.892974884435822,0.2932989826003336
21.234375,-4.567076296137644,3.307739872645836,-10.141164907457597,-0.6035150824532008
21.23828125,-5.457611678357393,2.4723823674266763,-5.054556518974984,-3.0438453440253332
21.2421875,-9.82862863662538,-1.3095575637022971,-2.6826796105728667,-5.069005564056708
21.24609375,-7.485931878584141,-2.7784122288733357,-0.5180650540527801,-7.188539755797881
21.25,-8.30490828374265,-4.566222034444704,2.073726647648406,-8.32061947696394
21.25390625,-7.962846585892444,-4.5409829818850636,3.6081473781195905,-9.759089259280168
21.2578125,-7.063453448356819,-7.40721309375216,4.664460304627367,-8.165645783688374
21.26171875,-5.251518045841527,-6.556030406589846,7.901836824235378,-9.34416472627112
21.265625,-2.355514593564658,-7.605909745794123,7.593904356311158,-8.723085218656877
21.26953125,-5.361942090415045,-6.672928633060598,6.963331070350096,-6.5266963670711124
21.2734375,-3.636979973054776,-3.468872364347794,2.9198749268553867,-3.400823322449759
21.27734375,-0.8802842329115383,-4.381924232189968,5.89562368904547,-1.444504784944236
21.28125,-1.6953418806280638,-2.016097986427938,3.375495122051981,-0.3883116783629127
21.28515625,-0.7261894289440123,1.1421396649823008,3.6677102629008402,-0.04403701659621767
21.2890625,-1.3667440098118198,1.7805518867568308,1.0344245463510826,2.0516954173752624
21.29296875,1.2435266544505639,0.5207424762179411,3.750765899334345,2.164577777116882
21.296875,2.590062022922078,0.8776849800325954,2.6756664226934426,1.3880302868126184
21.30078125,4.7434936253692905,0.3743646054001575,1.5045571296504574,3.741802365056828
21.3046875,5.096423595752211,-0.3423916359592687,2.255542523469675,5.341251610808603
21.30859375,5.5982843695744675,-0.5277819644357045,1.4801567092473706,5.416822469613129
21.3125,8.864082477250209,0.3798872241614404,0.047977108596512275,6.2483908076225445
21.31640625,7.185642479347323,2.871405401097432,-2.7012294439495443,7.421547730708669
21.3203125,5.654416385528523,0.38755437023689887,-2.29951594334701,8.47691185653884
21.32421875,4.31671286861939,0.8006167257443302,-3.32031906590311,8.577387147825407
21.328125,2.9382369912199673,2.3553865517228667,-4.408077484287658,6.207545650016061
21.33203125,0.992996849292885,2.134065394614742,-4.122568264402437,7.166724654280605
21.3359375,-1.174136883574297,-0.41262198487121093,-1.8832068867187044,1.7207298234504433
21.33984375,-3.2131768473465083,0.8092795485912854,-1.723764497090819,1.8924739338955292
21.34375,-2.020992113068313,-2.570689673697888,1.8132529326774318,-0.05636053793047169
21.34765625,-3.253159700025139,-4.224538827942771,-0.04704851744310612,-1.9417726042134658
21.3515625,-3.0085111250833236,-3.8601681734601536,3.2810334071967673,-5.303085297355087
21.35546875,-2.44964379812149,-4.313740406402522,4.309939190258911,-2.7783061677570364
21.359375,-0.32408291566967684,-3.7482800917465022,4.044893483852724,-4.797914365329165
21.36328125,-1.503367929853321,-4.849268783389492,3.4947614625430052,-1.8724649735912453
21.3671875,0.5923934523704413,-2.0313978410505293,1.9205267351710253,-3.234408726259699
21.37109375,1.8584455278556886,0.09105586900609675,1.3740875992459576,-1.5154721748754088
21.375,-1.3065977196217937,0.28421180189764095,0.6724758737360408,-1.0068258821589922
21.37890625,1.3292657073738268,2.1282402684140136,-1.1850322118818877,-0.08227569284125491
21.3828125,0.9763933495533391,4.70491370521454,-2.553644681344811,1.7427242246748715
21.38671875,2.1205200380362776,5.580759155045571,-4.555410677962152,-0.6297294263820572
21.390625,2.4185990343601373,4.878042610311907,-4.126778160644651,-1.89360514418655
21.39453125,-0.07383533497607231,6.9662388525829195,-2.531346748384004,-0.6941052943188003
21.3984375,2.499361016965906,7.146868907778312,-4.37973325950219,-0.9688389740523528
21.40234375,0.8599378798208956,6.925513342229208,-3.8446533044030637,-0.6496490585448523
21.40625,4.281362686865307,4.743685188666383,-4.596670448510826,-0.1938746673240278
21.41015625,2.588321076606162,5.108967388134435,-4.298111970347059,1.5708469808545287
21.4140625,2.9733658221908246,2.706750802215872,-5.289746268841489,3.2362012957496855
21.41796875,2.4330880024416794,4.371344517320326,-5.412707736687555,1.9354837059783907
21.421875,-1.356399644075255,2.1339740811409893,-5.352088354548651,4.795327529183176
21.42578125,-2.598780563333909,1.7397916970420582,-7.541076978151446,2.925446156540713
21.4296875,-2.92789716561985,0.9126744161763369,-4.599045021818286,3.3669324840629105
21.43359375,-7.661892990700041,-0.9491186141938319,-3.9691695634451465,-2.3280372118532133
21.4375,-7.305783636033101,-1.1714485119122804,-3.611827327270944,-0.8865479526208063
21.44140625,-8.65111770831049,-2.7697697876292784,0.3848896992358854,-1.7212947238925744
21.4453125,-10.180170755695293,-3.479461422181095,2.976287720967475,-3.7273586305839013
21.44921875,-7.812077032675508,-7.111176805914447,5.527740685764435,-6.181942490851912
21.453125,-7.861251082815977,-8.686772624596072,7.318513088383286,-8.45575369545323
21.45703125,-5.7398137936055775,-11.297819100817197,8.81641765136047,-5.898400834777093
21.4609375,-2.721419121223933,-10.076884760029145,10.423445037290865,-6.088781262277741
21.46484375,-0.236879077765342,-9.703880867296066,8.742284983302278,-4.799575499481767
21.46875,-2.897814313578119,-7.274486162235059,5.771141442138177,-1.938924664247103
21.47265625,0.40186896923673454,-4.9145824127741164,4.740559277842321,-0.6013223112682505
21.4765625,1.4823295063032138,-2.705361613274685,7.212873019393955,3.031114035544854
21.48046875,2.707542064691991,-1.9620597264315345,4.501288210150785,4.603997299515831
21.484375,1.8199203050298547,-0.11982477423852844,2.609771964717556,2.2847160971353144
21.48828125,3.7081927676444413,2.7869671984070306,2.355247393000572,3.1762435087456327
21.4921875,3.6581944747238166,3.280233669706237,0.7892188820898363,3.5276388307800035
21.49609375,7.2499948345967375,2.2032036276672082,1.191616745217377,3.257824287209617
21.5,7.132185386667647,3.7714271665731065,3.3229899829545317,4.720956949308898
21.50390625,7.946751726697368,4.782762239450065,0.43298844449909035,7.386428373811359
21.5078125,8.857432959395487,3.217308860898416,-1.376182396255026,7.1426460323649374
21.51171875,8.132134321700114,3.6755758834375074,-1.6319115033910458,6.788769727857855
21.515625,7.63746539034709,5.307899732183211,-5.432743509068794,6.077846564905078
21.51953125,7.260646352335241,6.624073077604898,-6.06663853943672,7.482083307231367
21.5234375,5.201608970259218,4.174277664003608,-6.562318218379431,7.561599479746615
21.52734375,1.5670383387586524,5.298483101036803,-8.449127440085096,6.986464160894061
21.53125,-1.4302662933035357,6.301306003546044,-6.575858701901095,5.020564810241634
21.53515625,-1.2589891983561063,4.67563720711754,-5.393620785283661,3.4262509964139998
21.5390625,-3.9820065071029633,3.8313903033911605,-6.693704252784865,-1.80564738486936
21.54296875,-5.732763128045408,0.1896785144402129,-1.8636998027257425,-2.2100783060289566
21.546875,-4.505858469986313,-2.0069517627004902,-0.8909263942244117,-6.529611010064851
21.55078125,-5.193546694134621,-4.030968827607243,1.8456751626445975,-7.381226111798425
21.5546875,-3.7196860850468534,-1.3833458093200242,3.261705231747176,-9.397378807111467
21.55859375,-4.349958860048875,-4.981152737796171,4.646792937844372,-7.940495744230223
21.5625,-3.5813625648097456,-5.225917811145725,4.7610674297882145,-7.8820839971554175
21.56640625,-1.547064657913105,-2.773196185650029,3.0629882992012836,-6.033217625517824
21.5703125,-2.6395964702571786,-0.45270622601601707,1.14397823308845,-7.32564604452123
21.57421875,-1.593364828100046,-2.043356521767583,0.8428324259202247,-2.741121880371934
21.578125,-1.2280802678207783,-0.6692942651373096,0.9896310189266815,-2.97628094685662
21.58203125,-3.0449755042707287,1.3783322415730557,-0.8852074696120579,-1.839996773972918
21.5859375,-1.3971900369371033,1.7833378685602224,0.36247942251536236,-3.4615240076849663
21.58984375,-1.2476993449486087,5.7093605414992705,-1.7692276330319285,-1.7961431113770787
21.59375,0.5937389461909599,2.3656975637859228,-0.5382667414547609,-3.2300015075937094
21.59765625,1.064354204503366,1.8269842648792531,-0.96093780682878,-0.5466352591582261
21.6015625,1.0219312619431435,1.0702130427567735,-2.3981992345977523,0.5035897321533561
21.60546875,3.103774141968558,0.13989416753400552,-0.6413696671737266,2.1572419858548098
21.609375,3.649828243020896,-0.5770477301699102,-0.03079743903040233,0.8993313687779092
21.61328125,4.071962203234128,0.7789042846052526,-0.7234552109959915,2.3790052191825257
21.6171875,1.878860551307565,-0.1137835761578613,-4.132194367885122,6.63343997862966
21.62109375,1.7817752266578377,0.664612067042483,-0.8730767596983586,4.627453240767144
21.625,0.20531718455404735,0.38013300415499035,-4.393564653683865,5.195073368973988
21.62890625,-0.13355148786216908,0.0005265494178490759,-2.926566238418123,5.3801194833190085
21.6328125,-1.8295070517466774,-0.4206104958919813,-1.413448443168083,4.185171369243061
21.63671875,-4.843685942638879,-3.246469644595142,-2.2719174185346387,1.0086093513439705
21.640625,-5.277594718177241,-2.551797358844758,2.1656742198115273,0.035692968261470975
21.64453125,-6.012797458025104,-2.5943257035914082,1.8969266776258527,-1.2291175476379865
21.6484375,-6.63860543288248,-7.321964763880929,3.50086523660013,-4.539818517023546
21.65234375,-2.5031122124916836,-7.612233436108771,6.9545036442969534,-3.484966559497038
21.65625,-3.468850485155424,-8.855172277191588,8.359059445775463,-3.1198863781313673
21.66015625,-2.786105493480757,-7.030496295788171,7.7355034259376945,-1.9030719886441387
21.6640625,1.0798635583939853,-7.111406365595936,7.327366838298941,-1.1091611659815124
21.66796875,3.1507229423919787,-5.500781488602324,5.814694275858614,-0.9471319027169958
21.671875,2.3685669382330987,-2.6093095457852282,5.899371962243297,1.3204675113676412
21.67578125,4.354226150885219,0.07934286817632785,3.4388339939471066,0.9193200801084213
21.6796875,6.494810118991996,2.084133293067088,1.6629388194184147,3.1754940496910544
21.68359375,2.9675810385940364,2.399719898752056,2.2289659299281572,4.211726637759604
21.6875,3.2740192376645108,6.825564310074309,-2.8029779867895415,0.8479014641405693
21.69140625,5.2224562492500946,8.296923238933338,-2.171401401730051,0.5091264411103502
21.6953125,4.77764613312432,6.326477542741045,-3.6849014062468086,2.488605965801424
21.69921875,5.249059174452235,4.842030933310712,-3.890738721400554,2.0978132912571876
21.703125,6.831596378939871,6.495057929191039,-5.344166666208825,1.620079551113658
21.70703125,6.454949232933446,4.368443272447807,-3.179379852023123,3.2906973570690026
21.7109375,5.759662789184574,5.1974116765192155,-5.804611322086066,4.093892051027837
21.71484375,5.385943296721865,5.697700936140275,-5.736667469989868,4.506109948042084
21.71875,5.465351264046095,6.183083570507679,-8.259281209729284,3.9002334518807094
21.72265625,1.2164733180601668,7.859114041380105,-7.875443649132783,3.37184454034427
21.7265625,-2.0876216427174947,5.688919252118468,-8.412358373910903,3.356065025034912
21.73046875,-3.1055944204318244,5.2707601321270445,-8.160924491830826,2.8613849675252556
21.734375,-4.893997978761767,3.6253514124706463,-6.612376378322324,0.38262705477547554
21.73828125,-8.922750624313872,1.5479586098896418,-5.7764196110385795,-4.695743099290319
21.7421875,-9.275060680902278,0.2040266951009565,-4.357318281650168,-6.847944188851274
21.74609375,-8.334726056225174,-1.2859490591079608,0.446203773503869,-7.874036930693446
21.75,-9.34291543773196,-6.67254202592375,1.1587522336714118,-8.464216424131884
21.75390625,-8.463551873786106,-4.466733465952267,6.226767008338494,-11.542164739548387
21.7578125,-5.730030603403761,-9.340250967022783,5.449695762553868,-7.961098933739273
21.76171875,-5.057086696238076,-8.571624812961641,6.011454805836094,-6.76395041837702
21.765625,-4.660995071367092,-8.28553994310534,4.843330693865109,-6.964676483243258
21.76953125,-3.4896391670571973,-6.767292467865678,4.766663794872442,-5.990088317677974
21.7734375,-1.7700820232215069,-3.9818426186386082,5.252173356035252,-3.861272813620153
21.77734375,-0.9389304968014932,-2.9287807405409576,2.0795990043853214,-2.7853993632220346
21.78125,-2.7765290143002734,-2.7923394948506286,2.9695454136380315,-1.4964444519388183
21.78515625,-0.8349075717554657,-0.4928215115022684,4.004856837645175,0.06227658779883135
21.7890625,-2.1000827251755356,-0.5788500216707833,0.901499237177535,0.8428407657244853
21.79296875,0.4183812396118598,0.37256635301434804,2.1686270794787803,1.4717342333184844
21.796875,2.475134771464162,0.7283198026044696,2.5661707148111312,0.5368196456700489
21.80078125,5.459891668850473,0.6472420337291807,0.3047381877605304,2.980751782636285
21.8046875,3.8320330983310757,2.138589644052818,2.0672908815609263,3.9115106430998567
21.80859375,6.80775261325629,-0.8193608728279484,0.8403579913993525,6.676209395776548
21.8125,7.5741175148916255,0.5751886587059464,1.0033538888871072,6.032824648661931
21.81640625,5.273414064288391,0.8845679146808848,-2.463151333906921,7.669279513502507
21.8203125,5.220327737206606,1.6490811127035299,-3.0445110604033903,8.025896773790722
21.82421875,4.029935214847971,1.5098225630330142,-3.3454507340739665,8.223660782219882
21.828125,0.9869487228280713,3.7529208089741517,-4.807980213350144,6.4748615989828595
21.83203125,-1.263878644722742,2.7824873543492608,-4.2982786382503,6.2758253661675125
21.8359375,-1.8388301008359338,1.8799261325140848,-4.763623248554103,5.104654734028389
21.83984375,-2.428420622009248,-0.15172711530091681,-3.0325011504263033,0.8349776938909831
21.84375,-2.9745586330390803,-1.8549393829546217,0.26426549687231193,-0.12651202323768646
21.84765625,-2.467923648094511,-3.1246967739617912,1.6452558709342413,-0.9563848612408294
21.8515625,-2.445752703867914,-4.021808551186396,4.042329257489827,-4.275031441132674
21.85546875,-1.430265892044555,-4.155292521397974,2.5434335817781797,-5.733321892843481
21.859375,1.2190742979382838,-5.2882232871013395,3.4699720149058795,-5.393682457231707
21.86328125,0.3954414102019077,-4.695899474876956,3.3855634957624163,-5.7369301722220705
21.8671875,0.5504857545537275,-2.4227784263522065,2.8037226575274987,-3.740994502966474
21.87109375,0.2051167942354446,0.7728050341277826,1.2685543435275692,-3.4051128593404187
21.875,-0.20187420675451206,1.0278442118572344,0.08782744718336022,-0.8790026357733506
21.87890625,1.4598853566239556,2.459347743734998,0.12714534102998187,0.26016587413228875
21.8828125,0.8284658499709885,4.677285433576894,-0.4368174300367855,-0.2627454334934963
21.88671875,0.17788901728583517,5.361562788337771,-2.552748374570831,-2.3252105674040733
21.890625,1.2597880408656967,6.299812089127222,-3.189177590908647,-2.237214463917116
21.89453125,2.1818875508082876,8.153414711814087,-2.597666652520671,-0.9808982733805882
21.8984375,3.0727031022673326,4.889665547264443,-3.954993486737983,-1.77196588774388
21.90234375,2.677229818224695,4.1571572638268774,-3.8490510111530436,0.6524444280807733
21.90625,1.7948061518030147,4.599185119320848,-3.6320092213767845,1.4314931401586617
21.91015625,3.160267831127926,4.1276727814899274,-5.075315185282435,-0.638712010372106
21.9140625,4.313406690098341,4.142400164940235,-4.234358534975188,2.348721293107247
21.91796875,0.0070500127043966465,2.728281658920506,-5.251112209544729,1.400387093709745
21.921875,-0.17446292549325104,2.6470487685405772,-6.63297659058715,3.898113284904027
21.92578125,-0.5970436178556477,3.684021083179733,-6.278099999760435,2.486838177344739
21.9296875,-5.6313389528646045,1.729177607414897,-4.193634898524546,-0.46984182285285137
21.93359375,-6.863340111373088,-0.7017326773820236,-4.009794755926526,-0.37514448695384855
21.9375,-7.5931737078168,-3.0166860603369114,-0.7538541732863464,-1.029903860183556
21.94140625,-8.486259302482939,-3.9388852566620125,0.32570533433214166,-4.635355905023753
21.9453125,-8.57531490343208,-5.499465484479345,4.51371095700776,-6.157897398891108
21.94921875,-6.686784341592955,-6.0076199378127155,5.612002380404037,-6.816319190830324
21.953125,-6.856921475668361,-8.33990253028215,7.474766603653529,-7.758723145282248
21.95703125,-4.996477077280271,-10.098229001282046,6.7563187959035,-6.769286436600377
21.9609375,-1.4795947672749734,-8.958730981844905,9.323607221183147,-4.2200180900873
21.96484375,-3.1003286671460573,-9.888594057322447,7.857995879619619,-2.6390612992237665
21.96875,-2.2668994792893473,-9.372516660766056,7.792667535564894,-3.1760300545185256
21.97265625,1.6523300426326362,-6.623459023935427,7.746429776790294,-0.4397446413086482
21.9765625,0.28293089630170143,-3.1849306218048543,5.53243182086654,0.8941327549023207
21.98046875,2.1950834077449053,-1.3580474002473466,4.6062028903947,3.1581558751334566
21.984375,2.9074967864091543,1.3304539580942254,3.0136856157037073,2.3376633443854464
21.98828125,4.582836297861953,2.381170324306055,3.6356769852050568,2.8872838089890047
21.9921875,5.37235823967114,3.7682802971717266,2.6011774710890134,4.627331669296245
21.99609375,4.765885985262586,3.4598702257469576,1.1721859845228084,4.485506859182949
22.0,11.42824945965056,1.944894146933762,-0.02755274711480188,4.0530024726952485
22.00390625,6.391570431159131,5.306588990799643,-1.8303858380235771,6.486518593653257
22.0078125,9.634349880270415,2.612586220172739,-1.644936640429168,4.276881713565159
22.01171875,9.043575085688945,3.965002492214532,-3.107368923332319,6.794632231327013
22.015625,7.208191251952279,5.121395006928342,-6.707232003501499,7.59063648016328
22.01953125,8.149342904556951,3.739082802834496,-6.857055299970055,7.886098053749461
22.0234375,3.3805642032035355,6.295944598432041,-5.876167289706068,7.46981966057682
22.02734375,1.1701303587868712,5.70686981313838,-7.12560378203674,7.737944746591383
22.03125,0.2758416499082372,6.371606193808882,-7.575748757674663,6.624375213944987
22.03515625,-2.9598114637912545,4.178437696590507,-7.498199380258532,2.8428416905330405
22.0390625,-2.928726003194013,2.9199717768895086,-4.965909969046756,-0.8190058378297027
22.04296875,-6.861675339687496,2.40318739612219,-2.0076914247724034,-4.1569788394432186
22.046875,-6.982778047838899,-2.2911823472196637,-1.7741772922683094,-4.321101205312645
22.05078125,-5.01279148561519,-2.063952163528631,0.49946759499042587,-6.872926408102965
22.0546875,-4.02506527446723,-3.5473930596210974,2.5397163448852846,-9.553593349343565
22.05859375,-4.7475807024363625,-3.266110305980099,4.375104970191048,-8.060989561205092
22.0625,-2.212163719749958,-5.3912962118732395,2.1903139029327834,-6.15253704542122
22.06640625,-3.616200868435515,-3.818303880623118,2.4763728632940607,-6.685923003909395
22.0703125,-1.0316118584936411,-2.6053783373484127,1.6618417437393171,-5.075575954585648
22.07421875,-0.3980651487095195,-3.128153793486967,1.5037249057920261,-3.019663734718887
22.078125,-3.108637161151755,0.7224900659536906,-0.11227304101180191,-4.2814915593816565
22.08203125,0.0653062125869559,0.1980953373440848,-1.0583969902952473,-3.7367717067795785
22.0859375,-0.43171907659687725,2.975042737312289,-0.4226346502781556,-3.6374512694054175
22.08984375,-1.2826463098019074,3.8477662863502395,-0.29657635167553364,-2.761570167751089
22.09375,1.4863674522310888,2.937755938532953,0.24307316845966465,-1.7564811369512128
22.09765625,0.27907875728433545,2.0949024954768607,-0.7598456952494197,-1.3933329918366542
22.1015625,-0.5750497393837954,0.6334684535736121,0.6300827004036457,1.150953330130599
22.10546875,2.0383321623825785,1.4579173985525145,0.041911354647052756,2.848948059655377
22.109375,3.067043666944972,0.586812849226655,-2.456932308429085,2.4918655007635895
22.11328125,3.6974397665173035,1.3582722478589326,-1.1415762620775163,0.9558682225381494
22.1171875,1.904191582556955,0.006073991546463205,-1.9559227016352532,7.164633180443609
22.12109375,1.2850928989601882,-0.5664574306075599,-3.1866493615131692,5.268575490395861
22.125,-0.773156886672108,1.0248222679472674,-2.3659865797124655,4.974272860177286
22.12890625,-1.9400778829377205,1.3743191127693435,-3.147769608250578,6.398647226916955
22.1328125,-4.021131336339643,-2.0464735428891956,-2.16728112162437,2.6989182491244996
22.13671875,-4.487652698194174,-2.5491656985922058,0.7215547304501135,3.59986823623529
22.140625,-4.195885492036209,-4.263517157685985,0.342753170041203,1.0573009479146758
22.14453125,-5.521587369258649,-4.347040326943287,3.3809443012511418,-0.7774304475947635
22.1484375,-2.802573245294128,-8.020185260920549,6.921736855919843,-3.4648515403226163
22.15234375,-3.0045316655837593,-8.328404920025356,6.3787221679983,-5.088250884493059
22.15625,-0.8470392341331043,-8.935695380822953,7.207070570144532,-3.37114866814258
22.16015625,0.464679593685859,-6.553851608115367,8.871092554696986,-2.03655363929221
22.1640625,1.6241866799779168,-7.8370132163842126,7.864959999060471,-2.948011570116253
22.16796875,2.8515198079272084,-5.980802164311832,7.787441174308381,-1.190158478722351
22.171875,3.9963252664582933,-1.2913088383236413,5.398821506339866,0.33183024563825814
22.17578125,2.6434683361477127,-1.1480571015765189,4.285444662789478,-0.24625175110843855
22.1796875,4.321561087374261,1.6660592597446993,1.4869952505180812,3.2284351572632204
22.18359375,4.852189140621326,5.646430859020111,-0.4805371771440282,2.324058002487105
22.1875,4.99245848303429,7.809228929670828,-2.428845142974454,2.09412391545378
22.19140625,4.5306222834866725,4.981999524414052,-0.9035192219024917,2.4516928699184164
22.1953125,5.814065857275693,6.041723151324524,-1.3232597480654384,2.189462762816762
22.19921875,5.156547252783654,8.067728362607046,-3.2746471463312994,4.846503660476684
22.203125,5.203430636212231,6.446193757802276,-2.8343072481053158,1.9650003017137863
22.20703125,6.684200405968521,7.481345082906829,-4.929749648371432,3.61580361249159
22.2109375,6.901943629162898,7.46298812031097,-6.1648116594730915,3.13141984837138
22.21484375,7.16562093851685,6.381006165624666,-6.599127418820302,5.712520820498178
22.21875,5.130011788160459,6.087410215467882,-6.910324986731694,3.4335024068209075
22.22265625,0.17990410012081748,5.659513098790848,-7.96355546976391,2.887149649978458
22.2265625,-1.8210631398922785,5.620868864887373,-9.053879274556431,3.8295706752796774
22.23046875,-3.9434291263340286,4.657488348748961,-7.562998138335269,1.4032706937648887
22.234375,-5.558636290138745,3.0821723958651863,-6.303863590171781,-1.6011233563877738
22.23828125,-6.242578130610793,0.738395248847831,-4.404378763891271,-2.1238803128985135
22.2421875,-9.240736022889628,-1.0189087694999708,-2.194427088747227,-5.741771963936779
22.24609375,-9.831845431987006,-3.965103867725473,0.4136460234300665,-8.061246961656426
22.25,-7.148306073741807,-4.143156489195722,1.388194498927426,-9.964630131144162
22.25390625,-6.324711020844205,-5.879321059655292,5.156813837691698,-10.078200102020638
22.2578125,-4.941833949691743,-7.409744238784835,5.004741231526694,-9.21121238348353
22.26171875,-5.6542229498463765,-8.482835588506282,5.904191797194951,-10.66090174749132
22.265625,-3.970717861290538,-6.253484169063025,6.895008143156821,-6.04252677365758
22.26953125,-1.9816284320996223,-6.301708344496152,6.172429868701492,-6.725944895802972
22.2734375,-1.204403483406825,-4.184617755702867,3.5547005950106656,-4.415973328826934
22.27734375,-2.380585939838149,-4.261912857384251,6.987183523010156,-1.4934505767154513
22.28125,-1.7016829056154226,-2.3758929370732695,3.6765268258326245,-0.31017184658812824
22.28515625,-0.4522032950409143,0.2650789604816154,2.502387432116164,0.9221585582167342
22.2890625,2.0025150437903623,-0.10098405043863101,3.869973437210013,0.026539350820529717
22.29296875,1.5953536285864551,1.1456840357952625,2.8953841451516555,1.9447818922788365
22.296875,2.6545479410475665,-0.1296666177735435,1.9129298945990738,0.9376114245436196
22.30078125,3.532515361738402,-0.840699372669685,1.397033356657377,5.491622238627658
22.3046875,5.386242917935392,2.170386866957637,3.255556017736998,2.8157222992306594
22.30859375,7.042887284114893,0.8460819176218639,0.5534104113530081,3.6067689309659547
22.3125,7.101966850621795,1.4106545129660528,0.7520963700409105,7.07108723505707
22.31640625,6.904152650831352,1.5699066172139997,-1.293995974465707,6.885213582461342
22.3203125,5.587814509649042,3.0825142304562565,-2.7118246148095073,7.413799636977609
22.32421875,5.347607938203792,2.4750359960912927,-3.2070393839330382,9.773554360348614
22.328125,2.238217034187537,1.8748964097081946,-3.838022609868112,7.2830550462577355
22.33203125,-0.5863418436909639,1.2568944873320875,-2.664908747264419,7.052447375473535
22.3359375,-1.9195294454291796,1.3536170981810765,-2.4079690836524543,3.4863514254913355
22.33984375,-1.0819066831853859,-0.1290911471598737,-3.0187107801327144,1.077068876214724
22.34375,-2.32908002828765,-2.2273715137861014,-1.8939514301960418,-1.223973454214973
22.34765625,-2.254346491001683,-3.312562278716262,2.2480818542943872,-3.378346424139242
22.3515625,-4.532835279216027,-3.239192605296183,4.720354428778165,-5.138694760656047
22.35546875,-0.35132256453529775,-3.780244829666675,4.890460138063274,-3.7846533538382383
22.359375,-1.0578725601230707,-4.90192268700638,5.077031845369285,-5.885432884948466
22.36328125,1.768230912116618,-4.1157304678860624,3.7704252461430414,-3.9928528834782933
22.3671875,0.20151530193259226,-2.994491007845066,3.041466367395325,-2.8559510385054643
22.37109375,0.9476114575192596,0.7139039630604036,-0.08073837046289212,-1.475407378056326
22.375,1.054614399737212,1.1246797296881437,1.3030305591112046,-0.8299523428455525
22.37890625,1.1047116224056412,4.47631804273068,-1.3198341192498901,0.3793404888742038
22.3828125,0.5425450570120647,2.0985986777740315,-2.9151472931656017,-2.7714495447196685
22.38671875,0.8787461137914598,5.3550821033344755,-1.891025758033357,-0.1579844015187153
22.390625,0.9486738762530449,6.792055122180397,-1.157876064978392,-0.43960295098071206
22.39453125,2.396350781615645,7.026832436616924,-3.7028852702315413,-1.686473497950574
22.3984375,1.91968300000541,6.762925791914169,-5.430605954869581,-1.246112277325519
22.40234375,2.4857556130382568,5.1812935867026795,-3.1465560793727265,-1.2089232555990963
22.40625,3.5334211498671664,4.4353944028471455,-4.860130383199335,1.3123528668600097
22.41015625,2.1113231165879904,4.352663647289225,-4.089673994142397,1.4661254392059302
22.4140625,3.001655604349321,4.054239057899775,-5.244288277739183,2.0328616399428783
22.41796875,0.2691375626285364,2.1891663254520632,-5.62641193414615,3.199001963296472
22.421875,-0.5221817743270125,2.085696352741481,-5.525808802667238,2.792866798422386
22.42578125,-1.2952518225293468,2.55660071227469,-6.653061729566783,3.123776837422687
22.4296875,-5.023915416142765,2.410965836605295,-4.533965190320875,2.2932349434930295
22.43359375,-5.97030158549475,-2.0783552699246988,-4.9521665744249335,0.2998039408185251
22.4375,-7.550647642130034,-1.9146373648108694,-0.828907089548889,-2.4942270616007995
22.44140625,-10.40414111936547,-4.640205586799151,0.37927112087067927,-5.208091305046619
22.4453125,-9.363553776496996,-7.45224319654549,3.8605933970484756,-3.6975821479958526
22.44921875,-7.2804526074809885,-8.491258259865027,5.058660285299313,-7.011146860747553
22.453125,-6.449568811416298,-8.537117406192825,7.799019754435493,-7.148441765323251
22.45703125,-4.45925176494665,-9.991266962065025,7.581124713583106,-5.698792915066841
22.4609375,-3.8726402300674985,-8.545674561533394,9.745934072793418,-3.651387748709857
22.46484375,-1.0837060498826663,-8.397711218031937,8.936147096394714,-2.4637574927265486
22.46875,-0.018944058046344137,-6.072822852281509,8.545589231446918,-2.1566692286980382
22.47265625,-0.9290283031137161,-6.005056181111361,4.5299441574462715,-1.0110516065742958
22.4765625,2.472821983999226,-2.83863080305367,6.610488084447234,0.09467884496093992
22.48046875,2.2255732858520387,-2.416017416603415,4.872212922987821,1.9132238740049645
22.484375,3.3927821689002666,-1.015080398237547,4.156138107003732,3.276022689475335
22.48828125,3.246537304965242,0.3192025151379614,1.8002767706973868,4.304144156355543
22.4921875,4.972913636234023,4.760396794809572,1.8539894859082167,5.206198604338484
22.49609375,5.945430196660973,3.5332098837357337,1.5096880049444685,3.861583241225908
22.5,6.865424900270374,4.124934851919886,0.9813252141937081,5.863463148185367
22.50390625,7.563867675510208,3.884185304171602,-2.660381547748096,3.806191959475413
22.5078125,7.135193025527233,3.267893890379751,0.07879088494676134,7.955749682110165
22.51171875,8.808473488107529,5.386370711279037,-1.5946734884356693,7.358657134576623
22.515625,7.825826903519143,5.360777175064424,-5.305244380545298,8.262562317070557
22.51953125,5.53707514713377,5.810441967216114,-4.7509666112854285,7.297202586394623
22.5234375,3.7862919960773813,3.8497812601127785,-7.7959062566917146,8.464973071251398
22.52734375,1.2972714037615416,5.740338834152625,-8.918743523700442,5.670327017714724
22.53125,-1.6609594293125685,5.258141076328704,-7.863132703136803,3.1467492295695325
22.53515625,-2.113763020040142,3.0013860339126577,-7.301205586115545,2.9166998676824583
22.5390625,-4.407095512945618,3.7819229823819454,-4.380960762909197,-1.0058720597611024
22.54296875,-5.358469168842208,-1.294529692815431,-3.2720445160917895,-3.46493084878194
22.546875,-5.720345408028602,-0.32062838784199177,-2.0931339080148543,-5.288371619062567
22.55078125,-6.566968620399102,-0.8365492876121741,-2.027310596078474,-7.868308351891889
22.5546875,-5.52535094269195,-1.8666311150353456,1.5907106923782066,-9.151930373185076
22.55859375,-2.692677787433663,-4.487066872028102,3.1056354558129033,-7.773733577569054
22.5625,-3.6540498017185508,-3.878244357873398,2.037880758387005,-6.120687016500185
22.56640625,-1.4272190138522687,-2.1242428947927547,2.903297782121338,-6.882676914622369
22.5703125,-1.782523762136144,-2.2483843820470244,0.9427511998882672,-5.596773674709537
22.57421875,-2.178221667165926,-1.7823189122850718,2.75959123191529,-4.12389048018107
22.578125,-2.6165069370319545,1.041220776339061,1.8554349970617372,-3.1880149280983896
22.58203125,-0.6817100581577986,0.5104280681573148,-0.24030383015780646,-2.9425754273456843
22.5859375,-1.083151979595047,2.7583367191978345,-0.7770477602247101,-3.1249237077557943
22.58984375,-1.0884669907220825,2.027751855464391,-1.5203058537718583,0.01352820441731084
22.59375,-0.5110693055054174,3.8493030173604437,0.5748887802120546,-1.2795895207829393
22.59765625,-0.6290910193077723,2.970857970527638,-0.9962409266577203,-1.9928449221862126
22.6015625,0.4860077438796395,2.397012643561478,-0.0005492914750286626,0.0037272772747429517
22.60546875,1.970765410282076,1.025263822165856,-2.31067546978651,3.022667114425359
22.609375,2.466784458092431,0.46293476267149575,-2.0123609587725095,1.4553546721286543
22.61328125,3.368814796951781,-0.21217726110379725,0.7885664403851862,3.224059992649564
22.6171875,2.19169990761687,-0.6570597201775359,-2.6615373583464725,4.671442656753808
22.62109375,0.8850268003880788,-0.5319360598228144,-2.518389704991678,6.479615822935252
22.625,-0.3541084752970576,0.1860865592953038,-2.6889583791742235,5.002992511730168
22.62890625,-1.2294820002932556,-1.509819424752755,-2.3738800029745972,5.052762161211309
22.6328125,-4.122858542521813,-0.5690719095278574,-1.5721182617894218,2.9847238214307943
22.63671875,-5.421930326509123,-1.6568122820322275,-2.4595053317925517,2.0904817774222155
22.640625,-3.9191276640871426,-4.784859929938719,0.654140772809774,0.6330442757090505
22.64453125,-3.845426624983145,-4.908988134929705,3.1146778349690605,-0.7426152719744563
22.6484375,-5.128079681970171,-6.201087560766038,5.811829393017868,-2.5878546983354247
22.65234375,-2.5833258553160627,-8.40996079270334,7.094179600695107,-1.2838152781113856
22.65625,-1.7859507698386976,-8.09524654706164,7.5052764879369365,-4.23966329078906
22.66015625,1.1537632927435058,-8.176853661796267,7.266381997044993,-4.737696120706447
22.6640625,-0.033872617330575006,-8.195987317220526,8.086911417388924,-0.8727883525278688
22.66796875,3.2748268389217605,-4.780064162344826,6.300824198395219,-1.4080534182271545
22.671875,2.5008913627751985,-4.998767183775481,5.497279904890892,-0.7509753306000273
22.67578125,3.8180026344484608,1.629911838616589,2.6906867057369745,1.712032117791116
22.6796875,4.346956190696401,1.7073398017424108,3.1888940111357984,3.9383255962047725
22.68359375,3.0564410936590907,4.23661503672021,-0.7918314028788936,1.9992531084219025
22.6875,5.8060774589082085,6.15875263990676,-1.1440532544059288,3.7472387822063484
22.69140625,3.673673552892811,6.8847374213312476,-1.7466506007677147,4.441545863029857
22.6953125,6.448282401796336,7.227711145372747,-0.5656323877002782,2.9926557826109104
22.69921875,6.389375312587827,5.893888922038597,-2.8037363461557647,3.354843557944152
22.703125,6.85657577059816,6.545574577750156,-3.5064525224328773,2.488266936639838
22.70703125,8.386923615407596,5.893109326885548,-3.7202975665117997,1.4887322992561498
22.7109375,6.737500950913063,5.459885993335341,-4.989485087218007,1.5121561749292844
22.71484375,4.960398205315541,6.602578791060361,-7.677561883945137,4.2750389198927525
22.71875,4.153148463325703,5.749162784466354,-7.419812153307453,2.82125295318052
22.72265625,-0.29399689673798735,7.310812486992313,-6.856350134106709,3.815425335536679
22.7265625,-0.9585603976982694,5.17836749057814,-9.817864359383488,1.8519763032708747
22.73046875,-3.3805160966342918,4.954044555887685,-8.70954887954905,-0.23708427352085404
22.734375,-4.423939609278487,3.8154344387044166,-7.197122818409222,0.4334162479018262
22.73828125,-7.5694771463000174,2.3974523174257723,-4.783309449708219,-0.39147805389971113
22.7421875,-8.624191723607888,1.0564410311614094,-0.25281400011506294,-4.897427344622874
22.74609375,-8.891721006850522,-1.5688838484471768,-0.6993439302478895,-7.366501512919941
22.75,-8.36348003661134,-3.4943951207512307,2.0279658178777296,-9.018368830122933
22.75390625,-9.10161694487224,-8.151501163305205,4.634338012656657,-10.143856256895061
22.7578125,-6.841633338841095,-7.567038168372071,6.166035194287479,-9.878924122827243
22.76171875,-3.6723228750778407,-7.647289562953025,6.189360122183896,-7.848202612743681
22.765625,-3.797669313771734,-9.152193748919526,5.9521730319374235,-7.222732763594126
22.76953125,-1.6035996403032493,-7.430061750291924,5.55169553674668,-5.176286671151036
22.7734375,-3.3772705882816054,-4.505087814381126,2.9511164703654247,-5.540386488857348
22.77734375,-2.5685599710979243,-3.1514199292468197,3.7088250391262343,-1.5250026383257023
22.78125,-0.9697729845928567,-1.8587778853875367,2.9564222534857016,-2.3342004036964927
22.78515625,-1.2697439299122042,0.0729143850188399,3.024377437496569,1.8587775453633795
22.7890625,-0.03403616112067637,-1.250420843803538,3.3588267040302515,0.7686263434780859
22.79296875,1.5819989253163957,0.5019062100349541,2.3547199672047365,2.3526728994277604
22.796875,3.4152758524451223,0.9674916053042564,1.093093072405958,2.411880961061131
22.80078125,5.3681292753962175,1.989237766019165,2.6893314200733065,3.6202265039344748
22.8046875,7.167038335671796,2.2895828165355727,2.8710136185819963,5.210500457273138
22.80859375,6.9517497193586175,0.5991441072634445,0.9835169723000179,5.805201321170821
22.8125,6.305584288068167,1.4233853111463723,-1.9891337713805917,5.723416570428842
22.81640625,6.128863091083308,-1.5987061941913328,-2.392489492982383,8.831749021994677
22.8203125,4.982459816482254,1.5125304834097395,-3.94526520432156,7.981095621703186
22.82421875,4.798984994556285,2.58884317369708,-3.871652877878576,9.39488623182537
22.828125,1.6695724596840646,3.4852842494634135,-4.038088222663496,7.07132434171708
22.83203125,-0.40821094723992835,1.2375227263231228,-4.27909586123798,6.194318589359416
22.8359375,1.1796088233458706,1.1563189713466544,-4.764326801899442,5.331746058084513
22.83984375,-3.3628352152868697,-0.9905821004822978,-2.8617840930072136,2.723345702524375
22.84375,-2.950433273968802,-0.9778529454041472,-0.703356904511171,-0.06346084060545765
22.84765625,-2.1233455640469847,-2.9772819410821967,2.501105387511323,-0.8897194675145086
22.8515625,-2.279690034156297,-4.997061056059802,3.4531365995856276,-3.1693838598590642
22.85546875,-2.0547123210738096,-6.0823204596659455,4.421010878771834,-3.949915188217483
22.859375,-1.299096624254064,-4.227576870000134,4.408053414391919,-4.13420667257088
22.86328125,0.17947364676785316,-3.9752506846461793,4.116777782578881,-3.492521452510128
22.8671875,-0.001268572800403378,-2.7955833400914263,2.898121174326049,-2.7752271712421175
22.87109375,1.5218943154467612,-0.651521926054709,2.969506365864035,-2.897285665417324
22.875,4.194228373431674,0.613063436690702,0.30865744619343316,-3.433084147298131
22.87890625,1.0836675341005109,3.1140804369000032,-1.8839407348316455,-1.6617666424697766
22.8828125,0.8230607646895699,5.190638026834725,-1.4870761753083162,0.24734752352228995
22.88671875,1.4096688482875415,6.550406950987156,-3.95841359552686,1.398103819497817
22.890625,0.814492015138774,5.977944852589334,-2.8747464659707878,-0.680698006616664
22.89453125,1.549238713410033,4.140695705398551,-4.083005590124241,0.35093194394632876
22.8984375,3.4420236641929094,6.140810193854041,-3.6833470198531297,-1.9677715623379337
22.90234375,2.205883059248353,6.848978218784661,-3.1852810525873263,-1.5986490494135572
22.90625,4.291407345309666,4.957705373754787,-3.1749379112086884,1.2697536071287638
22.91015625,1.1728079774063933,5.335613382288464,-4.440370728282076,-0.20010984326683823
22.9140625,2.688669651153308,1.3496491852629018,-5.08594184189311,1.0132871660673695
22.91796875,1.6008555133497528,2.0709238668807726,-6.209631118115614,1.7413851002609513
22.921875,-1.235273824326684,1.9222626188296672,-7.1196790287898,3.594631538206715
22.92578125,-1.5525835512299277,2.5976214162750653,-6.080525928652302,3.195709419202049
22.9296875,-5.565344776462696,2.191125016164539,-3.3097121643884724,2.1771108629521967
22.93359375,-7.854733360319493,0.4814475249097489,-5.169956247298698,0.5942689857314253
22.9375,-8.15698402245298,-2.4821960247410906,-0.42528334483816765,-0.931645559018369
22.94140625,-9.755805930406844,-3.888527197670938,-0.001188416212059229,-3.354112025663988
22.9453125,-8.898312718477623,-5.959670449558143,3.3760836997114216,-3.459705735004944
22.94921875,-9.300758725168688,-7.271244450433574,4.781665819079892,-6.817772623184723
22.953125,-6.945209090735036,-9.446790304288005,6.268043644138111,-5.266599357197092
22.95703125,-5.605127822786221,-10.885060197541438,8.694075299694854,-7.602620582130081
22.9609375,-2.5953486909541073,-9.490852663748397,9.596886404613963,-4.383540468880201
22.96484375,-0.9392636443563791,-8.340889607240765,7.150745454456738,-5.497512510917221
22.96875,0.23914096656142703,-5.001782049513066,7.478915417984464,-4.643275984616795
22.97265625,1.7405699362745843,-5.529959714498885,7.797512644711552,-2.1789876747299615
22.9765625,1.6295882886666873,-4.414885991828566,5.023765897386352,0.18095187452186656
22.98046875,2.0705909157137343,-1.9745494530756056,4.724450485993354,3.7377028094688685
22.984375,1.4769105467080097,0.3372342440298516,2.7442087818826635,3.335123039852841
22.98828125,4.6119786958546,0.5176180620939888,2.3067964597518023,2.676599176276963
22.9921875,5.244100332680519,2.124412399897904,3.2656199204533136,3.579029747419058
22.99609375,5.696851001638931,3.5936437409773565,0.08844816755771334,3.2779115975292847
23.0,5.580916016244249,3.3194995581438986,0.6389496850543922,3.731048181620115
23.00390625,9.08207319392175,2.997841487553973,-1.7360554172697362,5.4253767439312375
23.0078125,10.109119701171911,4.6356247153577215,-1.908008968965781,6.6818782279801905
23.01171875,11.118985780245561,3.7516335271689227,-1.6313732940701295,6.691700523102668
23.015625,7.592001250671177,3.911797049760449,-4.060960164361013,6.265283160085971
23.01953125,5.5158307227373715,6.543303368051227,-6.826844752630345,8.217613054909444
23.0234375,4.965378289747089,5.321512980400116,-8.15424148104729,7.975122503890659
23.02734375,3.082731411664406,4.408558602699043,-7.668488803224806,4.4311327075075315
23.03125,-0.8890979604112996,5.36244452014854,-6.723209017574549,3.9621190062827027
23.03515625,-2.192470518705622,4.834455313316437,-5.8900298098440285,3.86870047768104
23.0390625,-3.1896579607755404,3.614444977444907,-5.303572486387636,-1.002232919355098
23.04296875,-5.208829134481315,0.4627350883988065,-4.957399550081853,-2.4925823734484664
23.046875,-6.895650129389866,0.7232132543541636,0.4627237630964993,-5.050132746779237
23.05078125,-5.76987587337506,-2.8402619956075803,3.14967668903211,-5.750411336114411
23.0546875,-4.405479275874793,-3.960545373735504,2.1218649142176047,-8.135328886232799
23.05859375,-3.577452565157225,-4.4183056275188495,3.664466680483284,-9.347045094366642
23.0625,-2.5204658377646347,-4.679700894052004,3.6684718509318377,-6.749001274418118
23.06640625,-3.1054259554754204,-2.480940661972914,2.0273722412590347,-5.835268288772819
23.0703125,-3.035566445009347,-2.0486168613435005,2.0178354001179923,-4.715856647610701
23.07421875,-2.072192896448733,-2.8727270561948868,2.0229442317278052,-5.053845188068836
23.078125,-1.0049779125108897,-0.2161060775861272,1.3649690961156473,-4.913861388503034
23.08203125,-2.2728034449320846,1.7906790009691913,-1.135312620523191,-1.4021916243096693
23.0859375,-2.1036025453638776,2.549799653216355,0.8393799044112635,-1.7168163386527338
23.08984375,-2.0479190163732195,3.8431740497157434,-0.9517878029491332,-0.5150643741906455
23.09375,0.08109595392892477,2.4388091238590826,-1.2486851987872887,-0.8215414415497059
23.09765625,-0.04079539741498328,-0.12418581632881143,1.2733304729332113,-0.3422925600779815
23.1015625,1.4739205319147428,1.569346561185696,-2.317879526534153,0.8004147088474673
23.10546875,2.5465576700998507,2.2564429392783607,-0.8151512122237201,0.7317781364675502
23.109375,3.59656127199551,1.0367626282947873,-0.29896687916578807,2.2973114082085133
23.11328125,3.535165214360875,-0.14920226055908903,-2.1610601990920975,2.5717219703332184
23.1171875,3.4572516670979616,0.8303806367568445,-3.939209434141919,5.646230876461675
23.12109375,0.7632259692205361,0.35170022219459024,-4.208455008648147,5.119640365121864
23.125,-0.3656947830197242,1.8028735889118799,-4.7802829847184105,5.1773219896402844
23.12890625,-1.170242088301209,-2.3682316540411965,-3.20243180347607,7.0632065353236495
23.1328125,-5.534895427712122,-0.4758429919400783,-2.580448066389113,3.825798017430731
23.13671875,-5.475253848718069,-2.4476750252519714,0.22213560005058575,1.5511613717772368
23.140625,-5.007594645476199,-4.031398294707382,1.4393170531294062,-0.0013024872939657317
23.14453125,-4.98984526017454,-2.9327354802849923,4.139474243942477,-2.0276681833176364
23.1484375,-3.1758027629577286,-7.160569599352147,5.579024772486355,-2.124615740665162
23.15234375,-3.6676742739025334,-5.970664129153376,6.045373519326934,-3.0496327432928374
23.15625,-0.7286977662705201,-10.437121346981877,7.6039877910898195,-4.038587675472071
23.16015625,-1.4653203011449039,-8.807434518702777,6.7949238256448625,-3.4290326028700044
23.1640625,0.956167098912766,-7.370650777291838,7.276123836257293,-1.4475442421515015
23.16796875,3.11153289841855,-5.066952738502578,7.081322572130021,0.3988909630016706
23.171875,1.8489512843111737,-2.9491185323122804,4.50297261851958,0.2839590765787392
23.17578125,4.163616947232358,0.17049385402713346,2.5328170195063398,0.4512791202175537
23.1796875,4.105073409629715,2.080720397453196,0.9529820582646276,1.4438222534168133
23.18359375,3.655839328668609,3.5717207011602667,0.9673756231742013,2.938320620166854
23.1875,2.8907234492160554,6.204049157438448,-1.5133920880873055,2.818648671439474
23.19140625,4.954942835703196,6.399876886313442,-1.882482597731093,1.5466772967555886
23.1953125,6.30957922175951,7.6707471723531135,-1.6746939809305845,2.751002325045463
23.19921875,6.15597548410682,8.350299643908723,-3.579802554435954,1.5371079163054588
23.203125,6.78298600281721,7.413527034534693,-5.914059279405956,1.043170139681145
23.20703125,8.866369808550125,6.734380490643691,-5.088806973983742,5.191111629082409
23.2109375,7.157139752871156,7.049901042128662,-6.991706261822978,1.7082282516682803
23.21484375,6.743116707780356,6.4912488027208255,-8.373004154425454,2.9187799048485665
23.21875,2.1502108700452482,3.7391817700809966,-8.447448467358267,5.331014797297662
23.22265625,2.2535838135210597,5.079298695075938,-7.769589031563302,5.048792282527466
23.2265625,-0.45775222278315725,4.625961803232045,-9.627251705030215,2.9187158270198315
23.23046875,-3.6943736779046374,4.204518916759809,-6.9393515245719435,-0.7112142641180736
23.234375,-2.833480620664603,2.2436959567721426,-4.612118134446732,0.8602370308256126
23.23828125,-8.944649434787127,0.49588903011155483,-4.962614834550865,-3.985977375198658
23.2421875,-10.309487064742129,0.9635606045766871,-2.2485859092086953,-3.919111808958483
23.24609375,-7.491247712836887,-2.1332173360552185,-0.9493156318262864,-7.312163780927314
23.25,-9.077068706217899,-4.677736988106818,1.373679525614223,-8.676684841436296
23.25390625,-6.956314674939783,-7.532985703827476,6.234121344453356,-9.444428643853193
23.2578125,-6.7761011511651,-6.996393806920089,5.705767320542425,-9.226913135489479
23.26171875,-6.05701289341264,-7.616263231882846,7.389219527393822,-6.939882282874214
23.265625,-5.549589655492825,-7.582176709955945,7.418128711415959,-9.128627479534297
23.26953125,-1.9802126806752351,-7.6875440785274165,7.473733635171953,-5.181048013415428
23.2734375,-1.6346732161777657,-5.758376171704194,4.869899404594587,-3.0212448900807476
23.27734375,-0.7129304045814338,-4.305465805623656,3.9173632537777396,-2.1588786030022895
23.28125,-0.9756767723946291,-2.345341271562263,2.844210012708492,-3.028706603300939
23.28515625,-0.8417128633498459,-0.6643827380986893,4.082709221537209,0.6396792621364105
23.2890625,0.3142792403052046,-0.769751410396114,2.7624326840055966,-1.1516341867869577
23.29296875,0.28571319884792645,-0.06089806365861028,1.1107375555345735,0.06645194651534592
23.296875,2.5863441789021073,2.3054842683117647,0.5173552528438137,0.7112444743087942
23.30078125,4.253139973447887,1.885426573982609,2.592867312245262,3.6107540339131132
23.3046875,7.674374688152319,0.9652933868655735,1.0769005117638004,4.033578765508213
23.30859375,6.761624091757513,0.7133171833481533,2.2666899829370264,3.758811467712856
23.3125,6.998002084850671,1.6528039738810585,-0.7141907559286473,8.098149386196592
23.31640625,6.909779691549261,2.189703301850696,-1.9984316752334794,7.896881282772535
23.3203125,6.865180419420301,2.01117329566068,-0.7564531427879357,8.198956044272961
23.32421875,5.76245231131419,1.1905628083178659,-3.481911235665196,7.981586486340301
23.328125,0.6189270135341243,2.2221121007815574,-3.127188271170235,6.411672685918898
23.33203125,-2.221434709068991,3.7984281494409915,-3.041369179755386,6.187694899157447
23.3359375,-0.8352480456319764,2.8846242962773134,-2.3213376098679905,2.8947447538601314
23.33984375,-2.6305861793031675,1.0589490272248419,-1.6515091160253983,2.3263665016684825
23.34375,-1.659983319964094,-1.778163384751303,0.47818764839783895,-0.6205551882578855
23.34765625,-2.751392907146273,-4.137579261298246,2.507788454645574,-2.499167367094234
23.3515625,-5.270949038270362,-3.5435074289964095,3.538820472836913,-2.8424145507494605
23.35546875,-1.3492054095550192,-3.643927354820967,3.9851164036712086,-5.3009461092862615
23.359375,1.5511910084545657,-6.664979903048992,4.878491415890523,-5.758128009801654
23.36328125,0.16050637283344787,-3.271217218525397,3.0562303195275793,-3.5278403917882444
23.3671875,0.6568546949930862,-2.711180769849582,3.2280681183412017,-3.405320826393939
23.37109375,1.645963146924153,-2.272041215217149,1.2195910951179605,-2.190719347499483
23.375,1.0449987943314427,0.9604993622820233,1.5287884359588246,-1.3491469637541866
23.37890625,2.389347244514174,2.0565751819838214,-0.4999940393570323,0.9079072925296994
23.3828125,2.897765559123056,3.405317616004309,-0.6565442512337174,0.35464080141043897
23.38671875,0.9424145498612078,6.0047636276304335,-0.6063171114424972,-0.33204983646707037
23.390625,0.9789903704989276,5.577511526408408,-3.263726039648594,-0.8172696776530072
23.39453125,2.4332921038779336,5.5078587583146685,-4.527913574398754,0.6442716254246317
23.3984375,0.9595910898256517,7.532335754828596,-2.4212752322342697,-0.4904748911549589
23.40234375,1.8815256760127286,5.0980079691109355,-4.324152571889253,-0.19720508426703087
23.40625,2.964147605414833,4.30348380656464,-3.202156547367077,-0.2396489639588794
23.41015625,0.9603291079975191,4.19278404413404,-2.981626007265985,-0.34345137270596915
23.4140625,4.089121850929251,4.340716496775238,-4.6438158590027765,0.19343110962996457
23.41796875,2.499653449210726,2.7674507806732933,-4.446642014115348,2.013683151447647
23.421875,-0.4059060359445748,2.7438585934908124,-6.9608499711044995,2.1286360365878436
23.42578125,-2.228442577711101,1.6635562736020217,-5.660563513069037,2.940001603593408
23.4296875,-5.161431752445534,2.528974245121522,-6.02058170533793,2.271283704553615
23.43359375,-6.675138479218872,-0.8388721901015519,-5.731080530823699,-1.0405338758101985
23.4375,-6.465224097335179,-2.6438327244979867,-0.9099960016263349,-1.854734322861066
23.44140625,-10.56203541875277,-3.681612077366326,-0.41459971131690243,-3.238459740699731
23.4453125,-7.9277237642159255,-5.58636491244973,3.307074628438244,-5.054791556756324
23.44921875,-8.857773301740677,-8.592139495317872,4.3667968219187925,-6.482963109007935
23.453125,-7.660357271833407,-9.58976839997037,7.320915659697348,-6.650980649321651
23.45703125,-5.030546575780059,-10.634366375256702,10.261445151407285,-4.4060390267324
23.4609375,-2.736257038618036,-11.551918336989809,9.643348865708438,-5.641164493282924
23.46484375,1.4134528472267884,-8.95065222598399,7.686352067112885,-4.583078774132015
23.46875,-0.351186330532344,-8.057395347559481,7.643042567972061,-3.287463814991597
23.47265625,0.022645358050667364,-2.8822321387573773,8.125783265994395,-0.5072393566294677
23.4765625,1.7331056051789597,-4.489108099542098,4.860104284273328,1.9343543943920158
23.48046875,2.6460172121202485,-0.595483345401363,3.7811410182343166,1.164344722277646
23.484375,3.375440752254427,-0.14267795100143366,3.219033943150325,3.6099931810701
23.48828125,3.527184098210911,3.5438302409083278,1.726265428227089,3.031977098158152
23.4921875,6.2321282918813035,2.674163903796967,0.203538250031849,4.187746839503009
23.49609375,5.802867078688334,3.538147279906037,1.8823218540640339,4.351213438765035
23.5,8.766636898354935,3.5768135860535057,-1.2761263139395593,3.5327714131308854
23.50390625,8.993830330476776,1.1338116917078653,-1.513115195633316,4.373468646503323
23.5078125,8.159050516289058,3.9574905260375175,0.17469378926683787,5.902478792093403
23.51171875,8.826605913860252,4.570011945569698,-2.6793824510875806,8.893590399587021
23.515625,8.295384941464807,5.196709412022723,-4.471881024456538,7.198459475627139
23.51953125,6.48948527981431,5.811816193238567,-4.459511634911479,7.733062144831587
23.5234375,4.1874884830909815,5.218953405818409,-7.185541529112676,7.69786533094698
23.52734375,3.4322334896600086,4.7065516647729195,-6.6773372152389285,6.821032807024295
23.53125,-0.950354333912364,6.505779704382515,-7.862902650715289,5.717826020578443
23.53515625,-3.0437244515598225,3.4186543178786724,-6.759277948718865,0.5949409746984915
23.5390625,-3.62117779635466,1.531905524833685,-4.246605649267735,-0.13583491475108278
23.54296875,-5.456856698726669,2.399656507307812,-3.2831997206360417,-3.4889946953440227
23.546875,-5.905334201050122,0.7897692575455437,0.3011077456222553,-3.012365192693436
23.55078125,-4.5719911109214975,-2.4858908961666,0.9513603895002056,-7.9128746124966955
23.5546875,-4.306743796734839,-4.352507520903054,1.4402273913812471,-8.227411577611074
23.55859375,-3.7338145091611095,-3.904827707808767,4.5910523554245115,-7.2066412142749545
23.5625,-4.611403623737652,-4.823900264104461,1.9582972878056517,-7.919692075589546
23.56640625,-1.5235113827435272,-3.7696473483147797,3.619977163156869,-5.882149855733255
23.5703125,-2.037680948180706,-5.2949976280563895,2.4680137349787237,-4.885071383240969
23.57421875,-0.558199686888845,-1.3681550925178918,1.9351927621258413,-6.916998609991088
23.578125,-0.9280510798116307,-0.8066890552350755,1.3197143632194792,-3.3251143787759943
23.58203125,-0.40177089731499493,2.0124562511169235,-0.8070563988745619,-2.740402777377842
23.5859375,-3.300028395468299,1.7880422266727356,0.9440212384787112,-2.092964139637213
23.58984375,-0.4850707272815805,2.279599345419679,-0.44922847692720475,-3.183858971968784
23.59375,-1.1140516231612123,3.424090937640271,-0.8348869524212943,-1.1129044806896924
23.59765625,-0.5818279930248391,1.8624754069826421,0.6168935659379811,-2.228027639510219
23.6015625,0.8918177494591205,3.3328139073038026,-0.5117265489688605,-0.4374263941436871
23.60546875,3.711438265332675,0.6079387059353998,-1.668193532584986,0.28027072082461424
23.609375,3.51215169433627,1.0711010589446441,-0.6984563543134299,1.997118782680599
23.61328125,2.0736396698477386,0.6374301020583584,-0.41045460567735415,5.289316808773735
23.6171875,3.5844880258387564,1.186149284198935,-3.1731907942163495,6.014513530137435
23.62109375,1.5128029295406729,-0.3406340223327865,-3.0647579498459265,4.557379707170645
23.625,-1.0287075562112156,0.5177639274786676,-3.7297343481108527,5.823001369643058
23.62890625,-1.9111944799003397,-1.8889387699733897,-1.3572099583628157,4.886870375574001
23.6328125,-3.2257346582435797,-0.0029224465353002715,-1.1452987538257453,3.429332113534006
23.63671875,-3.467091451755474,-2.2779768560904676,-0.6436924050599194,0.04274543681246801
23.640625,-5.657557224762806,-3.4213473466552813,1.7594762895653238,-0.011194208344281975
23.64453125,-6.105494719113261,-5.115478642344714,4.886434935256765,-1.6745464466767608
23.6484375,-4.798712633735902,-7.451572902679943,5.996327091186657,-1.1264930621547353
23.65234375,-4.455736091266441,-7.122369201722369,6.5800026673921925,-1.3503869476352168
23.65625,-0.8696242856573918,-8.745035421653585,7.037661142924296,-2.911966325299475
23.66015625,-1.620662004102113,-8.159052760452463,9.7727617366479,-3.0915204930708
23.6640625,2.940890540378157,-7.022258967199785,8.493985826847117,-1.8209730939634672
23.66796875,2.070585863997548,-4.236080250116533,5.230963945695929,-1.7075404962921055
23.671875,4.512823558255826,-2.1294537525207713,5.527000916766686,0.457258473972082
23.67578125,3.7591077631080814,0.8310768395573843,4.40012296782836,1.5011806981903073
23.6796875,3.4038214718862143,3.4960020526444278,0.04968255218081685,1.4855748255343522
23.68359375,2.2090870022425015,2.8224340134190893,0.24621747146543782,2.3888894307486606
23.6875,3.7988880043407143,5.042778260803143,-1.8378122171732023,2.292124290832988
23.69140625,5.820437150306237,5.935481811419051,-0.34229108504341244,2.1699646100426806
23.6953125,4.291339104985369,7.047300952673918,-1.5304896525211953,4.516856821958287
23.69921875,6.550877262930118,5.9761223014467255,-2.7055599885560375,1.1026471386689898
23.703125,5.008854036488103,6.443781837775183,-4.868447771041344,3.7595198345426715
23.70703125,6.926603797807049,5.259766697802565,-4.09642001846398,3.7101221094974592
23.7109375,4.864924644673517,5.0946580282968625,-5.782690298326482,3.3790053231458907
23.71484375,5.27419647407948,4.0180963757596535,-6.863242140730543,4.208949441541073
23.71875,4.465320375523334,5.25725442636983,-7.143058202739351,4.005584892645072
23.72265625,2.1822049002641304,5.824418747313905,-8.799985227683038,4.269802347610814
23.7265625,0.5678919668481293,4.454293621210597,-7.69560626820831,3.2762626135585773
23.73046875,-4.951310481981383,3.285964550241751,-10.281837733066011,2.113731833682694
23.734375,-7.643902826023833,3.389565924968452,-6.056001183711593,-1.6765016208326573
23.73828125,-7.312539707832511,0.1718977730464777,-6.54820715956516,-1.9173345926451089
23.7421875,-7.876941551961632,0.3055990483395161,-3.088555604577906,-6.3154718532909975
23.74609375,-8.41183771455632,-2.4222994706714926,-0.3164585882652261,-6.704040009668352
23.75,-7.912398432096221,-3.360494896553252,1.1650744479253854,-6.895282896578106
23.75390625,-7.41690964149201,-8.547964866073384,5.752660292497534,-8.211201202496001
23.7578125,-5.889599389648288,-7.2976208099465065,6.314855666604738,-7.802089429066243
23.76171875,-4.35859937745761,-8.860539017168469,6.819002454949395,-8.29170361643938
23.765625,-3.713222707297437,-8.593228333556363,6.488205419269682,-4.27995796647291
23.76953125,-2.1529854744657557,-4.9217995762896365,5.779038138110754,-5.196799329720426
23.7734375,-4.355185012158447,-5.4357228456499564,3.5083408002420127,-3.389380163148851
23.77734375,-0.41642199877646613,-1.9638693379060514,2.6905814483949495,-1.8700298020491262
23.78125,-1.0770974294604432,-3.493322369797644,3.645675563684097,-0.12685871729244635
23.78515625,-1.6374493129949088,0.5307868659057084,1.6355090348993344,-0.7239910740348203
23.7890625,1.3079991530211208,1.8003192605569989,1.8098370656801406,0.44132175885264496
23.79296875,1.038103080751701,2.4500990827369686,2.505724648105659,0.8508814679616067
23.796875,2.5289312196890674,1.5132519210560886,2.632019472904844,1.689519926897636
23.80078125,2.715121671308452,0.28416491161718105,2.8680847692918254,2.59610337389745
23.8046875,6.8925661949322246,0.9255519635713152,1.3173228741931027,4.3337054639813415
23.80859375,6.979691744530828,0.782114546501533,0.4629825465788663,4.070310292720063
23.8125,6.032298409418859,1.0677532054008,-1.8164694391399787,8.23826754589268
23.81640625,7.032354206966873,-0.061671698663619434,-1.9049172603968185,7.651193431779158
23.8203125,5.043749982403545,2.2043856362701884,-3.3498441562921273,10.252282629039541
23.82421875,4.47746928138182,-0.055264794933735484,-2.547144187786122,9.333873267579287
23.828125,1.7655902717399887,1.1683766039084378,-4.415152546712654,7.030157271110689
23.83203125,-0.15931770398406772,1.436352344432473,-3.2983119527041063,6.720979658158722
23.8359375,-1.423351714799497,1.219989379329729,-2.2021435830481275,5.188924888218144
23.83984375,-2.795302968528059,-0.4210428139255893,-0.22514227915630491,1.4674888759408933
23.84375,-3.0763108138540534,-0.710767018781483,-2.399284076004002,-0.0864803405470938
23.84765625,-4.214689896395686,-4.019007650519845,2.7955694641525604,-2.206865054868163
23.8515625,-2.9499002135404266,-3.575499630885915,1.4858633538568862,-4.106083168351342
23.85546875,-0.9220752716552135,-3.0836760025148147,4.951875955030089,-3.9840830957316857
23.859375,-0.34527854566802185,-6.654280325801599,2.5624793244262216,-3.444418174512302
23.86328125,-0.49659816006598,-6.738692567327698,4.285497690203329,-2.5351759108711267
23.8671875,1.6880988638088092,-1.8132356080440046,4.221736251848358,-2.7291874350742913
23.87109375,2.2054403028032508,-1.3760166948996682,1.9782777247225303,-2.974860101876187
23.875,0.9393118481562903,0.4195079766459706,0.00629197589956737,-1.1633769355353945
23.87890625,1.8045132517592044,3.0510009079157134,-0.754794626523061,-1.0274318140464056
23.8828125,1.7036679841694597,3.7187929460314253,-2.786430347580745,-0.23009008381207596
23.88671875,-0.7652248341320398,5.922444214390934,-2.8388504778481565,-0.3036940547897977
23.890625,1.003275648867775,5.351468731638615,-3.4662415401488675,-0.4339832313884549
23.89453125,0.7925758612296883,6.791796917131671,-3.982988301228339,-0.17116840690948787
23.8984375,3.455309312020744,5.6242104930519785,-4.141075898159344,-2.4868667196163154
23.90234375,0.7830583479470765,4.8316760234641105,-3.4889090800916414,0.17535421389728512
23.90625,3.470572075152676,2.7067412467301333,-3.909476664634485,0.8915036829477492
23.91015625,5.1895039208238956,3.0946706781195665,-3.7303224508764563,1.0131729757252184
23.9140625,2.9724021813326154,2.6566890464411714,-7.339273174098264,0.38061443069857015
23.91796875,2.1832798409412497,3.4615730231170847,-6.141093239557432,3.513673681086819
23.921875,1.1524069853187975,0.6510611132116118,-6.059318374884752,1.7389063878256894
23.92578125,-1.6202631651772221,1.4672644251408176,-5.381202336906669,2.587643151568353
23.9296875,-5.906329286683107,1.6544733924355093,-4.756124589242567,1.04962282592513
23.93359375,-6.165828860718726,0.8404242906729567,-3.549211202573273,-0.09765639248716715
23.9375,-7.55527931391859,-3.0248990474931974,-2.6326535588593947,-0.3382901748308811
23.94140625,-9.540111984688988,-3.783142511457615,-0.30716472768947467,-3.1072395354797906
23.9453125,-9.005434097085487,-6.226594994055554,3.4582811198133077,-5.267594990828358
23.94921875,-9.061928020990946,-7.752218894973531,4.632951167950034,-4.006039703772991
23.953125,-6.283580464568206,-8.184337215774743,7.1867845245287505,-5.280716526395383
23.95703125,-4.275997012593005,-10.24126134712652,8.5195253704814,-8.322769294873728
23.9609375,-4.661445744785603,-9.160742871097089,9.023508304285043,-4.703075479113272
23.96484375,-0.5934338527434961,-9.463630401262387,8.982083234807597,-2.5895140536522208
23.96875,2.046589955227963,-6.377749989651417,8.333050033284193,-1.9824907362190582
23.97265625,-0.9117239521125511,-5.901733815773284,7.000688999220192,0.29802985867085396
23.9765625,-0.454740472705611,-3.763958236041201,6.055144328797891,1.9360594176453945
23.98046875,1.9917584206582502,0.05508977862815656,4.278858356584145,3.140965998463272
23.984375,3.3562209403187024,0.7178501872300009,4.220106456287713,3.4023074314445534
23.98828125,3.863630823944032,2.7122834313836717,2.7237057052821245,4.410381729157908
23.9921875,4.830455677070477,4.973486589202544,2.1231153721642344,4.357324745985667
23.99609375,6.326627456847966,3.9131692441724018,0.42800065846083646,3.6212357657995584
24.0,7.38317129960909,4.136833933591834,-0.11675255935717199,5.142875595007162
24.00390625,7.003825975599412,4.237323136181661,-3.3243246558736095,7.513037704474229
24.0078125,9.790350747984466,3.2317424924793583,-1.8762116224170045,5.308994268317933
24.01171875,10.03095014078055,2.82184764734596,-2.1352795826588347,6.323546854054003
24.015625,9.124613768096696,6.609454827282676,-5.804706771409139,8.236907758867444
24.01953125,6.239652089291451,5.255958699302883,-6.524686867728109,7.040235700263873
24.0234375,4.330461757109008,5.7778848462939525,-5.037094404833172,8.900959975279974
24.02734375,2.157759328375802,5.545025324553722,-6.989380496099334,4.659896001164001
24.03125,-0.4479587615337518,4.9486741133907275,-6.390894844214858,4.134197330734222
24.03515625,-1.3300513900001614,5.254022585374995,-8.196463527690993,1.3102414196471952
24.0390625,-4.246959418539226,2.8227505638231363,-6.780899761537647,-0.290276524709115
24.04296875,-6.131174480372348,1.2031846688972754,-3.0360500724252115,-3.5413341360395876
24.046875,-5.548043921557004,-1.4956775649872975,-1.0128264723009206,-5.623005834911561
24.05078125,-5.9759812923637075,-2.4555373444929574,0.7171354673443925,-7.480077119703015
24.0546875,-1.7805513197182274,-3.426347838968862,1.6754656147637388,-9.739970603395928
24.05859375,-3.6202492740558188,-3.373947156601673,5.0791863688552015,-8.958414884967143
24.0625,-3.3588817475850927,-5.414888797173245,4.395733524930171,-6.674304163266278
24.06640625,-2.7368858148347384,-5.451958880776813,2.56560707504707,-6.640679930703965
24.0703125,-1.669535270483704,-2.5413909131253134,2.3417089038332675,-6.81999129767836
24.07421875,-2.626808789510353,-0.28134460421831764,1.2151925480643941,-4.3623305494483375
24.078125,-3.2263250827569356,1.9230603700996562,-0.1130199656525237,-2.936238304483179
24.08203125,-1.661901828381895,0.8042043829488309,0.8539703346612459,-3.144398719342343
24.0859375,-1.3947817382222865,3.8026196067809637,-0.48029065034629687,-2.3634397354940053
24.08984375,-2.0029896682549597,3.304712940443044,-0.12992514863754479,-0.1628981151232214
24.09375,0.7442050601178563,2.323476351694356,-0.7380738984514457,-1.6881633552199307
24.09765625,0.42518897889988183,2.922172352601634,-0.34682991836091853,-1.1365428770835388
24.1015625,2.602810237430801,1.880351912241578,-0.2622231078975684,0.626893648035087
24.10546875,2.6499420367472206,1.4528848794659996,1.0122403419099693,1.9655446208049159
24.109375,3.297338368651545,1.1592576476061818,1.6277925432855995,3.3147328021141975
24.11328125,3.737386988850378,0.14665768331202506,-0.13247790529935788,3.126510178179036
24.1171875,2.9366126199712554,-0.12119267619254381,-0.9615888871686902,5.797120369399334
24.12109375,2.66597438641738,0.2699537514548461,-3.1568647103313765,4.461896685762145
24.125,0.5670420422235248,0.12256905697197373,-3.0122303854339423,6.195054003075078
24.12890625,-1.097856240412908,-0.7382498758432037,-3.764860065336785,3.3013166693361176
24.1328125,-4.694451480664812,-1.9885861664202455,-2.1865690133291595,2.2999980377779625
24.13671875,-3.0166194027798325,-2.652566004527137,1.5825525809620085,1.6267002210745733
24.140625,-4.731705182732543,-1.453678380436922,1.681860862867694,0.6488328496971152
24.14453125,-5.466915604843524,-4.200490755561779,3.0592633514408614,-1.5093154846184476
24.1484375,-4.884601003339161,-5.946940082100557,5.930519003725978,-1.6245642777302218
24.15234375,-3.0387108942111345,-5.777652728806316,7.262822109069202,-2.0749210351791314
24.15625,-2.2259236290319238,-6.8190150983215485,8.07588234368499,-4.588611583196242
24.16015625,-1.5541847711654628,-8.174055534852915,7.365985340292836,-1.3360446696199368
24.1640625,1.2354478542880099,-5.7694985087481765,7.120830602191118,-1.7202543084252517
24.16796875,3.149086011223527,-3.4658252988729155,6.945683974349074,0.5282349991022655
24.171875,4.548203731685596,-2.554853839702489,6.002891388735806,-0.3295995431065186
24.17578125,3.345683160389518,0.28457471162470493,3.398956386862762,1.5182617248945434
24.1796875,2.6433384039503944,1.8158364362555741,-0.6112664176418399,2.906892765328804
24.18359375,4.5547815832739635,2.3483146447404035,-0.5685907334304083,5.086672932314169
24.1875,2.91136711737333,5.808552659551191,-0.549727703400535,2.4142128896754436
24.19140625,5.606300474537996,4.644279295586919,-2.3977363488732806,3.0180569087198945
24.1953125,8.354827575365645,7.452501804840444,-3.876019906286289,2.540781022417223
24.19921875,6.862693429149933,6.702984517202862,-3.7421187745145206,3.552246735981957
24.203125,6.536345629300908,6.876844322415724,-3.178849055326214,2.7523719517245966
24.20703125,7.065970358979532,5.646506311321778,-4.185077660819868,3.583062111581032
24.2109375,5.772763727675375,5.458883770237977,-6.4550556447738225,3.357724867649155
24.21484375,4.898977561375527,7.369726044302178,-6.432778980383123,2.663506885479407
24.21875,2.231171632730332,4.998775482773524,-6.620209442828893,6.729139786541316
24.22265625,1.5664104225069746,5.284117703905846,-8.14113118909924,2.6149953405793225
24.2265625,-0.2765209882964465,2.9238580066893842,-8.528621763035725,2.5909869124173204
24.23046875,-2.94809457632967,5.961651330972555,-7.5992678573098384,0.8151451063755588
24.234375,-4.374381260820916,3.4727610982500496,-9.119150504286822,-1.4269069814137234
24.23828125,-6.33541124700774,0.44444161219529343,-5.479196912978448,-3.3131559578826315
24.2421875,-8.743064460633578,0.021865392108240733,-1.7362627421578951,-6.40048827739332
24.24609375,-8.286434983250803,-3.788716795636903,0.30913382075599977,-7.883958965467497
24.25,-8.639753820996114,-5.143199468882859,1.906205175927262,-8.36941219408596
24.25390625,-6.245266908793433,-6.180302757581243,4.998121277043907,-6.947423222579359
24.2578125,-8.32575429451629,-6.951305171468516,6.6139527740145665,-11.228608385598598
24.26171875,-4.8575920365483976,-8.165318982102042,6.247771664566626,-7.159321592817978
24.265625,-5.66231113942024,-8.316633577070114,5.742139169818483,-7.348048340191852
24.26953125,-3.314931044636523,-7.162644014642616,6.800380271519595,-4.845527915061638
24.2734375,-2.0154542954394645,-5.249164301531854,4.9839880631028155,-2.9267634590802363
24.27734375,-1.9230222455655575,-3.2644217053012867,3.4648733869137405,-2.5936710355157446
24.28125,-0.5832411568191871,-0.938669982017614,5.113740168328862,-0.026617290380993808
24.28515625,-0.4141681773246886,1.2757045635657462,3.6114073680842385,-0.8544920587299019
24.2890625,-0.2609412732218406,1.1082812950546268,2.3408265379942597,-1.7889493187837844
24.29296875,1.8147800449011595,0.9405131904609415,2.948332770149053,2.7499263044343363
24.296875,2.665003185015775,1.9323986188982571,3.14041046434614,-0.45514306523107395
24.30078125,4.38738088544799,0.4381261336148321,3.3420078885929794,2.950967400548234
24.3046875,5.844439782341864,1.4022686416688241,1.8888922877876966,3.6103809040042663
24.30859375,6.487905539586863,0.5489341823045025,0.031286836991023526,4.818400720645064
24.3125,7.4650757465293855,1.1778841018268544,-0.35022791516412405,5.751950903248494
24.31640625,5.109695831709296,1.3576617256256605,-0.5096324410817803,9.145933876700452
24.3203125,5.804416709011925,2.8690392598770584,-1.8335098793035778,6.648165137056621
24.32421875,4.812607793836055,1.1672514196904191,-4.532695052957458,7.847060801270718
24.328125,1.0467443644044692,1.123670100095084,-2.695145402151962,7.035919118379478
24.33203125,0.11226824264676417,1.2973066053073499,-4.085346368183689,5.375571412637155
24.3359375,-1.8909872017012146,0.5354939497132305,-2.6852592722145316,4.142188744803748
24.33984375,-1.7251457801169268,-1.4010377399648832,-0.6797480398498953,1.3674236947311766
24.34375,-3.628321781754778,-2.2120787222591,-0.4570724951768842,-1.4326482096865651
24.34765625,-2.0165608700772246,-3.1673570235029556,1.588121560869495,-2.9604411134735917
24.3515625,-2.2134790000594604,-2.7907863890005675,2.2991249398213074,-5.008996200721697
24.35546875,-2.7871928165423734,-4.996690467609419,4.5131376583153315,-3.724173346534519
24.359375,-0.387897264472858,-6.55833561076573,2.9358297628389076,-7.505678598999701
24.36328125,0.8295751758653602,-4.433318446456229,2.9651648310369847,-4.314573497876254
24.3671875,1.289875569619633,-2.382979451853066,4.5100778403692585,-2.365338307442163
24.37109375,3.0157297677473696,0.6995970180824933,2.218262096472962,-2.1839603379991415
24.375,0.3752093732512043,-1.6728604677928147,-1.2953253172679688,0.35960048828421365
24.37890625,0.06744130052535158,1.052603705711355,0.6486420678089926,-1.702143031923021
24.3828125,2.2798450470717304,3.3067203444363744,-3.0130901093986955,0.6037314855298068
24.38671875,1.3451945809705437,3.4764622623584462,-2.4105275568692757,-0.8059984062043956
24.390625,2.253415903495834,6.30781516562577,-3.127877174564111,-3.405881917660513
24.39453125,2.713078251634644,6.868933741052581,-3.1435297030565508,0.9016635316938786
24.3984375,2.9679613059024863,6.664430519180193,-2.8915169764884263,-2.3386917997595345
24.40234375,4.877198260266805,3.9796467693049946,-1.6837198398737532,-0.2270117607919388
24.40625,1.8134193260919909,4.954037009172255,-2.6293789705159423,-0.31579278758759644
24.41015625,2.5603254179015447,5.182219305917964,-4.141380534830135,-0.09299005689025086
24.4140625,4.636352728190673,3.49820894681208,-5.854908447550114,1.340998592167769
24.41796875,2.687128029515489,1.6217691818961417,-7.299054509252253,0.7179259237642439
24.421875,0.02631908252558149,2.949835729999223,-6.117307824049203,3.547295655630063
24.42578125,-1.8615206712675538,2.0209902348314857,-6.237676873613763,0.8629099532351181
24.4296875,-3.954548111980315,2.6825893569706283,-5.800211263077575,-0.25138281400469276
24.43359375,-7.366137858619291,0.4199470370933596,-3.6965869140861205,-1.753816671177677
24.4375,-9.559041029913317,-1.860195725781697,-2.875669821050949,-0.7898110022637876
24.44140625,-7.607702326076175,-2.5292388233105925,-0.7220958304300038,-4.4080563982735015
24.4453125,-7.076068690695768,-3.347933567699753,5.062241945547698,-4.889594424455572
24.44921875,-9.474691321269143,-9.205059351178388,5.371480778419439,-4.075176921570522
24.453125,-5.284540788739992,-8.435366463896962,6.962380556141702,-4.930241337278572
24.45703125,-5.505186001693021,-9.27861141982284,6.104265809558891,-5.193646795245379
24.4609375,-3.1918687080439523,-10.281564207184715,9.397014953523684,-3.2534562310319095
24.46484375,-1.0225374536043574,-9.905647026252797,8.880654040482467,-4.621337503337653
24.46875,0.2340336228196756,-8.193203360710012,8.316472571248697,-3.6760787292548303
24.47265625,-0.8587538081336367,-6.040434657076141,8.103353826874224,0.2657429264880402
24.4765625,3.1136645893431165,-4.297202981012506,4.042517563916017,0.6215551376048438
24.48046875,1.7376416574936842,-1.9724684198492355,5.229471679514475,2.9637284302772358
24.484375,2.044880827050738,0.30700161012671134,3.925233857597396,3.4260011914646125
24.48828125,2.402819998884674,2.501358648068306,1.6089587968523973,5.8628677197235906
24.4921875,4.441005826055359,2.5404371931900913,-0.13780754008629947,4.105570207660521
24.49609375,4.913878714955911,5.7661912158494175,-0.1996282151930926,4.316152107491367
24.5,7.021895433635472,2.995113140539101,0.4271168671207102,3.0673373221359963
24.50390625,7.917600540371066,4.125730017009177,0.22543814328754996,3.9055055875308966
24.5078125,10.433997046985462,4.161160854208121,-1.3628745621354181,5.802985669419563
24.51171875,9.93253243696657,5.213864731208788,-2.6371457070657076,8.03912131695622
24.515625,7.818788991177253,4.136516274619813,-4.042318108051629,7.717002596075372
24.51953125,6.076493227029077,3.709238806876108,-6.281199307810917,7.1758464070054915
24.5234375,4.089140764559926,4.713268339429942,-6.994639075849795,6.5701671479815404
24.52734375,4.642253915380593,6.580709894195635,-6.660023997063101,6.984134684424016
24.53125,1.0874342737322835,4.730877634801392,-7.8789915053928645,4.226512294975127
24.53515625,-3.11212777002704,3.9890595391657255,-6.55843814642784,2.5456027449516694
24.5390625,-5.195746154382919,4.107668583358716,-5.536894102677036,-0.510176031754203
24.54296875,-5.129544318395514,1.7368768216922383,-1.8890736987421501,-1.6653525333055477
24.546875,-3.7529875610837466,0.024387105669423592,-0.7553201514025766,-5.454861472140499
24.55078125,-4.09550734685615,-1.1150816858702077,0.6034162251411775,-7.9812350333761675
24.5546875,-5.357090646153615,-4.400302830463904,2.5516155188593426,-8.142152682079645
24.55859375,-3.8455738201655207,-2.154167198520055,3.56041067846884,-8.464046745905351
24.5625,-5.329696681337675,-5.40893681622331,4.33458936044609,-9.803323757578346
24.56640625,-1.3631077692698463,-2.588523273093526,2.8449706933821965,-8.752914960134309
24.5703125,-1.3153504975617611,-2.250703124455456,1.5167772831748663,-6.132576537190403
24.57421875,-2.7431752251013215,-2.179820292506549,1.9439628531278232,-4.912205711620501
24.578125,-2.4085111518633218,0.9934690618755567,0.04718874144437529,-3.342069380552894
24.58203125,-3.0436306078580344,2.1714698867964772,0.24124233816400498,-1.981648729419171
24.5859375,-2.2777378414732663,2.7450000530266174,-0.3007524439622695,-2.363884962885998
24.58984375,0.4660060325583202,3.221711735225359,0.602625951137456,-2.5196544181314366
24.59375,-0.8221433384918846,1.7322245749457477,1.9865185367534026,-0.3331151855032479
24.59765625,0.18171665549288496,4.194782987797163,0.8408018535550414,0.08656882341202254
24.6015625,2.8753797034091013,1.6185906381493829,-1.8241530986229932,-0.249697935589258
24.60546875,2.607987341261516,2.829272633400186,1.2106111276143874,1.008671442039826
24.609375,3.3758497952077016,-0.6585004211474208,-2.481868383358604,2.814746008917482
24.61328125,3.4345615723310927,1.4980409613786418,-0.1728746207805416,5.3678327374180625
24.6171875,2.9582659652957117,-1.560492162613606,-1.0156527510107543,4.361110650165891
24.62109375,1.8854280723236667,0.4806252017721278,-2.8000162425454707,5.106715019615938
24.625,-0.5150054917777048,0.34173956667780947,-3.2901535968831848,5.509879080918672
24.62890625,-1.6691610637289938,-0.8850044392925536,-4.278138993130616,4.1014751624829655
24.6328125,-3.82177125984171,-0.6493984366185278,-0.9490444816966759,1.7252113775941627
24.63671875,-5.126545188264155,-1.3862008091423315,-2.382391855378404,1.4693513134309573
24.640625,-4.912803089037532,-3.9093321447215965,0.2612618270195539,-0.6084796073740438
24.64453125,-6.64572760611833,-4.743713008255038,3.7443549514489654,-2.5953575649253486
24.6484375,-4.5608967826721605,-5.670212717513892,4.63564441941402,-3.8978182113857653
24.65234375,-4.613500222467033,-7.023795220254765,5.218485597008894,-1.6480154120576314
24.65625,-1.2356200195113827,-7.671230327445694,6.0035570424448546,-2.1569702697278217
24.66015625,1.174974911052173,-7.137475149895215,8.408781133994786,-3.9430526926453866
24.6640625,3.1173305931328015,-6.589274071055792,5.609346663018293,-1.5147855459992041
24.66796875,0.8590218614909468,-4.26924181129114,5.0201615128984045,0.6634324123784023
24.671875,2.5701539350259623,-1.893146284873021,4.654005006505863,3.2001199798360465
24.67578125,2.087609086988059,-2.252992808681664,3.5487053431477427,0.8836831215025949
24.6796875,3.9039626014460604,1.8130102635988008,0.31746125031062,4.342036956578263
24.68359375,5.4484454776313616,2.203413736996364,-1.1014624372253383,3.3748889606726316
24.6875,4.263032640159459,6.9747359825031445,-1.802586180655669,2.6332917395036275
24.69140625,3.1827046685704397,6.366348142903063,-0.7734573794447122,2.056674158220187
24.6953125,4.601164751948555,6.362289134066244,-2.9221833949011318,3.7116744418296603
24.69921875,4.827162968071677,7.608522015676726,-3.1008411012765245,0.6014913222295033
24.703125,4.598975585097524,4.876015485347645,-3.815998861429564,4.830062047781293
24.70703125,6.818059316904177,8.77608629824357,-5.5470287407901715,3.2528276641708653
24.7109375,7.484588459864888,6.129297264889859,-5.292082254469392,3.341582012544751
24.71484375,4.659803485323632,5.0066901116796485,-6.6945087335878615,4.283372613387381
24.71875,3.6623814446897294,6.705411761081637,-6.520266618907429,4.026365610563597
24.72265625,0.8689394385909519,4.862614815937189,-9.641907768692413,4.359934211148899
24.7265625,-1.7041460815071667,5.02737417655165,-9.425260854923298,3.9954137031680457
24.73046875,-2.9133587162141947,6.096989854570951,-8.646717941455844,0.9458669349240894
24.734375,-5.408946510340263,1.768406501054125,-7.011168233367757,-0.3342626737154263
24.73828125,-6.5558271449670125,-0.16875524834218525,-3.825769893542051,-3.1709249658864
24.7421875,-10.57730649192007,0.15793691930795528,-2.913796744845877,-5.899203746744696
24.74609375,-9.798453070995853,-2.4456081982783693,0.5581057500525916,-6.563002290880366
24.75,-10.361741489482574,-3.514872532182241,2.288817556188802,-9.826270996631333
24.75390625,-7.602994819197415,-6.077525084172375,4.158303267939051,-8.987114726942732
24.7578125,-5.357845569677475,-8.326494440375644,6.095773659370081,-8.013685133052217
24.76171875,-5.950586316646683,-9.542424706388434,3.8065010495293743,-8.189628898106053
24.765625,-4.2662356374923585,-6.3959855693056,6.3909677629707,-6.571471653405302
24.76953125,-3.8715263707018033,-6.325587442540028,5.151066670630966,-5.8701418801001966
24.7734375,-4.188033368866364,-4.383144338970865,6.280189734877416,-4.648417226827216
24.77734375,-1.2785252435743688,-4.227471837715995,6.123629148924811,-2.2749768431427193
24.78125,-2.4915174292102513,0.4263327199017728,2.885118105110638,-0.2651766205090006
24.78515625,-0.9293054411503319,1.5911591418138256,2.1568759425918462,1.6031490326060558
24.7890625,0.09714903737657823,1.4841091404635294,2.440096424943471,-0.2761006756190245
24.79296875,2.769781622645012,-0.2369919258092743,3.0055605572341193,0.5303704590494626
24.796875,3.5755864043547723,0.9229164368698703,1.5289259988195067,2.960921863113108
24.80078125,4.151428920363138,0.39054182693858164,3.6899452959358934,3.9235922427885486
24.8046875,5.359998535118803,0.49689019381618194,2.667182883073618,3.9268104383623132
24.80859375,6.584227559529518,2.530978305288743,0.14773100887963153,6.31615286722975
24.8125,7.193837839990325,0.7233222480118677,-0.439865194513249,5.92607511145213
24.81640625,7.0325845767325585,2.3363489086246076,0.10960215389643646,7.061179988868778
24.8203125,5.616634734289772,0.6082090054717928,-3.5691484858192863,6.578677520099337
24.82421875,6.036483580486001,2.0964070003708724,-3.4629630785730297,7.172077427064447
24.828125,1.9822953533903187,0.6803746708034519,-5.0178080836064405,6.506229198252832
24.83203125,-0.5773763222541827,1.1682768281934297,-2.467076382431251,5.13748413231758
24.8359375,-1.7486035381795042,3.202726998010808,-2.427861134274768,1.9821092282141224
24.83984375,-0.268080333559658,-0.7730220692296733,-2.552952307841977,3.586994683797239
24.84375,-3.7252966500125275,0.1571961803620623,0.9419378804863198,0.7986714435908133
24.84765625,-1.5590608952192064,-2.3325378111545683,0.9000846377802023,-2.5501454959432626
24.8515625,-1.4876149579868407,-3.4061855842745956,4.0528495764959525,-3.990586375784735
24.85546875,-1.9107534092577168,-4.634413050806987,4.932271406043261,-5.101027611279103
24.859375,0.19435265670198554,-3.9738315337266994,4.316233012925724,-5.414098845833764
24.86328125,0.9876728483377405,-3.7284007989946586,3.499386685793529,-2.028162552929235
24.8671875,1.5053274595406152,-3.3307336137803696,2.599169342831117,-3.4579317264353007
24.87109375,1.7751948221693756,1.0699631499463464,3.015802406162827,-2.360334107130274
24.875,1.8055902127256203,-0.24146477017600687,0.59444600386948,-1.5074094128115523
24.87890625,1.0758506800637677,2.894284457487831,-0.4813616590645342,-0.13983725133468328
24.8828125,2.09426134496843,2.5062557371990044,-2.3156752213301983,-1.2206586572436762
24.88671875,1.0657396317388947,7.9401825350529345,-4.072924173466137,-3.236053150278284
24.890625,1.3844302208049402,6.453026052231163,-1.83205133003696,-1.2988065592586764
24.89453125,1.38604688574083,5.384490544810095,-2.786333446611111,0.3334009712435022
24.8984375,1.4145623379995782,8.261167122645093,-2.6575603366326996,-0.09011733048333337
24.90234375,1.5475034084760353,6.594181967132924,-3.35471675048206,-0.30855628918794
24.90625,4.6006014500916175,5.648381714537368,-3.974492608286952,0.4367952303714657
24.91015625,2.894874018416179,4.379737071085258,-4.121906063964981,1.3669149465326162
24.9140625,2.1000974819502174,4.257719142261388,-4.413917493545996,1.6343952224513187
24.91796875,0.32886706720914916,2.239799204779664,-7.73738464281033,2.860925593630916
24.921875,1.0734940692496877,4.519392507201745,-8.105794823342867,3.3010932386422858
24.92578125,-1.5900923626995185,4.605813363493417,-6.185107894623248,1.3979837673034852
24.9296875,-4.622383473348172,0.18331610305303436,-6.194157789739267,0.737133029182822
24.93359375,-6.633346899298457,1.199551982506191,-4.8512795799522594,1.62759261058535
24.9375,-7.417216252394181,-1.3431182264393557,-2.726786282645619,-2.8918715734158944
24.94140625,-9.368678595554698,-2.6371404047306948,-1.875309885339484,-3.5939391795849396
24.9453125,-6.866860437482148,-5.402616133756705,5.853104825932297,-5.387087504011735
24.94921875,-9.090989920695284,-8.75253492363377,5.144119960608437,-6.96463640087404
24.953125,-7.234808431694626,-9.862013109985813,6.625587062501208,-7.187395252900666
24.95703125,-4.150861885500121,-9.500625821773003,8.78124539897599,-7.409140871785695
24.9609375,-2.8454295242545524,-8.373998112870046,9.106910536838656,-4.690526550816243
24.96484375,-3.4921931897954783,-8.447064518392738,8.839470668940221,-3.791312357658835
24.96875,-0.946701950905945,-9.393574609491912,8.846421217507293,-2.8061443740977614
24.97265625,1.6599988780335058,-6.05498117364513,5.953070954876157,-1.7272394601095242
24.9765625,0.37873169488841296,-5.426404903342871,5.405290657380528,0.12443252756504297
24.98046875,0.6527005459458433,-1.1746275855634234,4.319063385665585,2.0099002120736706
24.984375,2.5102079732709717,-0.21743603168184256,2.8367144416843817,3.470590561743884
24.98828125,4.4439195551110044,1.7652795779457198,3.4200589400193246,4.360325653366212
24.9921875,4.49066741621806,2.4919668100124386,2.9309633441465723,5.237726750537469
24.99609375,5.975078200179545,2.0574873900075357,-0.3296373483935311,4.481945787718732
25.0,6.286854588162021,3.6242288373990097,1.1905852040877107,4.816194603648832
25.00390625,7.901616251244678,5.488988051638214,-0.5274228733287715,4.809846949135243
25.0078125,8.506829699464557,3.853307010634055,-1.3779142606197083,7.731685677357591
25.01171875,6.421877749156565,4.766766635776307,-2.8529621097794076,7.127636823634272
25.015625,7.216623421567108,3.7930985689693753,-4.598088485826248,7.13222581564983
25.01953125,4.930425089340864,4.2116718272276845,-5.843567069100579,6.8060221878739435
25.0234375,4.799982335360818,5.585387029623532,-7.066274861635208,7.829685571921461
25.02734375,1.3949622735841087,7.4096894367837205,-7.840304467266167,5.240073918567744
25.03125,-0.9735055720220811,4.472146982404348,-6.625904076898078,4.301708169535598
25.03515625,-1.3181687350134217,3.7337670645683954,-6.033679128817337,2.07636256452529
25.0390625,-4.98192067945347,1.618968196446808,-4.2041217120091074,-0.7128861465836984
25.04296875,-6.110695279653399,1.641335665613167,-1.716584662170514,-2.3788824157485546
25.046875,-4.472829079643089,1.1049958652247758,-1.138887915079211,-6.857460053813673
25.05078125,-6.686197749426757,-2.1457151972860107,3.3657620032465805,-7.2931809286399965
25.0546875,-4.411406559805061,-4.288653700137899,2.20969070069769,-9.269232761180856
25.05859375,-4.3604334418951485,-3.956836089308907,2.9725281961367904,-8.07434829206099
25.0625,-4.442410371555727,-4.559035438345625,3.160990925308179,-9.323135115789283
25.06640625,-3.6579138843769474,-3.645213553639943,2.439114682501442,-6.464994367955469
25.0703125,-2.475043027382589,-0.9139426987660955,3.2363781079789136,-7.230149500147785
25.07421875,-2.560824062777521,-2.2049477278444076,1.729094928652005,-4.422373644719718
25.078125,-1.6830249627010896,1.608204236048071,0.9784716783138202,-4.934273303116081
25.08203125,-0.42647717246426864,0.4475516034039857,-1.2603449484435327,-2.7531895495107443
25.0859375,0.19868967425806372,1.5939526960628028,-0.6383785022643531,-1.9398522188794087
25.08984375,-1.783077667341834,1.9018476401242495,-1.7805776595483476,-2.4547607671214706
25.09375,-0.572142508182072,2.764648989314521,-2.121449649310495,-1.8045347331738835
25.09765625,0.047222964540547196,2.141913660528938,-2.9167174565725764,-0.6289815306647542
25.1015625,0.20035824374727373,1.3587717142523381,-1.5288334645568002,0.037227664314512604
25.10546875,2.5842294190550663,0.6146722560372041,0.16862411156663448,1.4072906393138584
25.109375,1.0573256055437996,-1.142999539836655,-0.9125769099523598,3.7747546869700552
25.11328125,3.9964642370232877,1.1691828364194987,-0.6914715618778605,2.6842138851641844
25.1171875,3.43126313683295,-0.13520042495250856,-1.3003103081612912,5.616465871206712
25.12109375,0.7031861982505687,0.1625238668081633,-2.4989653223174213,5.725643056086103
25.125,0.5112053036565041,-0.12527746520196825,-2.1723024045070267,5.14438026489834
25.12890625,-1.8115964670891298,-2.1179130645818716,-2.329310983274107,4.563653162392208
25.1328125,-3.4871168495491527,-1.6830258164682206,-3.347822706805139,3.8786892642386657
25.13671875,-5.734533140354139,-2.290664455696704,-0.5437490752137984,2.3633678689714013
25.140625,-5.196016357189321,-5.79397096093459,0.5733948417313559,0.4809888297288134
25.14453125,-5.610434290968853,-4.073791426904491,3.7589667901048136,-1.0650836304131879
25.1484375,-5.468599537643209,-5.853512759662013,4.855276252814081,-2.545476837958562
25.15234375,-3.287902666511539,-6.760384294362743,5.632696006131523,-2.971780728895371
25.15625,-2.287704679451531,-9.923190749064212,6.8040293181437415,-5.065488706353066
25.16015625,0.4179294575249639,-7.524114432169015,9.065054329975666,-2.9081045141131647
25.1640625,-0.5939656025073381,-5.9271761504535725,6.9996886187578875,-2.0791417097729794
25.16796875,2.5394592986005797,-5.313696481418013,4.741484316260237,0.22422764206256274
25.171875,2.774992196160737,-2.05384541059093,5.93172594912876,0.0492095447679301
25.17578125,3.374602461359176,0.31237575792297223,2.5428934452473713,1.4553050061536505
25.1796875,3.678914419360993,2.66569707957213,3.0227061004239086,3.0480307467663152
25.18359375,6.03050946510797,5.106124160191877,1.8747118437380517,1.9791126334022988
25.1875,4.9811860570299045,5.354398183823871,-1.4083682891252027,2.0875666113789606
25.19140625,4.012784161433012,6.7532024469542895,-2.275805652364119,3.2353416891951925
25.1953125,6.823348085569665,7.876933611364646,-1.2430516644769707,4.567249703403029
25.19921875,4.990505140420019,6.037486554058079,-4.001268895739761,2.9627294102407435
25.203125,7.813302154237657,6.550714405620637,-3.965767482971862,2.3127924982389345
25.20703125,6.845859939848968,4.13600565960882,-3.4648166261853657,4.474649666025048
25.2109375,6.2638240937456855,7.339870784338158,-5.700436802279572,3.954409269894576
25.21484375,3.8664611154334088,5.993815759805539,-7.923960971487491,5.585235040185039
25.21875,3.9109384208357607,6.409755422352408,-8.248324900567289,3.5795146401464035
25.22265625,0.7646922500364006,5.7258467878610855,-8.92508177985881,4.331687553142346
25.2265625,-1.6478912593784572,4.2703006377539365,-6.2015304098522215,1.5874251687733554
25.23046875,-3.532464418735847,3.5534504106951204,-8.60129284926902,0.8193921284903045
25.234375,-4.067452959259665,2.127058346308604,-8.400116857381853,-0.4671934616181928
25.23828125,-5.60585577788775,0.8104616771761026,-5.711635632730239,-4.05240755815616
25.2421875,-8.388818461307183,0.8790804301918169,-3.429527336919026,-4.720120726586308
25.24609375,-8.4915596250157,-2.047019466478342,0.43305726685237256,-7.171876959073047
25.25,-6.185039560285146,-5.865624707227226,1.6395061070295718,-8.588160908072862
25.25390625,-6.684410912082505,-7.364614253792191,4.297139359740659,-10.09521107016168
25.2578125,-7.27913047331948,-5.733178140109652,5.738832878585449,-8.292212380553195
25.26171875,-4.714514388789415,-7.907728570513346,6.335294787071439,-9.370152329357113
25.265625,-3.6826312432433577,-7.437827131730565,7.12839855899524,-7.421816501319345
25.26953125,-1.3463202623764203,-4.8518223225381245,6.424276836449969,-5.049696864797515
25.2734375,-1.5128238873502744,-3.756659742641869,4.733136825052918,-2.7934997804356527
25.27734375,-1.7943021204158454,-3.8238952543108495,5.67137948842395,-2.0186078614037233
25.28125,-0.436738262484366,-0.7595624125025323,4.586441305566073,-1.3164181001515245
25.28515625,-0.4003768261200087,1.4941223049176957,3.959802703665815,0.7169836594042803
25.2890625,0.1457452515193254,0.4115072403654436,1.3330613426250846,1.8160999927484205
25.29296875,1.2423763579221319,2.3666437795792286,1.3686551928702955,1.3143809802423025
25.296875,2.4845556959633592,1.9826379332933335,2.967526914481778,2.977094478759212
25.30078125,3.200439367538296,2.6141606429625464,1.0560822299811292,2.241982590899836
25.3046875,7.25265773460946,1.5478007304591865,0.4164164326036415,6.003365721003908
25.30859375,5.585855909982454,1.1025704963123792,0.21973885157543654,3.07964017192734
25.3125,7.601705842401363,0.8445224711031736,-0.36719531233413955,7.373220820643762
25.31640625,6.198600335262328,1.0665641578746365,-1.4652722992585108,7.926161253811083
25.3203125,5.291721635358496,0.8437458267579426,-2.0017897875605923,7.5934084578517975
25.32421875,3.41154265702287,1.9480557845892437,-4.330193109979916,8.901791530961768
25.328125,0.03539533803560979,3.4553521819357105,-4.0675192663871504,7.3221417791728864
25.33203125,1.5163452041617698,1.0944338954436983,-5.361111252600927,5.398807533036362
25.3359375,-0.38496028528418424,1.039911940038449,-4.6251172263689035,3.040877202812669
25.33984375,-4.389862826339439,-1.3972247785461767,-4.264542522693423,2.5008576347098312
25.34375,-3.46126414202476,-2.2672041101535534,0.1417899904134886,0.9462734321636606
25.34765625,-2.714471381478457,-2.560306552998467,2.832109397568501,-3.716762051053472
25.3515625,-3.3870831037029627,-3.510692467598889,3.688223127654618,-1.9783116983380087
25.35546875,-2.284766089886049,-5.051529671311281,5.174221333774605,-3.0698121539829164
25.359375,-1.2451111752086748,-4.797818842464791,2.8946003596371064,-2.1805310338020507
25.36328125,1.9484624314101804,-5.31959019462881,4.110763265735518,-3.7842384048980215
25.3671875,2.148704752566977,-2.570011129480295,2.718850517437867,-4.6283114518263275
25.37109375,1.127995880531886,-2.128929311461354,2.511130000935979,-1.5497863521538866
25.375,2.009872867154135,0.7082498294125488,-1.130081493400576,-0.6623863162905025
25.37890625,2.1035923725154975,3.397326260462882,0.10964166033968192,-0.5439382186276693
25.3828125,0.1548059634696628,5.981053649485252,-1.982464170790743,-1.4683848921912053
25.38671875,0.6349948313314604,7.239213850114788,-0.9032452762211038,-0.03808504797788714
25.390625,0.6804448879917269,6.703626944197318,-4.4378219414992355,-0.5469628113942593
25.39453125,0.7291743930580589,6.016422253680836,-3.13704933655712,0.12685960508409067
25.3984375,0.8524511800134638,5.457510251602889,-3.4456547908165915,-1.3802753136367216
25.40234375,1.7637550799033148,6.068490273203624,-3.609689314425023,1.5625766887010744
25.40625,3.5406343717369073,4.880158371477226,-4.32644645273413,-0.6609702122328384
25.41015625,3.9672687792073296,5.068182878869906,-1.977980386402736,2.094346440637214
25.4140625,2.713559798187048,2.720709705907524,-4.851313060193085,0.7154648550229077
25.41796875,2.1256768743167433,3.8483836436872716,-5.622934092756416,3.6440650730892874
25.421875,0.8704237149636991,2.348071345108624,-6.0894987031796735,2.6601380641968397
25.42578125,-3.285280906345199,1.9462991621111667,-4.36122766984138,1.321667484958956
25.4296875,-3.8428769156987403,1.1441205191291894,-4.412825411232423,0.7201048341853175
25.43359375,-5.327912265370886,0.2933348754066534,-4.34051833217996,0.7575699822948854
25.4375,-7.178793264595999,-1.9662343232336388,-3.0877947529549337,-1.302456662637221
25.44140625,-8.433209542814279,-0.6842236612087143,0.9171798225416483,-3.7111427189658235
25.4453125,-9.105963528246859,-5.944574540852063,2.236706485598759,-5.721917288389006
25.44921875,-6.88288816510264,-8.12937545396642,6.143608046406981,-7.028946369991999
25.453125,-5.486075545051142,-10.007026196012195,7.178738788045767,-6.877894465615422
25.45703125,-3.8586253343674857,-10.699216727217777,9.12015806091108,-7.688562399299727
25.4609375,-3.193037925244255,-9.561658536959158,8.379843752290004,-4.069599691372563
25.46484375,-1.4867281054020696,-9.334530520426284,8.836845896999987,-2.8823318620879
25.46875,-1.4216893981536942,-9.217423557814286,6.337102297616176,-0.5971794768616772
25.47265625,1.3180449074459177,-7.737030178817087,8.73033869006579,0.9349403358071806
25.4765625,3.213813384789079,-3.0292249775024898,6.831735368069415,0.16204961499339032
25.48046875,1.1431032024797785,-1.6516561610790408,4.730848732492275,0.7849392713211449
25.484375,2.2754719782338397,0.04281197784576862,2.868464544778686,4.150271786513512
25.48828125,3.155971732890301,3.6977169903164837,1.7623846350261674,3.160685151773364
25.4921875,5.565032392619917,3.282651657146203,1.3942083477972786,4.699422175828569
25.49609375,5.707088579872532,2.816069771990689,1.8408405561716092,4.697158520979517
25.5,6.479082036753511,2.9832131230013466,-0.15903243100425046,4.242612798489662
25.50390625,7.74076090009155,3.6173466377856256,0.6997233975155845,5.3952970512061516
25.5078125,7.1144657952273604,3.1112906475665296,-2.7992127374552496,6.2717392520845605
25.51171875,8.984414056396192,4.014773309897735,-3.4253714999232283,5.962987597585294
25.515625,7.923256831236789,4.557417992258121,-4.306688566236979,9.441136158071892
25.51953125,7.10130116437656,4.816911368056509,-6.2586239393131144,9.230876546451688
25.5234375,3.2121123664193103,3.9171212919607945,-5.7604157780143,7.220835819175106
25.52734375,1.4808566993082226,5.557607334108712,-8.31724624109057,5.9780456807498625
25.53125,-0.5537953249612639,5.077107321231505,-8.218480495219996,3.6382878905427676
25.53515625,-2.5313174781674044,3.6163485771583472,-4.3221902884428305,2.900313579119792
25.5390625,-4.27753657136784,3.0841923679297225,-6.56737434564869,0.5367165992917952
25.54296875,-2.946389076346403,0.9124592471784169,-2.4164602451148443,-2.933448548003499
25.546875,-6.349318567806014,0.012569527925929913,-3.039147677435528,-4.619097609937083
25.55078125,-3.9836595888226958,-3.0493736700508527,0.9459328869167464,-7.331658531595698
25.5546875,-3.9197470680904405,-3.0474853070921837,1.904644608359347,-7.536155928793236
25.55859375,-4.530952618617333,-5.188494692677197,2.157182616411058,-9.163964926388578
25.5625,-1.9271390674750208,-3.207368770922094,3.7529202380551374,-6.678031083129758
25.56640625,-2.6964047202542636,-1.78775258217531,2.9751733899265855,-8.022429927483909
25.5703125,-1.1673373718419038,-2.9239210073480697,1.5448647621655063,-4.869160659029189
25.57421875,-1.9778940436944494,-0.8448054806539972,1.595361898629703,-5.666215208181685
25.578125,-2.3793120273643455,1.4796995051541701,0.7060221832110591,-2.5796604677491075
25.58203125,-0.7366986723803599,2.3930391900447523,0.7486321990619123,-2.5295369110512076
25.5859375,-0.8547576668279163,1.955559574789483,0.35146755674111774,-4.318538956062589
25.58984375,-2.3271032593063623,2.5625322405575783,-1.258222627227248,-2.2754179150312708
25.59375,0.44834704745337195,3.4714747966522768,-0.8302784379463446,-2.338102328862983
25.59765625,0.8173308699622179,1.3937548474557957,1.1023317003188933,-1.728076215164316
25.6015625,0.7780645426026063,2.258558025766744,-1.122332253398553,1.0085326559510892
25.60546875,3.2110561241003683,1.2691599160430678,0.7864831570325457,1.899882249852781
25.609375,4.093944797606822,-0.8869486512506624,-1.1840980875469374,2.7502175425132847
25.61328125,3.6064146322712936,-0.33862239315096865,-0.5513147107258306,3.6632297186011
25.6171875,1.5127316775127142,-0.2161714972022446,-3.285181278073871,3.157043029768291
25.62109375,2.33471779215044,-2.3430735371762013,-0.880703992952742,7.538211867053227
25.625,0.684493610571235,0.039361613602880124,-3.083954423355848,3.279324564676142
25.62890625,-2.495602929275724,-0.9897991701125112,-3.193857433840143,4.2167463766781115
25.6328125,-3.0606105636776193,-1.1712789704935642,-0.7249913957573297,4.162478200828881
25.63671875,-3.718542850955279,-1.1323672163688423,0.2945796540432861,3.264143853427677
25.640625,-5.540003166081843,-3.228958052342792,0.6540196325069217,-0.2603767181972344
25.64453125,-5.0002689589249,-4.193526516289222,3.1731314547248655,-0.33346237302446524
25.6484375,-3.7187632601251606,-6.774084107293741,4.309589435138663,-2.9044481223631
25.65234375,-4.882663036823572,-7.336679546661262,7.543534243129779,-3.995825935029881
25.65625,-1.3162430864796328,-7.8002265598262674,8.16675328904798,-2.4743136803973176
25.66015625,-1.1430840446483956,-7.300054599564045,8.131085724447196,-3.2646840209176213
25.6640625,0.019397552907526316,-5.543131729310733,8.165379648491236,-1.3006315722606878
25.66796875,1.583225861365802,-3.5519778291828277,6.373591930695434,-1.1621612529206047
25.671875,3.5321251257689164,-3.2063915470047664,4.682213075135542,-1.839177586846367
25.67578125,2.8613556130649314,-0.8559287730260556,1.8360546395154014,1.6397076180455077
25.6796875,3.227457682889797,1.323593912014817,1.8443218367185856,4.224862235298533
25.68359375,4.664770518439178,4.386714931472088,1.7781734870769115,2.423977581048038
25.6875,2.7370551031805226,6.338013870711064,-0.8335092722586274,1.3082103489352062
25.69140625,3.7315803046166405,9.442456148961092,-1.8700008465224627,2.154005142973125
25.6953125,6.033672397496307,6.349490696857104,-0.8937993671413265,1.7661385127594773
25.69921875,6.711931774646722,6.857029477175033,-2.404041398476361,1.3827316033907415
25.703125,5.556030589164105,6.206709438461524,-2.0654450919182485,2.5808840062714227
25.70703125,4.2588793261665945,5.555521792725233,-7.9978261506722825,3.6389942465581853
25.7109375,6.45444029355307,5.185327524597667,-6.482761964447013,4.516691735949755
25.71484375,3.48142186843627,4.543461319382566,-6.2289445604664015,4.42917221300947
25.71875,5.011541555270662,5.465112905483885,-9.991937404203647,4.770658209623282
25.72265625,1.4967207469825037,6.307456577547083,-7.967639054865517,3.7947700613008575
25.7265625,-0.45055196917757134,5.264926358278544,-8.28728552108768,0.9373080246128276
25.73046875,-1.9459779916410804,5.480358645500916,-8.996590480919714,-0.47421817817479117
25.734375,-5.83441799824152,1.9788775765230646,-6.768895880118189,-1.7528924826818415
25.73828125,-7.081705898616221,0.9592377468017392,-5.5778317326813545,-2.2211821086892822
25.7421875,-9.363660683243298,0.654600110097309,-3.0845328872241944,-4.9996208124271995
25.74609375,-8.176880227430955,-4.671724347228919,0.5306339978454421,-5.203622133587581
25.75,-9.39665038911649,-2.6783421537308842,1.7272300987632412,-7.774468574843999
25.75390625,-7.893271877344047,-7.573550694207039,4.828988555802356,-9.561810865094609
25.7578125,-7.033584810449701,-7.980200992070183,4.451523038140104,-10.388202089062265
25.76171875,-4.808302438196826,-8.405267984592646,7.657138150939892,-7.630058050357171
25.765625,-4.488453850146647,-8.101836316328857,7.336087687002619,-7.86948755239533
25.76953125,-3.5853619629682867,-8.284870748555344,5.899105376295819,-7.815044100875139
25.7734375,-1.9918369188052587,-4.398236840104891,7.190340705820481,-3.4310104739698546
25.77734375,-1.5891204460273376,-1.8404170426384483,4.0113530697826905,-2.4300311327984523
25.78125,-0.19827717012808277,-0.6878838433139205,4.615788129571817,-2.0745065598777996
25.78515625,1.0786212349659092,-0.13585005478377404,2.5055077689269725,-0.5118458726459015
25.7890625,-0.14547680792438122,-0.025155323984513256,1.5729272256845435,0.12731376178516107
25.79296875,0.8363510458307515,1.283275580142362,4.116271495743284,0.23701627841485173
25.796875,1.3441956664963053,1.3194152039006752,1.3506029985169299,2.0485143028884853
25.80078125,4.624424460797982,-0.2885247278326759,1.68315229958142,5.42304885196361
25.8046875,4.612573190719601,0.5375106758752648,0.39313885004762605,4.608058359826309
25.80859375,5.950334308635092,1.0975117090007216,0.7652153648969745,6.1706963910928865
25.8125,5.1774142597411394,0.739442202009582,-1.7334751446257757,6.016469798784555
25.81640625,6.427614973195816,1.50114462148581,-1.1637512955534983,8.720626130884932
25.8203125,6.617428376761611,3.9981681616268334,-2.119084525231706,7.072204742349024
25.82421875,4.260918056626944,3.2206120721091263,-5.193992842582074,9.376513562622918
25.828125,1.5670778400710768,3.964868106194694,-2.8611072009673606,6.387161588226764
25.83203125,-0.9828216362286348,3.273177538351904,-4.709413276211877,5.7396852261888185
25.8359375,-1.4682809449651097,2.155680991563993,-2.1071655444595057,2.7860342897519503
25.83984375,-1.8888609131029606,0.6039374220699729,-2.352213839496243,3.0035468892324624
25.84375,-4.4442139969783945,-0.06584954977157542,2.0854693573093903,-1.0825125226747034
25.84765625,-1.5353913707916897,-1.6613072005181397,3.6999274806229105,-3.027167896400568
25.8515625,-5.352055253071312,-4.919839161571861,2.9413180470365776,-4.2122891166227125
25.85546875,-0.7893513267529311,-4.1162078485313245,3.917391139977379,-4.256922587330478
25.859375,-0.7734244231092906,-2.4483453484814808,7.1643377244169635,-3.189989655800651
25.86328125,-0.11072343991500933,-4.070442942819926,5.9350553854560495,-3.746653531510493
25.8671875,2.7151124961222974,-2.146565498099908,3.844371478285899,-4.20371260570655
25.87109375,0.621770815962027,-2.4723927550985696,3.011344796820101,-3.5417232200949176
25.875,0.5244926678650659,1.8564952133251271,0.5801577172171261,-1.6016326824729534
25.87890625,0.2649691961610465,2.8575655165915124,-2.443411103442127,-1.561596184164203
25.8828125,2.3090369972705993,4.4494141154525835,-1.513794816483601,0.36621867688209697
25.88671875,1.3455863856316577,4.45770202549361,-2.413704325215996,-0.5935719672773474
25.890625,0.6922239865471055,5.989557033879439,-2.1006658189129945,-1.1467376324985963
25.89453125,-0.36925490422900453,7.495031886049073,-3.0475650285216958,-1.392036986478465
25.8984375,1.9321922391197346,3.6725235246425205,-4.416476850471181,-1.046550568581069
25.90234375,3.646362110870208,6.820443589013656,-2.40656413066435,-0.6292826325402994
25.90625,2.944156569520764,3.3464311514735865,-3.3173329332865964,0.7082118267950427
25.91015625,2.0208858787906188,5.292331895527121,-4.814234024320845,0.6970320439033151
25.9140625,3.4938473695052705,2.3396919642057687,-5.334766582320501,2.509293838212578
25.91796875,3.0608888133354197,4.329648471884486,-5.118249980218667,2.7033994204639966
25.921875,1.5421788672544952,1.3304494171641017,-5.664019203698507,2.6529497617744995
25.92578125,-2.8262657466501167,1.9886122208041075,-8.148518499390665,3.6593534443073024
25.9296875,-4.91376964961462,1.2540674072339788,-6.750965619801607,0.19169302351275652
25.93359375,-7.034754679511106,1.7955989698944417,-4.674343146780782,0.7596833412534076
25.9375,-7.130185012838034,-2.231645635100626,-2.299928193570825,-3.9466501621017454
25.94140625,-9.530960228032715,-2.9161384065912643,-0.6202292061776226,-4.67380791884577
25.9453125,-9.960891410350115,-6.534983511631063,2.45807709866704,-4.610641954038304
25.94921875,-7.7707253851867994,-7.461059212511517,4.4973119281962814,-7.212304733878324
25.953125,-7.560882103082271,-8.696378717527272,7.764958043564166,-7.539318910963043
25.95703125,-4.360133563168817,-9.24192716276554,6.740345560773566,-6.55556086363553
25.9609375,-4.590852123106405,-9.047209281131137,8.462891268195001,-5.31962823095843
25.96484375,-1.4424755813329742,-7.757679350819416,8.434119729205623,-3.8334494108618613
25.96875,0.21925891119067692,-8.237619825788537,6.683539143860781,-1.6031037407891429
25.97265625,0.3120172002933584,-6.070605770164725,7.558662574240121,0.14391175883716856
25.9765625,1.098984359226625,-4.818214719960895,5.686660406969603,-0.05838736551585644
25.98046875,1.9319643915402995,-2.732818535815189,4.3429975303813055,2.475409569978913
25.984375,4.098998782710401,2.3269923479024404,3.411090655164393,4.96470125525899
25.98828125,4.480835326921161,2.715077192439842,3.628389397951117,4.043206543235427
25.9921875,4.451990301781108,2.5450066718495297,2.125798446854684,4.75894513448214
25.99609375,6.008448882511552,5.0638982844371085,1.1744468486041157,3.2354792709483275
26.0,6.49867934166076,2.7148572493912493,1.8202319971666694,5.046041397792507
26.00390625,7.273400516872217,1.767846516003893,0.39578504371856593,6.427853197104271
26.0078125,8.503365600655002,3.2795540576927134,-1.5277728780032966,7.122423794326362
26.01171875,8.426344008420049,2.496737587265846,-3.062801719271882,8.537817563832917
26.015625,8.630358579975223,3.3908191116178696,-2.944290588413099,7.725140761459451
26.01953125,7.012594004951215,5.092629333725772,-7.169902871999052,7.602751030080045
26.0234375,2.62411767037508,4.257853050184021,-7.890041892743937,6.729798272645571
26.02734375,4.426984449442158,5.599211213082018,-7.593110779741104,6.921936785736175
26.03125,-2.4364376861805512,4.576599935257717,-7.874809462766763,4.0953244078637425
26.03515625,-4.087247224621057,4.154278195261613,-6.807959339479152,2.1963582003772237
26.0390625,-3.892964051538046,2.897301274322355,-5.213166388920157,-0.9853877832261868
26.04296875,-5.058761566618337,0.28610774013936613,-2.5823085725421873,-3.492361962343196
26.046875,-5.468281963451666,-1.8690270761330643,-2.7452512046848736,-6.897809442456494
26.05078125,-5.173702259490367,-1.65743264978543,1.4901311964437736,-6.110710593897187
26.0546875,-3.791382594287528,-3.079759074280211,3.146080855727903,-10.069676259399216
26.05859375,-3.4027034887271466,-2.9724790166801123,1.1897459420506489,-7.918071989630054
26.0625,-1.418651482875477,-6.242234271844351,4.308992622020765,-7.6120594901977965
26.06640625,-3.5892955092871155,-3.0798141298148893,1.4907823424580449,-7.927953293884647
26.0703125,-0.5968576761558559,-2.084367654478387,1.1901300251984999,-4.416409839345008
26.07421875,-3.3989122193100023,-1.3500087220667276,1.6549131982972658,-5.265139949580147
26.078125,-2.3137223693874756,0.657228104202547,0.9881144090562113,-3.090130138843668
26.08203125,-2.041192009233388,-0.3818147267862084,0.39552964861198137,-2.957238924335935
26.0859375,-2.0555684981681512,3.5932001195903203,-1.3527941688398089,-3.7061283129181115
26.08984375,-1.8278298679471883,2.4015745871255176,2.072343848464915,-2.9457316410396768
26.09375,0.21385463945570649,3.276145109417222,0.17733696065662652,-2.5762318987252284
26.09765625,0.18570499459981216,2.305425344477862,-0.24192995795352207,-1.554895087566544
26.1015625,2.1500307047516145,1.0408873083321692,-1.0925714131480557,-0.2366943228456007
26.10546875,1.747521945660918,2.384561524263198,-3.0244064036195875,2.9432646115836674
26.109375,3.761349052074133,0.7038462062638973,-0.7372562806307873,0.47882452685115995
26.11328125,4.014068045727056,0.2936336744249998,-1.6984010771370146,4.056973702861099
26.1171875,1.641734794677197,-0.19891689363963597,-1.6688928172882358,4.724885922156489
26.12109375,1.2243267456579294,-0.43304341692667914,-2.338082261020158,5.992221760988766
26.125,1.1098787711934746,0.0029644067605967134,-2.7953849719732875,5.534238710260811
26.12890625,-0.0351527502496769,-1.3810710374184683,-1.3794551824410295,5.6097289671678245
26.1328125,-3.8760672589015304,-1.451073724984849,-1.2095850819797813,2.320140222002138
26.13671875,-4.495424366887581,-2.4839762823191425,-0.559351166665429,2.810643955331253
26.140625,-6.2810957318243625,-2.6831785277392797,0.5063168684921382,0.14439226043124098
26.14453125,-6.154578301782435,-6.736080604284144,3.003249009582234,-1.3384882478096405
26.1484375,-4.590669425680219,-6.092944411412407,5.099619654015929,-2.942149821902835
26.15234375,-4.91614379882656,-6.501994069857899,8.386845006872242,-3.9188091658215596
26.15625,-2.5662594896014443,-6.614165721506773,8.58700066103983,-1.5432650021821597
26.16015625,-1.7602378232213223,-6.595942506739609,8.088176631036411,-2.166688116951462
26.1640625,1.5822977792884623,-7.393402709885391,7.801503385790293,-1.4493587238999441
26.16796875,2.4885530982093957,-5.1434480184180265,5.313190857440267,-0.266932267064752
26.171875,3.360032583683166,-1.7019079014890133,5.2233350216682,-0.49474719789776933
26.17578125,3.749931256238878,-0.5507835236325913,1.2634542287640362,2.460704095386463
26.1796875,4.222185410229228,2.2172876112848536,-0.3105162355377056,1.9737812210133616
26.18359375,2.450482862151268,3.4567713556042055,-3.0045029205675218,3.1292474187972537
26.1875,3.575154217958901,3.817012964668506,-0.6872364850328152,2.432803677080356
26.19140625,4.140541770002031,6.103390757534538,-1.2686157692412094,2.786438309554878
26.1953125,4.435086931006742,7.6054527393129945,-1.262621254240674,3.8491687061387845
26.19921875,4.907232641252625,6.5132681350573005,-5.312742951083513,3.382053702383013
26.203125,5.172409645361583,4.9061849319289506,-2.7711718417579623,3.5565206772239195
26.20703125,8.889634878826755,6.890071407718671,-5.577206407859899,3.9583121637476726
26.2109375,7.070808602783192,6.190656281229137,-5.4553828624001515,4.163345850613001
26.21484375,6.178681843457902,5.655532791781469,-7.1600016525072565,4.180129184122965
26.21875,2.956611743710905,6.3649050979839386,-7.669344271088731,3.145596095595133
26.22265625,1.3209198621560763,4.089392672082039,-7.119665422290904,3.2601989481011957
26.2265625,-0.8319604861204258,7.030252318258504,-8.371678100382947,3.2519425859521
26.23046875,-3.8935682102079965,4.036228167663878,-8.000185740429279,1.004388558902277
26.234375,-6.163961298179384,3.4148338408754353,-5.885812408641827,-2.521270227544671
26.23828125,-8.007329674048364,0.8262145706343842,-2.82973525529515,-2.9670783260083553
26.2421875,-7.051834571877306,-1.2826289738025447,-2.1805528277956814,-6.59273854679438
26.24609375,-8.968316586541105,-0.7375383372736573,-0.037942032311867185,-8.872239405129985
26.25,-8.901287486092906,-5.054344652561733,0.8643151513006884,-9.760164766539429
26.25390625,-7.107704647194681,-6.571002228613126,4.935644917806724,-8.696451318400266
26.2578125,-7.124682375347399,-8.740697950706288,6.210939648372354,-9.630419739486952
26.26171875,-5.855790729525253,-10.39423403871345,6.715396875768025,-8.10931306667305
26.265625,-3.394327552411071,-7.006474497743076,6.302370413602913,-6.718034907010157
26.26953125,-2.769656934072262,-5.8968076391465605,8.751721537471342,-5.81352993548175
26.2734375,-2.6877255872034804,-5.060653075127162,3.7614927515923133,-4.8821887988290715
26.27734375,-3.035861116270823,-4.8015880697134605,4.764957854988955,-1.2946292756286302
26.28125,-2.0961150741247336,-0.21758273323969513,4.339124955510831,0.27758676107898306
26.28515625,0.414223236892455,-1.4899667886244454,2.4355678498286184,1.6244159347600176
26.2890625,0.1422298670048719,0.3052807330496718,3.1229744595776086,-0.3694465825214971
26.29296875,1.4378716392976252,0.9315219212910869,1.825922662962196,2.4095061218154514
26.296875,2.8904318177180928,0.5322434374660858,3.110245917754254,3.24872014495719
26.30078125,4.675787731867177,0.33920123673191827,1.9696986571263833,3.676213774699923
26.3046875,6.493020906225426,0.06348672809366251,1.5894701119419548,4.413425071155018
26.30859375,7.484424610577607,0.45223666428049486,1.432976228212315,4.723180478544908
26.3125,6.6189026922511935,-0.1322668195032427,-0.20856583377665602,8.173960996584192
26.31640625,7.677440003408235,0.6431723366085709,-3.270801542174051,9.142852182447955
26.3203125,7.233140767249617,0.5623040245683677,-1.696189281576327,7.415943844537271
26.32421875,3.9485722129029783,1.8655507413683392,-3.654897064434081,6.459102373059901
26.328125,3.999430338684906,0.7265639238147459,-3.4082266266337906,7.333019537100804
26.33203125,0.03375135659994703,1.6699420212521692,-5.223267201507585,5.826847693692378
26.3359375,-1.7340088557648143,0.377313498816507,-2.2330831286130133,4.873644739306617
26.33984375,-1.8756454740619166,0.2717875317220457,-1.3207389781183003,1.9656654187809224
26.34375,-2.1152394370318497,0.8729807771830509,-1.7704643996109526,-1.5766200917753146
26.34765625,-3.9779423435607555,-1.9542716572405059,3.2452539296538934,-2.159001333522522
26.3515625,-2.696007585719984,-4.932789091392987,1.60326544149196,-3.2315866633599564
26.35546875,-0.21202546013319412,-5.247930578883444,4.316381791584356,-5.5666438228109145
26.359375,0.346484748086085,-4.08359537655662,4.145193443871986,-5.886033640503695
26.36328125,1.3955094303434203,-5.0893125094666,3.385815142393167,-4.017816429149584
26.3671875,1.081331548061637,-2.414609818458865,2.827958964620924,-3.523301257715088
26.37109375,0.8198660807016572,-2.362005983235857,3.044006517094686,-1.2932242003883676
26.375,0.31111458979373263,0.09137530524949822,2.135098641837791,1.2201270121097374
26.37890625,1.3167757959736142,2.390058868736884,-1.172279660531399,-1.1295137424658015
26.3828125,0.9099155679244324,3.6913542081116324,-1.3833163814412535,0.3051431299365892
26.38671875,0.5640190725169028,6.527757577538761,-2.697669904198873,0.05681915576711116
26.390625,1.684504801075333,5.94484765502596,-1.9826295593508672,0.7263926144913425
26.39453125,3.6488771279554513,8.002884527649952,-3.1182235901762865,1.036134762754046
26.3984375,5.091998762694164,6.628862643492913,-1.7553693151372771,-0.4470043147276721
26.40234375,4.363919191372778,5.502907201930856,-4.094411464132311,-0.23865739855039628
26.40625,2.9319124943009762,4.174362931821445,-4.290073274875847,-0.2923234126885104
26.41015625,2.2870893162681227,2.3147714791577463,-3.900690531630919,2.032519813154688
26.4140625,3.197864728095673,3.537586860028947,-4.492611551569659,0.16363309816158544
26.41796875,0.2116278379437071,2.454880085562212,-6.656620367758721,1.734680905333401
26.421875,0.2737370171333862,2.999625423071232,-6.025834595095682,1.7499182655758698
26.42578125,-2.2550297632655387,2.2318158536553114,-5.36625638471356,2.348804625618423
26.4296875,-3.7998983874576457,0.9904167886977098,-4.030634219599122,-0.1612248860888419
26.43359375,-5.710018748305868,0.7541727018550259,-3.1986253785138175,-0.381932551879001
26.4375,-7.511080770366249,-1.3840038181259664,-3.285061407143619,-1.7672041727548082
26.44140625,-10.181014003824508,-4.085993692983433,-0.5970917910299091,-3.1226409832601076
26.4453125,-9.430724530146577,-6.015112939052874,2.722853756393876,-5.148022583622537
26.44921875,-8.746347648740787,-9.173812202674744,3.8053402494420867,-4.946584435601707
26.453125,-6.781174475369518,-10.258453565810207,6.343362644321677,-7.303168452143328
26.45703125,-5.059901941439536,-9.462868991905621,8.213526645976918,-6.575615404766301
26.4609375,-2.2244918828787306,-11.077226329116746,9.031986922567466,-4.039560763595208
26.46484375,-2.339187635646322,-8.312496361446009,8.327194621021272,-1.3915553877753122
26.46875,0.24577694760958824,-8.37258220458364,7.7788445072502626,-1.286580041758175
26.47265625,1.8251637137484444,-5.96477762489384,7.314123833620177,-0.5189876227284862
26.4765625,2.0381029726303623,-1.426844945193892,5.862860238383204,0.9846788309218282
26.48046875,3.7955917448352627,-2.0604439027805572,3.5186711221705065,1.7527662232556054
26.484375,4.27228556893432,0.922092326219492,2.320174738740917,2.2825010559095076
26.48828125,6.312287264017409,2.6814532908333963,2.5943548674406323,4.092513879643001
26.4921875,3.41147726517947,2.5245874766961487,4.345998345856428,2.578527794876449
26.49609375,5.013339163406043,3.6435096926197112,1.8108154573706081,2.9780111832237024
26.5,5.463940124922083,3.6263047720529644,1.2705292077473653,7.072957433783623
26.50390625,8.533151457660747,3.235001888923351,-0.2820626414626696,5.488617979934694
26.5078125,9.216038617500498,3.066387230529019,-0.39435723550886803,6.933454341500237
26.51171875,8.076083846222252,5.645450154232936,-1.9454212483662725,7.534295459719741
26.515625,9.29932990594887,5.035261974121593,-4.69634963414944,7.512079827168498
26.51953125,8.244429059347445,6.0188028483470015,-6.930215413151584,9.403687573872238
26.5234375,4.184325443634997,5.7646003081453125,-5.13917767961572,6.74444521168216
26.52734375,1.823153786256535,5.83431613082815,-7.757053724789284,5.68713792374358
26.53125,-1.4513063640889645,5.7430405893420735,-4.842013316848763,4.056188894893387
26.53515625,-1.140537111208549,3.5350617053450337,-7.90788912329365,1.7018478059607167
26.5390625,-6.35166313752825,3.4023287522372554,-4.602561840531474,-1.401434894895611
26.54296875,-5.282622932153636,3.093568144302556,-2.8821717149286084,-3.0607189475577314
26.546875,-4.952764359431515,0.16317560718838953,-1.4511081771625753,-4.494747108479706
26.55078125,-4.291004787221407,-1.5546802534557707,-0.06748714121541521,-7.938633543908003
26.5546875,-6.088968212014144,-3.2091803976724314,2.986651572416696,-8.801045982975012
26.55859375,-3.606620594491414,-3.862873359849372,5.979801749422464,-8.33837185773986
26.5625,-2.842876895665813,-3.640507257919515,4.673980028261484,-6.858110793798236
26.56640625,-1.7172487110833412,-5.267794640231031,2.9708058003636206,-5.992361516507048
26.5703125,-2.358194547694659,-4.0266457858410805,2.1419561410900094,-6.310427083903963
26.57421875,-1.2623929923187251,-0.7455472595678223,0.8399368987353952,-5.5305452430271
26.578125,-3.146066142104717,-0.7740423800471145,-0.06955599847000904,-2.708705540436079
26.58203125,-1.8468074788374382,2.108005483402658,0.45491971754157,-1.7753952633635215
26.5859375,-0.46696746746231566,2.3214590888468107,-0.5738534098132504,-2.564883578858704
26.58984375,-1.4775819065768072,2.597384707054916,0.13967424059196776,-0.9500562211556791
26.59375,-2.323267591090075,3.574493759318621,0.5047040077801344,-0.2826450126152529
26.59765625,2.085548868432422,2.1781801817513258,1.4539090591770996,-0.47993476439307137
26.6015625,0.8150296790023263,1.1956574761474186,-0.7712778108112296,-0.3584084750815354
26.60546875,3.5165141806994535,2.367510522159886,1.6442371516526013,1.4128035466981694
26.609375,3.078676183307689,0.5421303512786791,0.29772766214345836,3.5296610268015622
26.61328125,2.73855499431612,0.37238551764013716,-0.6958710824193379,3.469274204784171
26.6171875,2.528162828760125,-0.3164139109587496,-2.0415157636786927,5.226168026736859
26.62109375,1.9905888981232363,1.044016458434367,-3.1297824812221253,5.253826549522931
26.625,0.18034619120308842,-0.10767342023661089,-3.4817337788288363,4.069371865235355
26.62890625,-1.5495289054714039,-0.9297318216223931,-2.2988974121002324,4.385507014483627
26.6328125,-1.3269157079627798,-1.611504770580408,-1.5430226174714472,3.682863652260444
26.63671875,-4.201462666332146,-1.5268209458941506,-0.8714714339428925,1.9674401331979787
26.640625,-4.223914181702212,-3.4426229568869067,2.449091353792798,-0.6405460715592343
26.64453125,-5.3580546312601935,-3.7710999658248,2.7994861162023468,-2.5222538174669955
26.6484375,-2.8267111660140474,-5.878792776240063,6.151383305276512,-3.272017185029378
26.65234375,-3.0835809595408703,-6.659274018840659,7.571965539278135,-3.3131673266672506
26.65625,0.028707176682916113,-7.774742742989937,8.496593716888647,-3.180106317552367
26.66015625,0.18063225676932032,-6.881905739420603,7.065452955469551,-3.9242563479337997
26.6640625,1.174099741793995,-6.765505620209274,8.162255171405006,-2.6454124798183503
26.66796875,3.6230528952918535,-3.7309994399711535,4.766484972725001,-0.592028235958877
26.671875,5.116635029568785,-2.1613460050105067,4.427431241951965,-0.20457213474229596
26.67578125,4.770748854322665,-1.3626998457368433,4.0588089803857565,2.5599804625919322
26.6796875,4.808709039580112,2.4300611488959727,-0.09547465047482451,1.454075137100936
26.68359375,2.511182240917657,4.228665511582604,0.004990950949750356,3.7793760222437625
26.6875,4.892278523173528,2.7603581107564694,-0.4580657706191216,0.61880533109187
26.69140625,5.878833369940427,5.081147477994719,-1.2876966519723543,2.9233060820167265
26.6953125,4.034663554706382,7.07441732269575,-3.100197408082379,2.4940195635936497
26.69921875,7.913996797617765,6.313703837287668,-3.7573742323809967,2.9404002503015976
26.703125,6.661166521902233,6.53264471774658,-4.4132401464694935,1.9516075367681562
26.70703125,7.54403685293857,6.201107216579518,-4.417086821813185,5.183328862933331
26.7109375,6.398692798658283,6.116286248434291,-5.435662478544686,4.646445460492942
26.71484375,6.487650828286119,5.247562861108938,-7.282072773657167,6.844855205316328
26.71875,3.109299640093955,7.241391032107096,-6.316905410500672,4.837444782850816
26.72265625,1.3147530671159329,8.170720643083039,-8.43813070402357,3.2765579686756676
26.7265625,-0.5592047704872799,4.849573018480312,-8.488419588327924,1.5307538968049395
26.73046875,-2.3099983844651173,4.230764920664773,-9.146504975821143,-0.5555558839880497
26.734375,-4.60791014526148,2.4735373811565005,-7.670742723423037,-1.2255272995040167
26.73828125,-7.528000806163679,2.0946014518632827,-5.362888967977227,-2.8402884499802337
26.7421875,-7.825905481947489,-0.7356740530492586,-2.3632149608366837,-5.743924941633948
26.74609375,-8.581206973463987,-1.441454967587043,-0.4338064211054179,-6.163003894635152
26.75,-9.90188437285197,-4.155165654626053,3.227754622589889,-9.946880592612196
26.75390625,-6.939719437587622,-5.258356890902164,4.7979058737499845,-8.839455048604533
26.7578125,-5.640172486132043,-7.3440958563915135,6.312356494205017,-11.339583629784414
26.76171875,-4.068535777424442,-7.470964793143481,8.475111921296994,-9.612400075808328
26.765625,-3.1215172196481857,-7.7582894703009195,6.104331002253474,-7.01321211703416
26.76953125,-1.4301661700699695,-7.529289423316011,6.010181215496068,-6.3687360794086825
26.7734375,-3.090444600870108,-4.362187197031882,5.715818808656177,-2.1863791259059573
26.77734375,-2.763870654358759,-3.3727179329089823,3.7320935904766963,-1.1016664501908628
26.78125,-0.8583112265709782,-2.2944242401453017,2.30095417950074,0.9768778458721967
26.78515625,-1.2264412247334417,-1.5567780665307351,3.6171961637026815,1.3633574355701328
26.7890625,0.5676515446518151,1.4035363669016812,2.604906806738099,-0.4834095010991777
26.79296875,2.543678864964252,0.4306597519337002,2.1197304913493404,0.9595081560568292
26.796875,3.1680723700726734,1.9162372247434456,0.9239736904811835,2.340516617527009
26.80078125,4.679887971861727,0.957952553848481,1.9841393911508947,2.515238853688299
26.8046875,5.67704504405893,0.12503315691362693,1.5218110479619462,5.248747874169764
26.80859375,5.92873801567172,0.3398401982915941,0.2135462873537345,4.242488920877994
26.8125,7.009428780369289,1.7726800381686623,-0.7606906899404029,6.867069419218274
26.81640625,6.450585875206159,1.1075839095125959,-0.9419047968434282,6.839965849904795
26.8203125,5.735345970252881,0.29393448369547226,-1.6579533857085198,8.244322194109243
26.82421875,2.6311679151980196,2.385005995614529,-1.7749256668771938,7.969711131830539
26.828125,2.7531520448277256,1.6172661742564287,-5.481721638978361,7.697746107058035
26.83203125,-0.3335052766650096,2.244537814370307,-3.8241620623482873,5.580507567615346
26.8359375,-1.6669553876041738,2.290180009578658,-1.1330513521098353,4.40345051405501
26.83984375,-4.20546148010099,0.9180603571418697,0.14812889895822612,0.885661687004397
26.84375,-1.652045489738435,-1.0858548160684665,1.0181451148253884,0.1384310601957226
26.84765625,-3.803950037540717,-3.7510506118584725,0.9186256465155065,-2.4255332512417436
26.8515625,-2.494160025738044,-3.82518837489996,2.064193674486325,-3.675228370171311
26.85546875,-0.292563546218116,-5.307602272565407,3.825179708710016,-5.159246092601574
26.859375,-1.3225539622407694,-4.356092436886637,4.715065426568596,-4.43411113586231
26.86328125,-0.35308703284085474,-4.830307272104937,3.9611837670791648,-3.914014021386684
26.8671875,-0.2902069317345002,-3.365040551832167,4.694797507919275,-3.3671461743213658
26.87109375,1.5426956762430555,-0.5311075481335295,3.489169376516968,-0.9914783615200478
26.875,2.088794773269518,-0.7901509497515755,-0.0021512360178160272,-2.583639652529814
26.87890625,1.4274791356658665,2.4045275987691515,0.5134074943319968,-1.7818310926651808
26.8828125,1.1713595715057779,6.7590641806824685,-2.4431702320487387,-1.50428623052786
26.88671875,1.2657773962321603,6.515815084014402,-3.587997418188806,-0.6063646738494168
26.890625,1.162601430488715,7.433716092266662,-3.481357448366594,-1.363853928317263
26.89453125,1.49115245043187,5.301712127138686,-4.307321674683097,-2.061610910470103
26.8984375,1.928567052575026,4.789857164075831,-4.757671121915937,-2.3998425998965973
26.90234375,3.491510108483953,4.458253371512322,-4.677688339985199,1.630539572317443
26.90625,4.687614445731325,2.8717372920033415,-3.4980633852596603,-1.0176830014030014
26.91015625,2.450541613806302,5.316682170032211,-5.594311270344315,-0.01052019278044547
26.9140625,2.829465200173419,3.839375118933516,-4.737468765706885,-0.10261701103745868
26.91796875,2.3720014487377448,4.352539793709303,-5.411814597811805,2.7971965441350113
26.921875,0.11298020064666081,2.907843813697219,-6.466364684559431,3.6355013833676275
26.92578125,-2.54954066443445,2.127056558836391,-6.1972526631847815,2.973078497476057
26.9296875,-3.765004946057049,3.3057487430568395,-6.292347844260984,0.9193839050701786
26.93359375,-6.188778458611419,-0.9442857930688136,-3.317261188940407,-0.26899221453008376
26.9375,-9.300371123988565,-2.3936154636955242,-2.8984033083805882,-1.7741517171736911
26.94140625,-8.971155765269284,-2.8834980621161628,-0.0517679636197968,-4.219960827518491
26.9453125,-7.93493726970692,-7.179385084899149,3.213812191555454,-5.626238845393044
26.94921875,-8.261710980802878,-7.08562910212925,4.219283505322357,-5.48982319933179
26.953125,-6.754557864265067,-8.96808253803188,9.480136323779552,-7.448784612345734
26.95703125,-5.227151791420384,-8.976930572754314,9.526143026349072,-7.065069682293402
26.9609375,-3.420588536924636,-10.21949724093433,10.35929739282101,-4.881803271305677
26.96484375,-2.599286574500002,-10.706221255360036,9.574271207456993,-5.820989158797962
26.96875,-0.52967785294773,-7.656944369020298,7.84036195941976,-0.15789244072478148
26.97265625,1.8559520649005325,-5.574930539556977,7.132439575500257,-1.1600140990052492
26.9765625,-0.5464282315041793,-4.271616845697562,5.786410882693964,2.5972760801541894
26.98046875,2.145951247614053,-0.7017207052813449,2.144960859517324,2.8297558630366746
26.984375,4.36222861470159,-1.3806208402766786,2.05249715463477,3.7855567918146935
26.98828125,3.341488716285585,2.5132855805042986,3.89620439633308,3.1211641942363544
26.9921875,3.964749902081855,2.9470632939312877,4.912647516421027,4.649137007016906
26.99609375,6.040804133180198,2.0201082045001355,-0.004732799795511111,3.829368547250261
27.0,6.000864481165815,3.9965187263938318,-0.22605516595283515,5.670818109440705
27.00390625,7.662368497408176,3.599974489725105,-0.7844512464930798,5.904040524793499
27.0078125,9.71909187904204,2.329530515398391,-3.5371989162905404,7.497509698469364
27.01171875,6.919530657035721,2.9078647439188288,-3.8184911368985675,7.791386786159159
27.015625,6.675690186715427,4.443966417130522,-4.830700770223564,8.024005598696963
27.01953125,6.034302472383686,4.165605198374337,-5.748358419585763,8.641336783186166
27.0234375,4.867423460719229,5.296193192481406,-7.849098647552625,7.931053382134503
27.02734375,1.1601206977807752,4.966306286925922,-7.433466775110188,6.314227281804391
27.03125,0.23376300233107078,6.6942922844079416,-6.940706064467558,4.762792222317414
27.03515625,-2.187485724420136,4.312416432459583,-8.721258010505306,2.79983509693121
27.0390625,-4.097764723731201,1.7504400885280695,-5.562521359724098,0.9162556778650313
27.04296875,-5.397073381622474,1.9246873158481637,-1.020691182587529,-3.383350766589282
27.046875,-6.7480235846665515,-0.12991313866396886,-0.29852825692179996,-5.916499470317621
27.05078125,-4.168177410779709,-0.6661333138014018,2.3534168494197796,-6.407998453284842
27.0546875,-5.566803059234682,-1.4333671007242854,1.654020498746184,-8.316288676376837
27.05859375,-3.2633009159104884,-3.0703005307015094,2.8824858367323345,-9.537365689745577
27.0625,-4.5977845423016355,-6.542371758959875,5.5988730664068544,-8.031363090170682
27.06640625,-2.7948226726971797,-3.816444167737806,4.602455028738662,-5.46080946890227
27.0703125,-4.509273177121436,-3.099664353859405,2.2371553728769755,-6.265198986032961
27.07421875,-0.6432654472259913,-0.7608884153400651,-0.20389975533757654,-4.16251280590127
27.078125,0.6111857919191579,0.615146490877148,-1.756105250732716,-5.144938371651214
27.08203125,-0.7187065844204739,2.010971384402472,-0.06768451806722928,-3.5607939357167933
27.0859375,-2.585998404872451,3.3487810713260675,-0.4709115633463446,-1.930379851070015
27.08984375,-3.7942106411613157,4.446329464425942,0.28590150896632116,-1.7645553755918548
27.09375,-0.43486210403577763,1.8973019041080557,-0.08519469755974096,-2.439192531736972
27.09765625,0.2173578643342582,3.262132888534488,-1.5583498703694558,-2.5390466807880734
27.1015625,2.7106583012760037,2.5555676508259793,-1.7901299558589758,0.1219665760243856
27.10546875,3.1131248077618268,1.2593398916858305,0.4065459840592651,0.8467712365083199
27.109375,4.434621477557041,2.8267944756672896,-0.39727309162613494,1.9014373645305034
27.11328125,3.387224024809229,-0.25956851374179596,-1.9626149250719755,3.120695110520108
27.1171875,3.6289310045562657,-0.5449498280160766,-1.6956324611014593,6.072621916778841
27.12109375,1.3116061842725601,-0.1596804676780417,-4.066525851231862,4.997839739602693
27.125,-1.6628950430697083,-0.33675793202577825,-1.914690706343023,5.241262568062156
27.12890625,-2.076819981296365,-1.1648612053834069,-1.0220667493351603,5.095465876878109
27.1328125,-4.236249833250449,-0.2704554282438376,-1.8878635871534322,4.297090526145562
27.13671875,-6.009020153723585,-2.485161487242892,-0.7461425624655327,1.8616756919068833
27.140625,-5.803826186154735,-2.1496944398468516,0.42916170589692193,0.20941919968542325
27.14453125,-5.40548159978595,-5.309620600624328,2.9292130864819153,-2.3294570252500924
27.1484375,-2.4213819979990845,-7.102349699770553,6.701932231487732,-1.8123743390254003
27.15234375,-1.9021366425406,-6.724286669978291,6.042947475373616,-3.3529506594622105
27.15625,-3.952248237355665,-5.497402068290489,6.687809924292996,-3.5329928488637807
27.16015625,-0.9473489033036968,-4.931746435643897,8.076963915643267,-4.321266271623348
27.1640625,1.136512719047697,-4.5035739717650785,7.283157783077634,-2.364408956472436
27.16796875,1.9470566626460282,-4.025899460741397,6.770523243466587,-1.266231101307771
27.171875,3.502587866233607,-2.979475510772804,4.771275252104868,-0.18326472345036116
27.17578125,5.527009541055903,0.7718987439403326,4.795136016492569,2.188926613317934
27.1796875,3.810860604231949,2.8093686738529122,0.19823493977249496,-0.015354174474310422
27.18359375,4.150956314287831,2.6943912522665743,0.6232045185279351,3.258556435771628
27.1875,2.852995669760121,5.2941277206170305,-0.28442818414008275,1.8343483878607483
27.19140625,4.543405583520906,6.229573937254205,-2.2313819131259485,3.5829202397514948
27.1953125,4.145981206009948,5.2610294374338,-2.4657224322389064,5.136076389423637
27.19921875,4.9570855715950115,6.975928674258121,-3.4275462863589086,2.6917299343407355
27.203125,5.787823609031424,6.4131064621235865,-4.170879702431513,3.5384691090729143
27.20703125,8.086291362473927,7.239073929335188,-5.950328248629729,2.6756324626783003
27.2109375,7.363457658858303,5.744427951686132,-6.326929146628662,2.1842045388690674
27.21484375,5.981607985922287,4.762124816940643,-7.6554441900489945,4.945018009479985
27.21875,4.404416316698079,4.3554327658318055,-8.057903242458755,6.105483986415043
27.22265625,3.3239767414792434,4.354046968941975,-8.560517289002469,5.686010260919494
27.2265625,1.1546367185417774,6.35371434692359,-8.663848944612045,2.7476960680210065
27.23046875,-3.6118521276373747,3.6927684683822717,-8.605788471432685,0.5411446178833093
27.234375,-5.349710280632006,3.710541992080105,-6.645796821264012,-0.014186035309090683
27.23828125,-7.11004672271526,3.202859868026529,-5.027482490305742,-2.677830868269631
27.2421875,-6.680920649878233,0.7289657558100078,-3.419082854168928,-4.02197648760731
27.24609375,-9.716228750005612,-3.390175875144836,0.0363746432008501,-4.826524072343696
27.25,-8.95681330013219,-4.291595398819015,2.0620766771196117,-8.565173824832844
27.25390625,-7.342936572272872,-5.352183998672069,4.567237142881381,-9.482180892477208
27.2578125,-5.830748684956442,-8.213892924925583,6.791427192063305,-11.446423351061265
27.26171875,-7.99730732584419,-8.185050941009017,5.7866187037561385,-7.8524025207248735
27.265625,-5.305007386183634,-7.680431353272196,5.766643263609546,-7.164168099781378
27.26953125,-2.1998331442163064,-6.910597156863117,6.047698274112536,-8.798229914702137
27.2734375,-0.7149934057519338,-4.969426989748326,4.422259028123468,-2.9843609436031944
27.27734375,-2.453789125490406,-3.6117926486108534,5.596692340859829,-0.8379676518208696
27.28125,-0.10672352043601196,-1.7077758893225983,2.441213347304819,-1.1471551098069643
27.28515625,0.553813825084535,-2.059214328022997,3.0075192875650156,0.9586302594454431
27.2890625,0.7859538105385022,-1.3612035283300337,1.790855961899957,0.209270685870924
27.29296875,2.916874167996826,1.264604775267184,4.229664307969571,2.265252420194812
27.296875,3.013468716635377,2.429530405773967,1.3201537435125157,3.697053701128315
27.30078125,3.8133899166421172,1.6519859102869718,2.633691167111259,2.4519412461035186
27.3046875,7.702749666060833,1.1310052029816133,0.6867332940829662,3.298278523983033
27.30859375,7.3950635007975976,0.5417928367540183,-0.011583099000443964,5.2515118334161635
27.3125,7.42283130489355,1.1754437501151398,-0.6086365929574553,7.009400760624947
27.31640625,8.313194835166025,1.6871482332990302,-3.7473265421277397,7.70808669903589
27.3203125,4.687346526388521,-0.051361289780054165,-1.3946016745589693,7.624843779736623
27.32421875,3.4725244501331956,1.642412316506301,-3.374627573973086,9.344419068002919
27.328125,0.7568755145468131,1.6833037748799577,-4.180944671257616,7.155272143555147
27.33203125,-0.3139892641071234,1.6013974358879275,-2.883376407047801,5.8657680609226786
27.3359375,-1.3143996832813865,-0.508342720044622,-3.484038418055821,3.3883930852448496
27.33984375,-4.068333485056508,-0.38947909191624663,-2.2651944647321938,1.7590078183619655
27.34375,-3.239070279944508,-0.9422101241076679,0.9021670213274564,-0.2362075263124911
27.34765625,-3.34144492551187,-3.3178269039763357,3.586719765919119,-2.841841040014839
27.3515625,-2.635579859271677,-4.788507331551976,1.720586782430016,-4.133932168531332
27.35546875,-0.503379177717294,-4.822711512295753,2.768666829626172,-6.835058696024721
27.359375,-2.367271606193846,-4.350260370875007,4.731215810707291,-5.317078079187921
27.36328125,0.6136004957359373,-3.4267886954281304,2.643871598202045,-4.5417810378426235
27.3671875,1.7836899434228717,-1.7464199289745421,4.663707344168731,-3.56928171581506
27.37109375,2.681419892184042,-1.226586643087912,1.5821122211742802,-2.9919286606481603
27.375,0.7685414133598292,0.8108235584767223,2.3804639414453392,-1.0701018568725646
27.37890625,2.0132516023552167,5.610288174271318,-0.5335113169026894,0.23050138391647867
27.3828125,1.377572839546885,4.6814647264466185,-2.223030299919804,0.6390802093922745
27.38671875,-0.5564064499247481,7.143287855412007,-2.1936975882933405,-1.2350976521822101
27.390625,1.96833806333026,6.648580167135166,-2.9870651285448613,-1.102082422457447
27.39453125,1.8819748390278759,5.672534744848691,-2.4359186210919113,-1.7785642423244923
27.3984375,1.3378046280317533,4.7559823871879425,-4.251335524320602,-1.7167234908485063
27.40234375,3.825303868189004,5.062912402223327,-3.3180832132749427,0.12568170484057806
27.40625,2.5963047822447187,3.1215377789393473,-5.602426940184202,-0.5192358060289963
27.41015625,3.9147546604893413,4.872426499946984,-4.6552943595493925,0.41061935859991117
27.4140625,2.3650324033898,3.868017185050991,-5.168250144423078,1.8946201235966078
27.41796875,-0.2068479867187989,3.7610695786865627,-5.842416793576251,1.1035412615518068
27.421875,-0.8155946542452437,2.1067240418279223,-5.149923001802184,1.5527396244097282
27.42578125,-1.5804068570443262,1.8392030335236178,-5.109804254869235,2.5538089655921734
27.4296875,-4.068456382525343,2.2676127641784745,-6.636742996131489,0.3099570649641872
27.43359375,-6.6307781703993385,-1.041600888146363,-3.3827926140810876,-0.0956456709870022
27.4375,-8.73527045991743,-1.3852287777906596,-2.0474448012420137,-1.2740510584294382
27.44140625,-9.375598400349773,-2.2008646389752617,3.206478956943784,-3.2553793157708775
27.4453125,-7.207566325977224,-4.117427685997872,2.1637761686574155,-5.247726642994457
27.44921875,-8.010153569162885,-9.799648965873116,5.710801954695469,-5.286373828178427
27.453125,-7.160457856076047,-9.658137699889068,7.135151050565164,-6.905638198333442
27.45703125,-5.001237706906913,-9.069046330179924,8.718869206842523,-7.242488455316468
27.4609375,-3.799813037007695,-11.490643679562954,9.902934153918416,-5.385990828264676
27.46484375,-2.527113320071269,-9.17281063030534,7.515494957114715,-2.439776438002382
27.46875,-0.9323171878230521,-8.287304807700279,8.69865298099378,-1.8181829960203646
27.47265625,0.7628595903659084,-5.533040169976625,7.435584887872725,-0.08986087325161196
27.4765625,3.001582419330958,-3.1283664963697,7.228711004510584,0.894470272784363
27.48046875,1.7904587323558694,0.22712890872265667,5.485365356797011,2.9894662332970703
27.484375,1.5545094021319483,-0.8313413185138303,3.8251707801432557,3.0699184921826492
27.48828125,1.8121048906063528,0.2590944451847028,3.358986197728778,3.442408798857185
27.4921875,3.5021557797244975,4.0519798049461855,1.3769944285305629,4.068271740527836
27.49609375,5.468625146374536,4.370722911730026,1.3445296160824711,4.0600152291792275
27.5,4.9830484602925615,4.868186008143598,0.08123124395788184,7.391389938968278
27.50390625,7.460347982803364,3.100149484503609,-1.5082136528361707,5.65328318151011
27.5078125,8.8557942393708,2.9155819391688373,-2.57102602626515,5.724632446717018
27.51171875,8.066711696741336,2.219568536453331,-3.596461507134181,6.459743978413623
27.515625,6.922594766409627,4.003709581608237,-4.436305172231335,6.898361083001794
27.51953125,6.095451382298435,5.874989388429559,-6.769739667862364,6.978922339127246
27.5234375,3.8338356396811264,5.992677136732047,-7.189027974899535,5.829457802285168
27.52734375,2.6440489379942367,4.609972928038162,-8.742565894731111,5.908613783037949
27.53125,-0.09924077567195244,4.303553247541493,-8.288956692206938,4.179518888795559
27.53515625,-3.444179439918201,4.5717034104571,-6.382047932841472,2.107266809328085
27.5390625,-6.509060171365791,3.9421522529060384,-4.986668336486702,0.8292229951797719
27.54296875,-4.354204778269794,0.3506582829175734,-1.6817218690612417,-3.5398631229744235
27.546875,-6.473145119076303,0.25507738608611596,-0.7609572026847,-4.625320122936834
27.55078125,-6.4516350326409935,-2.420682236393963,0.4135684349180188,-7.652826089527629
27.5546875,-4.105089142876757,-3.5734800120929138,0.9845276836054311,-7.61867779574978
27.55859375,-3.502149464138987,-4.7587347106135125,2.914072437392983,-6.495627473069657
27.5625,-4.31877405635562,-4.659459847025946,3.010049525017882,-6.799707283502135
27.56640625,-1.347329171619394,-4.80065181230823,1.9401086225791315,-7.573494696293794
27.5703125,-3.9139507839372794,-4.106705393606873,1.7107869353946594,-5.266514327914601
27.57421875,-0.8605376897993453,-1.9141707262492171,2.0408602836416883,-4.866430403626934
27.578125,-2.2337814479530715,1.5398242224773893,-1.1938044193146928,-0.8364947098798576
27.58203125,-2.0934625278392596,3.181443864846293,-0.29116069487338336,-3.830800535914164
27.5859375,-2.9396580934603405,3.5154438021084817,-1.1745890315946423,-1.600143083714799
27.58984375,-0.8643947458471659,4.190574503507106,-0.9473343268572363,-2.215577381693618
27.59375,0.08297219064807493,1.6140730808712302,-0.4558634304138145,-2.6396393981353556
27.59765625,1.7562467598800566,2.413216365120457,1.307365240468142,-1.6411369171954182
27.6015625,2.9210804482143358,0.8207730078593884,-1.4845467962467052,-1.041235107067333
27.60546875,5.701197049474757,1.2791279310382018,1.1436593455468744,1.34408317949057
27.609375,4.037279104435554,0.05453774719356341,-2.271297567156571,4.438315104397843
27.61328125,3.6508457072786764,-0.6565685485098043,-3.135862741373111,5.178636567877418
27.6171875,1.7662990906984934,-1.535904569415599,-1.2302065917283733,6.230345164527686
27.62109375,1.7508020588467292,1.0815612783431239,-0.867384937053006,5.02394257098014
27.625,-0.7648024047423312,0.777481672541893,-2.6980135537687877,5.062164280221851
27.62890625,-3.5690448809512407,0.19359937605083855,-3.182644821045451,6.296880514109144
27.6328125,-2.552231420388298,-0.997713335702532,-2.397560840970023,2.133076559217024
27.63671875,-3.6533581567762483,-1.7313014882820077,-0.07203617682155194,1.9410510026423697
27.640625,-5.557682417370947,-3.0783671099175147,1.2684133621035012,0.013189720239164343
27.64453125,-5.145934400328019,-4.4032863833118485,4.386034027662405,0.057662705147094595
27.6484375,-4.718044970873376,-6.812154770736163,6.680998682453178,-4.382086690554591
27.65234375,-4.330766158140013,-6.814282591750926,7.940306828437479,-3.52676253500749
27.65625,-1.5709558605915668,-8.430548121908604,7.418668850151913,-4.0762694927239504
27.66015625,0.6641355109792746,-6.642748381188101,9.296968633112666,-0.9054403548291585
27.6640625,-0.26343967867057105,-7.5524986242516725,6.317619260382543,-1.5567351584984903
27.66796875,2.7337938773406036,-5.397591162679985,7.964958213566856,-0.8950682897022726
27.671875,4.363480791566823,-2.1508347172938116,5.658837664262,0.032121446799089126
27.67578125,4.429588332147216,-0.090457431007119,3.4303694790626413,0.9402304510318185
27.6796875,3.3930715226253083,0.8277793233051681,3.49276823750093,4.108730741236804
27.68359375,3.3557008189883177,3.7905584832446686,0.022422240555793116,2.5938677649145347
27.6875,4.364200136911674,4.8876344102113976,-0.06689058552830107,4.488194495019813
27.69140625,4.59921881541412,6.8215965635111235,-1.0998011734086532,0.8976338664036851
27.6953125,4.310894720035957,6.254189597280526,-2.642868098833655,3.2345702458474332
27.69921875,5.720825193366172,6.238184626781031,-1.784357286384653,1.5355692067592077
27.703125,6.005829181361623,8.125818972918582,-3.119435106600294,3.7741208426998365
27.70703125,6.9171206563567,6.658404800935448,-4.269139979930197,4.458973937822652
27.7109375,6.889357679072177,5.2167401309974215,-5.983270826482998,2.842878842898252
27.71484375,5.866182797688746,6.411694400746201,-6.327538276483549,3.9024805777259446
27.71875,4.559462941919978,6.130975428473529,-8.676007568827842,5.149611496660503
27.72265625,2.789379820388501,5.211298761207546,-7.210966585564819,3.4918389437931627
27.7265625,-2.3107570478572868,5.823524539122231,-9.422913981701702,3.290402226773157
27.73046875,-2.122960929567247,3.8443498548319273,-5.911338736817827,2.75070409321549
27.734375,-5.2271933861020745,2.2901168007550288,-6.260766250900726,-1.3897389257676964
27.73828125,-6.303722811281069,0.5761480377822965,-4.570498550638062,-3.9345106873962825
27.7421875,-8.754137351379038,0.6081559214247866,-3.2994586417627154,-4.876858065731841
27.74609375,-8.791064228620062,0.2907733503723775,0.2670255526041503,-7.717023792214682
27.75,-7.5141272131574155,-4.541251135849598,3.2511630681182897,-7.1479161569181695
27.75390625,-8.56055609225187,-6.160776652437234,5.709513298630428,-9.450956135957757
27.7578125,-7.0059395108173055,-6.969489966616374,4.989143508359283,-9.296231658418693
27.76171875,-6.355332797379511,-7.202699910222836,5.893533752018962,-8.451258563625538
27.765625,-3.7400460335777375,-8.307860979114494,6.188512016241006,-8.255072933420982
27.76953125,-3.814043694113954,-7.068987833789882,4.36502197116017,-6.504461975246863
27.7734375,-4.041439024117377,-2.9515540108335534,6.766883449440555,-5.262117626882714
27.77734375,-0.4917361039948718,-2.0450507079507334,3.829497462393657,-2.869708979467778
27.78125,-0.6364985862082029,-0.2219838920506203,2.7741140673179734,-0.43666146430494834
27.78515625,1.2719129049022537,0.21489143195343724,3.5212766155796467,-1.6855529840646166
27.7890625,1.0546393274898707,-0.25506486850239296,2.3427889823637997,1.4423900410378374
27.79296875,1.5130373055622748,1.7746168711060193,0.8879700035030211,-0.3447950164773437
27.796875,1.2035317970906392,-0.35816916931508413,1.7483472478799333,2.1240315832587426
27.80078125,3.0656780597265194,1.7678982149094835,0.4249430239762042,2.9487605891656345
27.8046875,5.604209356192972,-1.5541656369666415,1.7215663984594305,5.169712227046124
27.80859375,6.530376586764507,1.4550550295492046,0.0778220042553347,5.267733500198607
27.8125,5.625419414466425,0.7389465744296184,0.2736798941386904,7.357231736971633
27.81640625,6.502585921763213,0.593479369598191,-0.9812144746215479,9.52099419264814
27.8203125,5.579347801491542,1.3950146793586153,-3.335974879324069,9.187245344082282
27.82421875,3.366545231859168,1.0758183029513126,-3.325895733766373,7.528444621185227
27.828125,0.5696738614583647,2.3596698165793852,-3.3415715454086232,8.50319546980118
27.83203125,-1.701292006944689,1.9082206792534857,-4.065856690686091,4.851980085825897
27.8359375,-3.195522362984619,2.922437850051409,-3.7314205166260113,6.465088352651614
27.83984375,-2.7298418087908956,-0.41069151546825255,-0.7842740384749342,0.10937063501078503
27.84375,-3.178944424058209,-1.7557661582807464,0.3379015116966059,1.05044278778354
27.84765625,-4.44276228110868,-3.075670027830713,0.7832049808367563,-2.4201717903471334
27.8515625,-4.099647081367988,-4.758125148413804,1.5259359511032466,-1.6242896568229535
27.85546875,-0.8319833860982309,-3.4145124226544343,6.175561931937356,-3.2540778493505043
27.859375,1.0077964251592717,-5.306152842942023,5.953072596867844,-4.728426182866768
27.86328125,-0.8850843483438824,-4.314641458620537,3.333980713281399,-4.825911624725109
27.8671875,1.3142664633261996,-3.3262169338129866,2.962508265247818,-3.406054423184252
27.87109375,1.298294413377383,-0.9182036505169231,0.38212879197203176,-3.351888650880367
27.875,1.6449006543298275,1.6857717367068057,0.9733354083695828,-1.741114507271154
27.87890625,2.66356352814247,2.494960463602138,-0.35485821414777563,-1.5296857244978734
27.8828125,2.57873620298043,6.160678685738498,-1.4303557689324524,-0.3214921333033878
27.88671875,-0.19537287579160445,7.4518197932999115,-2.420020952268268,-1.8459558162897267
27.890625,0.11166261623217966,4.432166868325828,-3.1061071581005435,-2.438892213402567
27.89453125,1.014769527462424,7.7300497625153675,-2.7904245772507656,0.5064732446929154
27.8984375,2.648343246913613,5.207528760063851,-3.115058046938988,0.1556856800746167
27.90234375,4.177860143461116,5.576077724105652,-2.5925202941295873,-0.7834118226723965
27.90625,3.4813791590322447,4.532479741007787,-3.8049011148837777,1.5945860763352404
27.91015625,2.3788078658314182,2.454162209365418,-6.008323884308027,1.0780307337007413
27.9140625,3.307505919261483,3.8681851641667766,-5.0321794994910345,1.6065631620572272
27.91796875,1.3193087773310843,2.119683306665137,-3.531088672063799,3.8515342517156554
27.921875,-0.5411611932819824,1.6832490052616556,-6.468484734935827,2.8182870719820863
27.92578125,-2.1614209592895186,4.109214370706482,-4.678618980580138,2.890519659915103
27.9296875,-5.047985481539479,0.8861484747011776,-5.712380735244504,3.4565336060982372
27.93359375,-6.439391844383069,-1.7994990302037872,-5.678831206674574,-1.8412360071427067
27.9375,-9.39166045140736,-1.9996722458860434,-0.9158974870284471,-1.5115817601063122
27.94140625,-8.593648115925788,-2.0844971397613863,-0.531510244580879,-2.889879189059886
27.9453125,-10.06490529928567,-5.655241421800113,3.6297976547737796,-5.261266908020119
27.94921875,-5.9035329783887605,-6.294092817654328,4.297280330669606,-7.013819625188353
27.953125,-6.398558615613015,-9.564219510124165,7.555759457708452,-6.15036015434581
27.95703125,-4.45837746636813,-10.153487045950408,7.139282717724414,-6.9416356216782305
27.9609375,-1.309771006711649,-9.687653828984416,9.048745688151358,-5.398594256637808
27.96484375,-2.134213677106649,-9.241376249997227,7.831695745058944,-4.46648537227665
27.96875,0.49851138916323673,-8.62398819215614,9.23169998411824,-2.8067539672499846
27.97265625,0.682137384715226,-6.455536061238826,9.441177513136708,-0.990597574729487
27.9765625,3.264723661306512,-3.348022134838936,5.356204850921977,3.1907992105715337
27.98046875,1.1111428713928253,-1.9087833402358192,7.397646925558984,1.8530816300428472
27.984375,4.015290669675659,1.6404956546048188,4.270327523126928,4.396768917569866
27.98828125,3.1265152088551083,1.7080964604504143,2.5603122624128343,3.697925865753437
27.9921875,4.949377141941634,4.460605505075386,3.2199582001520746,4.0619487784253225
27.99609375,5.992116559226604,4.785583158112782,0.5575135197554294,2.3377003461637917
28.0,9.225642917894188,4.798642524203047,1.3687346606164112,3.2251541766394487
28.00390625,8.00905750259778,3.425601920672742,-1.4756468938652314,5.790997447501797
28.0078125,9.353459567160598,5.400944653355878,-0.22072042268218772,6.950163128981032
28.01171875,8.337712242601643,1.7495027627222814,-3.6611674161743024,7.519633588069387
28.015625,9.985776544399501,4.286803920953943,-3.272999016682098,6.996948452484193
28.01953125,6.78661019697836,4.468831686500841,-4.16366627041549,6.179718108040385
28.0234375,5.401091021260571,4.250367381251622,-6.065281302037993,6.2793220535830905
28.02734375,1.737236729421205,3.89576319713321,-8.34560754098682,7.975819319945277
28.03125,-1.0490770747785971,5.523978385736329,-6.157328484806811,3.4665462191542575
28.03515625,-1.2880168112574109,5.527937148982868,-7.6859484177425,2.0500948926189793
28.0390625,-3.4784531649587613,3.8993802210846056,-5.286422440494592,-1.4913643106192362
28.04296875,-3.869231789014334,0.5122907320802463,-2.46825159782152,-4.852690999262297
28.046875,-5.4439346163267155,-0.9629924013833338,-2.08351437688267,-4.543951799468935
28.05078125,-6.1059128011527966,-2.966383968800125,-0.7037711278227825,-6.73466775723896
28.0546875,-5.8674814275804374,-2.858937604418749,2.7632246702947487,-7.8114660485683896
28.05859375,-3.7403698094542253,-3.7886249710710986,3.552423704492397,-7.60038884015433
28.0625,-2.2622814132284987,-5.339296514722867,5.1546794533935145,-6.556106608148051
28.06640625,-2.041180083217001,-3.28535458113757,1.9601517169078355,-6.102603303217768
28.0703125,-3.0383631957715176,-0.5240248992529968,2.404955516793079,-6.9906765917874125
28.07421875,-2.362320865279168,0.2607350171729228,1.579484192326952,-3.9006098876788955
28.078125,-2.1511703610302293,-0.28554922643339486,-0.5126916261639947,-2.69782504178939
28.08203125,-2.0430620777710615,1.1385769994276997,-0.6546307623160165,-2.3452965350523804
28.0859375,-1.254686645631975,2.4780991821164524,-2.677620379597457,-2.172061796296983
28.08984375,-0.12608790165064843,3.1706603311465815,-2.3027592283374823,-1.8519461325846671
28.09375,-1.3068777782061192,0.8716128313325409,-1.0602295558105512,-2.168081068729409
28.09765625,0.878767873636116,1.697896719453945,-2.348618507181537,-1.5710461307302752
28.1015625,1.5303537614677898,1.5857471501648046,-1.454832434612715,0.09526802190774464
28.10546875,3.1072886179586816,0.698800134958689,-1.042305056161299,1.3773266748678306
28.109375,3.397442573663848,0.9555315561425557,-0.047612514753708646,0.8521888030110754
28.11328125,3.385124671596466,0.9614809294138477,-2.312655369445564,3.666471196659488
28.1171875,3.4358814662087673,-0.3169632683244428,-2.876613732807426,5.209587008995843
28.12109375,0.6671420717839862,0.7415122220651132,-4.354395857083426,4.798524767782767
28.125,2.645727477314206,-1.0270574936512338,-5.8077581738634425,7.046323745244481
28.12890625,-1.6196601859871687,0.7697891272448265,-3.0028074994755576,4.934519856986911
28.1328125,-3.807382216580157,-0.013143395461398644,-1.2106739441401952,4.392370859091099
28.13671875,-4.220596988052651,-2.1795308271188145,-2.9049166038824725,2.357297364156943
28.140625,-4.854809164916895,-2.2087809182391003,0.8824188385140934,0.6983795101329751
28.14453125,-5.49932976866864,-5.101469727490941,3.979951509587439,-2.3102834573560487
28.1484375,-5.672117922185689,-5.157234042485696,5.055280389168016,-3.7630463255427746
28.15234375,-3.681391920442028,-7.684839353929711,6.314610611067652,-4.542791589444371
28.15625,-1.165672995001965,-7.891396327389881,7.418610386370075,-2.717871344106365
28.16015625,-0.3915401423790391,-4.718834578509972,8.128734839407464,-3.851307126557086
28.1640625,0.21019973635433564,-6.2311408434208575,5.772322214945817,-1.2699012056752355
28.16796875,1.978534343833335,-4.1912946115729675,7.672285949296018,-1.8578196270804108
28.171875,3.226768673649707,-0.8733510638552278,6.434965258777734,0.42005019101510604
28.17578125,2.6181764634669817,-0.6282236136650795,4.158964713300804,1.5547181004877013
28.1796875,5.806394715916706,1.607158514890699,1.6314806126295365,1.461788352536825
28.18359375,4.539376719717299,3.586043731971246,0.9953635512441452,0.9409172491271045
28.1875,3.2360777363777617,4.858516417263693,-1.2456519321812416,2.8086759374201877
28.19140625,5.660902058892721,6.808752838579119,-2.195030492035246,3.257741249282322
28.1953125,5.26232033689241,5.920155721286424,-3.1698285108906328,2.4158023147211742
28.19921875,5.823756291737048,6.00077482807337,-3.8594886808973334,3.870169198089423
28.203125,5.43848959264208,7.724909795032757,-2.3082601054134146,3.0313473718032413
28.20703125,5.420875158656772,6.577975290474742,-4.58574701385582,2.0936056835813073
28.2109375,6.6907207683203405,5.3742915824838775,-5.974811940795485,4.995488019180588
28.21484375,5.992224345308711,4.7874001969642785,-6.651429358084306,4.534337337014663
28.21875,4.139663326087522,6.134626009101426,-8.1911174770954,4.920614991095524
28.22265625,2.22187033715659,3.6992774868689073,-7.092519151988512,4.579599012783233
28.2265625,-0.4718410055849015,3.873542793137169,-8.93346609081045,3.258527742296574
28.23046875,-3.0081939219337017,3.896710201681358,-9.19811436700855,2.7090448106478924
28.234375,-4.338334815237633,2.897189841819714,-8.242781300730917,-1.2418500325047912
28.23828125,-8.061847099825103,3.2338611913207744,-3.4371593763126826,-2.4803341294377157
28.2421875,-8.959214456496012,-0.44376523036857024,-1.9223433345085426,-5.58812320417214
28.24609375,-8.46267119920164,-2.502940562599084,-0.9095650222971364,-7.095181588140919
28.25,-7.6153585857027295,-6.176270982634013,3.0525038582993216,-7.920471299488854
28.25390625,-9.321414264940392,-5.124191274217141,5.154991742197467,-10.578965966491594
28.2578125,-5.731355720511909,-7.666178476214077,5.528392061229408,-9.04788070148185
28.26171875,-5.171116638822705,-8.676808537490313,7.045983706426064,-9.887175189308216
28.265625,-5.928720058794527,-7.256236701850834,5.2768718614452785,-6.176995429096809
28.26953125,-3.3434332219126355,-7.816698385978797,4.054336604206677,-4.004605892162063
28.2734375,-3.457564438068327,-3.4301359296084106,5.452513376727964,-4.299771288483929
28.27734375,-2.074814569440675,-4.24160501183656,2.4922010338768317,-0.6719387096708429
28.28125,-0.6889938018294882,-1.97729414063577,3.884358955405536,-0.6517043126969239
28.28515625,-0.1295884905011792,-0.04297058684440999,3.5496221057813377,-0.6589171655766302
28.2890625,1.2224545878698572,1.5595677515047304,4.50555772182375,1.567177866764462
28.29296875,0.8175073837845572,-0.5982671866423235,3.176627157819914,0.4777668122826041
28.296875,2.9695515423227348,1.7240703819225212,1.9647929833055784,1.6910436151228947
28.30078125,3.7751688221769975,1.4108683959785486,1.9808410294969092,2.869938212357276
28.3046875,6.141086477220856,-0.5808853383339911,1.5848283506852365,4.255278421181127
28.30859375,5.480696274241496,0.3515989736109665,1.1237841954109933,4.821720638494985
28.3125,8.351512270674883,-1.3311489687147442,1.087919050169253,6.516833601348616
28.31640625,6.154481399452791,-0.6209710604438645,-1.418879660122113,7.420009485528602
28.3203125,5.2499060914403985,2.2834637226449095,-3.1627581428852896,7.483616666649292
28.32421875,4.01466150891818,1.1348273975426444,-4.527475753659686,7.570434189449596
28.328125,3.3198201340701874,1.8816762519644554,-3.5733673786583706,6.6374399240405895
28.33203125,1.0696823395677646,0.9656240099232942,-3.801931668372664,6.522981976606587
28.3359375,-2.5391128160539127,2.535977232391775,-2.8991364984995385,4.125734419800203
28.33984375,-4.863088363220745,2.0841815695496453,-1.1419815918374034,1.094452490281048
28.34375,-4.545830142344985,-0.9523976892315592,1.4028624791636544,-2.363669935853543
28.34765625,-2.6699254785812743,-2.140289684853838,0.38017249040546996,-3.0474195496568264
28.3515625,-0.6078611089570569,-1.520037829343424,2.6250568382958512,-3.250245205611505
28.35546875,-0.9967105112181218,-4.86261460100369,4.591441576692093,-6.147033634953504
28.359375,0.8899229193479101,-5.150870613909381,5.122891466899992,-4.927465150804879
28.36328125,-0.28664517807934675,-4.1164313502276455,4.3035872457121735,-3.4391663038012044
28.3671875,2.451615515592004,-3.6590711121413193,3.2864522349153518,-2.4949248599676195
28.37109375,3.737944004517183,-2.1990124687783528,2.8961452166520836,-2.610106680994609
28.375,1.685845530905183,2.2442245612995446,2.052822038661289,-2.387325492089244
28.37890625,1.9633520107544375,2.3439259094738665,0.6492123505101688,-1.235662089336788
28.3828125,0.56469404785524,4.008922958861464,-3.4917770000605852,-0.29794329492363936
28.38671875,0.7080438711472816,4.403223140022572,-2.2329412290255366,-1.666935475874812
28.390625,2.1096537955987777,6.039537481525861,-0.983093672223255,-0.8585734825395677
28.39453125,0.6023899741004288,7.056976102487051,-3.2693958143591484,-0.5990543152308448
28.3984375,2.7883060229426166,5.000646560574125,-1.6247000064666128,-0.6359273987252618
28.40234375,2.408820064658993,4.957272285928622,-3.40040984497317,0.46951461288329976
28.40625,2.49998881086648,5.585935113009612,-3.7658178681335652,1.0193032797850567
28.41015625,4.3839303755050425,4.557627882567716,-2.7698230506362584,1.2334317033589104
28.4140625,3.5472589820210567,2.581869202123677,-5.665653849328861,-0.27720426562418776
28.41796875,3.116164842437872,0.8325090432020175,-6.117776638143129,1.396341423014508
28.421875,0.11721616835989734,2.3482855936104987,-7.5187125641170205,4.047746506441418
28.42578125,-1.9957870863714584,3.563574808644983,-3.2117866865194107,3.953782355294803
28.4296875,-3.6318881916641836,1.1576025471129625,-5.147644579938193,1.77309943308222
28.43359375,-6.714988007201146,1.418611122156885,-5.176140410657332,-1.8063085475102194
28.4375,-8.694710667425522,-1.3821313974718885,-0.22061182461876339,-2.3826607228345646
28.44140625,-9.483384985256464,-1.6750319119210144,-0.5608171640071611,-3.6843305287155497
28.4453125,-7.975791656319299,-3.4552710510190425,2.7748535250200126,-6.179053887507018
28.44921875,-9.70733262181437,-9.026538401948736,4.679557453542459,-6.24301404612922
28.453125,-4.574560563547831,-8.305505360170493,5.845841158270449,-6.80203114959157
28.45703125,-5.508194733798408,-8.50738860042216,9.478168271915324,-5.423750190351988
28.4609375,-4.981770638718372,-9.811510649937173,8.207656267112094,-6.193328820281357
28.46484375,-3.596224797373149,-7.411020685891605,10.198954322497586,-2.5048162775908067
28.46875,-1.0656532887028227,-8.343519847068372,7.06207578795763,-1.6691603912697437
28.47265625,-0.7927917030427273,-3.235839714766909,7.389450107629364,-0.36128849542199626
28.4765625,2.461905188041514,-5.63426822111998,4.982396388339025,3.0393394726524523
28.48046875,0.7999017690158079,-0.500132275979567,3.863522040668918,1.382211929303009
28.484375,2.890723776671596,0.25153298255011847,3.82738695880437,3.719841102248702
28.48828125,2.0578602388635634,2.3833548300251626,2.5275384294843573,4.190445077823286
28.4921875,4.805460606150316,4.130421459341818,3.634173424181853,2.8564380602927986
28.49609375,6.353921894050801,2.4421702961351595,0.5543313464593953,4.439169664117118
28.5,7.200716923127335,4.249758476745008,-1.040666448246948,5.176352314318901
28.50390625,8.157568170833425,3.5393549190617173,-0.7700670598308352,5.757339099973971
28.5078125,9.092521149352667,4.028712624622782,-0.6701670285378492,5.801972927842945
28.51171875,7.456856566395776,6.438112963324544,-4.4225198406530355,7.013276747338756
28.515625,10.01855080909532,4.838896291673264,-5.722542698274765,6.971669856952352
28.51953125,6.477145333606596,2.3618396344193795,-5.129317246851776,6.922599744863486
28.5234375,4.837162446873909,5.538234552357049,-5.57870909811301,6.50735490832925
28.52734375,3.3812347965199607,6.834000535215595,-9.170984460786098,5.779910684257825
28.53125,0.3450931719961148,5.472300173193078,-6.833676756557037,5.684924212657654
28.53515625,-1.293958245923538,5.245251487296521,-6.722725593160282,0.33046193628467013
28.5390625,-7.080866730742368,4.1877377362886055,-5.985844895261982,-0.31034123033461036
28.54296875,-4.52538921133375,1.9744253454476173,-4.661615365491971,-2.680647702848496
28.546875,-5.716454651285938,0.5332412123079291,-0.4539516088524308,-7.025036144021275
28.55078125,-5.178463259962357,-2.443956832343462,2.0621394233510726,-6.192043725274966
28.5546875,-5.741661314237033,-4.579478240714578,3.5094455600615073,-7.788090481707339
28.55859375,-2.5468305498064385,-3.956670674328556,2.3311654391403396,-6.8309408576565245
28.5625,-3.838509402865728,-3.948152958591461,2.9094905418062282,-7.212065832436215
28.56640625,-0.6943035001911799,-1.2649081166768728,4.45654251485354,-4.1692631081264935
28.5703125,-1.4721553333470576,-2.2156753400671882,3.8806010971566542,-5.779411746444707
28.57421875,-1.9470084921682573,-2.4075248116394077,0.6657702926145611,-5.484028294764968
28.578125,-2.4752636868053326,-1.0537610592399638,1.9657187294902783,-4.348174735079359
28.58203125,-1.5733889666644274,2.180033473340442,1.4813749324260148,-3.8692989580992116
28.5859375,-2.8572631613962116,2.122154663180151,1.1616994281254949,-1.3150588931982194
28.58984375,-2.0738923780875234,2.829371905311241,1.262881951184808,-2.1777153050280234
28.59375,1.3739863584655256,2.093544540183622,-0.06567641504762645,-0.7048926165987516
28.59765625,0.2698714579677361,4.129992457162934,1.3359432298095673,-0.21106287417715663
28.6015625,2.069489461055849,0.8943471474106702,-0.38376818187604467,0.5660027961711228
28.60546875,1.6255616063288387,3.218642735611234,-0.30074620248469003,0.06551613224314212
28.609375,2.222918081579169,1.2764065096566675,-0.9475802035320631,2.6470622323676865
28.61328125,3.8677624763341427,1.412790878936289,-2.5213917375254002,2.8242695660623713
28.6171875,2.562403092483134,1.4328441496614728,-0.4638467686222685,5.289253677148155
28.62109375,2.8698433754289745,0.06517218465972628,-4.453849171552379,6.206717466873221
28.625,-0.33683561179397,-0.025042857285831055,-4.863938124694327,4.3502525377182915
28.62890625,1.2903431332413546,1.942154037135571,-1.1624018530305007,4.006618004168573
28.6328125,-2.5622959793707545,-1.334611406798624,-2.6452072898332593,3.997434275958904
28.63671875,-4.542382569272027,-3.008643869637238,-0.9197368914135142,2.782836943324813
28.640625,-6.736488676567827,-4.551978295453173,2.0998453821792444,-0.25626037166342397
28.64453125,-5.665871013564795,-2.9460543147973928,4.171391082516644,-1.8266943401321305
28.6484375,-3.9681105289780207,-7.082527560717462,4.571040798468481,-2.222522677424923
28.65234375,-3.632856354780015,-8.613042779416201,6.496492205791311,-1.1977809751471802
28.65625,-1.0507559592623936,-8.985258737564651,5.977581795585304,-3.0678890393934832
28.66015625,-0.3348510753101892,-7.387102457666257,9.338623238999281,-2.336199457412868
28.6640625,1.0295732246571636,-8.01711740150089,6.155634814124563,-2.2004021896470216
28.66796875,3.388659209020365,-6.338033657243629,7.104140722461862,-0.8467343135914998
28.671875,4.623954208685239,-2.818656790726489,6.168813633491237,0.46304629930810665
28.67578125,2.8516293522758205,-0.6085362345812096,2.470917378796843,-0.04215491527010973
28.6796875,1.5490025880480731,2.9772091037732307,0.880471916968014,2.219708416944669
28.68359375,3.550752125340241,2.127295908726815,0.13963332767048892,2.078623981776661
28.6875,4.257735881680306,4.5351684742785885,-0.9541481846222604,3.8971302591438306
28.69140625,4.3722247533661704,5.900962258596122,-1.474672010439528,2.5873547826296277
28.6953125,7.253568081492724,4.588616110198933,-2.676399753827523,1.9673827476575556
28.69921875,6.423404614186135,9.285178119372787,-3.374169371971825,2.4270635334821997
28.703125,7.3252125024950026,6.629349315947938,-3.1074118793367544,3.546608534526644
28.70703125,7.091346207100486,6.004069178110913,-3.298087505317831,4.076394261420366
28.7109375,6.565409302482717,6.170555224696219,-5.76561342191616,3.236234930718701
28.71484375,3.203714730320869,4.25322008233494,-7.6567146117377005,5.562658591516453
28.71875,4.108561333647922,6.1946597027880514,-8.103459325218374,5.097855076964086
28.72265625,-0.31881329013154835,4.495426040400862,-7.530742130126329,4.249874738109872
28.7265625,-1.1644923759977965,5.1265631559219695,-10.108601560192458,4.794026293111269
28.73046875,-3.238356743405557,5.518179944812359,-6.199841314455284,3.2526603187291303
28.734375,-5.009553272516234,1.8046456837315559,-6.844706439760884,0.5602228119278445
28.73828125,-7.753289487183094,1.1919072680564966,-7.708284743318628,-4.6727118829595415
28.7421875,-8.858714059050994,-0.9971551942961414,-4.700771423384827,-3.202267425716041
28.74609375,-7.575630609371077,-2.6770516451536914,-0.40487038719569857,-8.204223739095193
28.75,-7.823351949779486,-4.68549235820744,2.3467291447700442,-8.706285413276865
28.75390625,-6.865954493878357,-6.281849829838276,4.936879663143058,-9.110007042382087
28.7578125,-6.292512587867213,-7.214442600358338,7.046381136166339,-9.255792522647004
28.76171875,-6.254682363828271,-7.561137859501668,6.440386891322514,-7.567141048528008
28.765625,-6.028073071243158,-8.01873548182626,6.415035665432723,-7.764874759240399
28.76953125,-3.3892677969226335,-6.040929928937807,5.754410013040517,-4.499941014503158
28.7734375,-2.4245122846987908,-5.760123954211052,4.4768473989498885,-3.814976918657398
28.77734375,-0.25656076122673666,-3.8179862491241865,5.06711441999263,-2.072375888382781
28.78125,-2.757970054358763,-0.4895317234274168,4.242103845737723,-0.9897070923634268
28.78515625,-1.4686351219734735,-0.8382466060455654,0.6671833778649243,-2.909005959948138
28.7890625,0.5494730739883278,0.3664938519019427,1.6306747875173837,-0.5214370625407784
28.79296875,1.855955416108733,-0.6814040098575178,3.447049211076931,1.3668633620362372
28.796875,4.4643033536116405,0.8189380224789903,0.3993544375576128,1.3918811839823415
28.80078125,3.2843637673358166,0.919559743261048,1.3294799739389647,2.5964248985640785
28.8046875,6.232507098153307,2.115119925398712,0.8654192138174046,5.039099747477245
28.80859375,6.427782168021963,0.9345957773915574,-1.058290334177505,4.006199673139321
28.8125,7.772501345717956,1.2662179374258464,-1.5146586631916736,5.108389539831049
28.81640625,4.322966105695839,0.548180688964775,-0.8080550249364529,9.054889198165718
28.8203125,5.612928843707219,1.3637450555447839,-3.3874690481141516,8.114336286909735
28.82421875,2.1171638247673137,2.0486497485601545,-3.3173364726451844,8.105830313462118
28.828125,0.45452739301029177,3.811650926003809,-5.051701450126805,8.866194869369801
28.83203125,-0.7495620759942463,2.4072367793117433,-5.690238483419397,5.685459063800773
28.8359375,-1.720536366288972,1.5480330904235566,-3.036235269123221,1.7470998569714022
28.83984375,-3.972505946437856,0.7467501099216993,0.06262197159921978,3.061344611120086
28.84375,-4.580732238738312,-1.7178026863205924,0.8806429284820484,0.03836277757961304
28.84765625,-3.203497599234909,-2.421069737188439,1.8995896458344734,-2.5598785042912926
28.8515625,-3.460060247579941,-3.422049802392585,2.5765891318688707,-5.54870567902025
28.85546875,-2.420416157317231,-4.970351664907437,2.8344077863485126,-3.858768496243724
28.859375,-1.2965138105558935,-4.962999196081705,5.702103021034678,-4.860219055515944
28.86328125,-0.5858310194786007,-4.896281993885748,5.549360942022695,-4.4222057187205905
28.8671875,0.8999924547248707,-2.4146700066699127,4.361141658544131,-5.058847088331795
28.87109375,1.6063727890418822,-0.3550951403588053,0.8328445514419074,-1.3376062886745201
28.875,1.05271580233145,1.2387851165666537,-1.3078098602465884,-0.9810740955243046
28.87890625,2.389132290042129,2.324404937661981,-2.0939321552097425,-0.5477350350770898
28.8828125,1.6033752384519082,5.1165749236610365,-1.3807186117987724,-0.3290264508705088
28.88671875,-0.0816463211582874,6.3298359473975525,-3.367998171461427,-0.18579465930470873
28.890625,2.573898566189156,4.983973029914598,-1.8960115887061062,-0.7824469782315362
28.89453125,2.1083061305480966,6.592582773480063,-5.218119882863892,-0.6057986213841253
28.8984375,1.2125475330966966,7.297425586132393,-2.6616166812473026,-1.5532021014529418
28.90234375,2.6074188776533633,5.8959699663582485,-3.477862913224638,0.9270084219309753
28.90625,4.685160250221985,3.9363675886236797,-4.069267432012096,1.0623756085100702
28.91015625,2.503173402930585,4.079168638417978,-4.650301636050945,1.0272880911803886
28.9140625,2.396969252992524,1.8050513485179227,-3.7663306763655147,2.0524841666133486
28.91796875,1.1983530370838726,2.6528362230949667,-7.958986323411397,0.4968959548375209
28.921875,0.6163493855758163,0.9221566600288018,-5.775942422156985,3.437864071291265
28.92578125,0.351071875458532,0.9807189265252685,-5.711866235378307,1.4412928011106252
28.9296875,-3.288256302601123,1.6115847889452466,-4.592731468647086,2.832198821123637
28.93359375,-5.158894056063583,1.0201403016491732,-3.462177147664481,-0.35433642742948623
28.9375,-8.816389878757555,0.5534679286873048,-2.6876154222028963,-0.269890894765507
28.94140625,-8.772024354464257,-4.134641734924171,-1.1553446278317847,-4.560948485605242
28.9453125,-6.65658002052553,-4.727024294512991,1.5125814660578332,-6.352889210312242
28.94921875,-7.157223228672797,-6.523100415873875,5.199336839107195,-7.1946797062037104
28.953125,-7.633607508643156,-10.20088177212034,7.382251949771602,-7.057136873673086
28.95703125,-5.587648837957806,-9.455751413656849,9.057143845178288,-7.361124753751278
28.9609375,-2.447446979396351,-9.689025201399057,8.965609235746497,-7.64136833764328
28.96484375,-0.5178941844957818,-9.625328769852292,8.33825318890159,-4.231621607300246
28.96875,-0.20176931960739014,-8.009139552753252,7.342330916229477,-2.778943442250157
28.97265625,0.6412641232889338,-5.1794614138696975,6.233741381739332,-1.8668291095055796
28.9765625,2.1042931871933015,-5.965781098467161,4.517205778626204,2.8055142977465537
28.98046875,1.1448719542600834,-1.3486297492837371,4.987323762034141,2.5470983868963883
28.984375,3.2624509628537863,1.428506181663761,2.4962286512891088,1.0433497580076154
28.98828125,4.784500863854781,2.7186465316165243,2.1079609031054276,2.87905759253827
28.9921875,5.495037999204342,3.7835196369116595,2.8522803092613356,3.6563832843284545
28.99609375,6.006403917238052,4.204365161200989,2.8089209160604183,3.6822873041449133
29.0,6.406427623502194,2.956159755204593,0.8694385149370131,5.410277342716981
29.00390625,7.550080229708278,3.9234584318233745,0.7196190998139779,5.614432980727353
29.0078125,7.232894468485761,4.892010354248918,0.029020795697477952,6.799800265615073
29.01171875,7.779259475711925,4.898077913547748,-3.2275948833522423,6.939720922935044
29.015625,8.343090750797625,4.723905878097032,-4.70869329752117,8.444834245408574
29.01953125,7.6532538357746995,4.582111116362425,-6.562984725832516,7.094401069881989
29.0234375,4.354044981981782,5.367620892914799,-8.593090741907998,7.661319829349733
29.02734375,1.433597874326925,4.040966772706731,-6.438604262863915,5.1438078695747205
29.03125,0.018024279123131648,3.4042148207913434,-8.878715982543902,3.941569861148044
29.03515625,-1.626475695896728,4.568346137196876,-6.375082547123813,1.1784500044578712
29.0390625,-3.562500418111001,1.2435480203753533,-4.067283744578981,-2.2709642673914434
29.04296875,-3.8645202554260436,1.3737357131653944,-3.376257557194481,-3.1271651005164887
29.046875,-4.264008340273864,-2.247544597061678,-0.22663035906250228,-3.906285284238546
29.05078125,-5.804424157404047,-1.7654793389099326,2.817838283966392,-6.61548605200004
29.0546875,-6.073886405318662,-3.6450493702188633,3.201079881907017,-7.718743632907991
29.05859375,-4.244169023051432,-4.086386601360706,3.48153151357672,-7.742277452607353
29.0625,-3.874039438554659,-5.214607936864975,2.729856229808735,-7.731789495948675
29.06640625,-1.6101825533731646,-3.717135657782369,3.4276068787408485,-8.123945282490316
29.0703125,-2.1820121591599446,-1.9668070098393935,3.343535704471244,-5.953642417354466
29.07421875,-1.3100279074550403,-1.6438201460740671,2.074299929985499,-4.2940478907874615
29.078125,-2.5565691514234397,-0.14722527735854274,0.9287129861109056,-5.3856152468068
29.08203125,-2.534473664462501,1.754511927609777,1.945090254628464,-3.400006463220672
29.0859375,-1.5932371320868268,2.431123260074456,-2.3111319860253987,-1.3301746529818363
29.08984375,-0.7103058324324731,3.2963627610126336,-0.15956922714301636,-3.2130972175388743
29.09375,1.0294037996211398,2.8994703290333357,-1.5188176517794267,-1.5521180303246627
29.09765625,0.29836788233666744,3.715902413844887,1.217423452757992,0.9440721188103594
29.1015625,3.3266658080530136,2.2819310952344303,1.5641584108598459,-0.9812547062682818
29.10546875,2.470351960271737,-0.6863378895611973,0.9405390620708822,1.0382234900531184
29.109375,3.45042217035177,0.4222614291350325,0.6007368580357706,4.830799174296404
29.11328125,2.049254325682398,0.24048169882195286,-1.4366218766365089,4.022772512594905
29.1171875,4.326930201570056,-0.8159666328786298,-1.981185827058482,4.549830510379394
29.12109375,1.1411699646227198,0.18495768843426413,-2.391390646967521,4.083300391756622
29.125,-0.6814058292583417,-0.39372857158534136,-2.4977712781428694,4.719489386225092
29.12890625,-3.1125528384054544,-0.9334356837259481,-3.3212036985392888,5.114059479458671
29.1328125,-2.013527681455221,-2.0088553313887885,-2.67835352467242,1.7870619511634378
29.13671875,-5.2781206513309415,-3.4006169897585994,-1.0897734561933414,2.4189441541996652
29.140625,-6.471596567580259,-3.539644805809916,2.164986725891261,1.1992432198522875
29.14453125,-6.587581856165423,-3.8379888446887294,4.20983330911967,-2.2526747776052485
29.1484375,-4.111691362345152,-5.10970281483908,4.314823549622384,-3.4459664103869443
29.15234375,-3.311761372253892,-7.362256556516228,7.356116731975193,-4.8298464284113365
29.15625,-2.431012024750177,-9.736069583276329,7.931492072716742,-3.874704104214821
29.16015625,-0.5197886646301908,-8.180991350999344,7.165566397160399,-1.7004785744829134
29.1640625,0.6548096440667267,-6.715581236175753,8.531968247969537,-2.66367271901424
29.16796875,0.9186692118189748,-4.011250553332713,5.766126726434779,-0.9923276021622194
29.171875,4.5508743701434105,-2.5422287710559788,2.936166381492935,-1.5673579391692978
29.17578125,4.816890423480086,-1.7103233855052569,1.4191994295974177,2.315360030930553
29.1796875,4.040223759558579,3.0581982180923877,1.32363189176914,0.7516515462050801
29.18359375,3.3666898776869028,5.146782470355265,-0.6543867242664038,2.954244952926702
29.1875,4.6685960095115835,5.0463826409091315,-2.1804951863212327,2.6188985379373038
29.19140625,5.058574258027965,3.299443842148468,-1.0178156733196686,1.9465603276489087
29.1953125,5.226766106016049,6.886017520655687,-1.083057288005677,1.4165611748108036
29.19921875,5.316550861469388,5.808075119909789,-2.144324688755445,2.883817087411057
29.203125,4.787323480834098,7.721103507087822,-2.2137894618184175,0.7142279744105817
29.20703125,7.683982199058362,4.62261042113789,-5.23785477724922,3.6803289718139442
29.2109375,7.791807375300489,6.821142527747767,-4.871968008212266,4.196838992479503
29.21484375,6.222830764334259,6.839317066846115,-7.629166586068215,4.140395824377527
29.21875,4.252449964987405,4.087953209200801,-8.753435269885246,3.443996174588561
29.22265625,1.156047500837676,4.160124941822261,-9.337189130828136,2.80714565750884
29.2265625,-0.22730509478466854,7.325266126483973,-8.91570506771602,3.581496913531976
29.23046875,-1.3148026995264117,4.6395184746474705,-7.950697050483959,0.7900858817488338
29.234375,-6.127254588504933,3.169414989083592,-6.138377232099023,0.19411400482250274
29.23828125,-7.459252416852915,2.455165749531207,-5.286482606976926,-3.4229300000356973
29.2421875,-8.127789194494342,0.8740691868662602,-2.0549357352966036,-6.444137159932484
29.24609375,-6.3506153869668935,-3.050195618175766,-1.4556661033768852,-5.37908449897035
29.25,-8.13112725317093,-5.3445190402756495,1.0408054756007645,-8.698646179501237
29.25390625,-7.733959489086982,-5.649217452215511,4.176206732749991,-10.877931768684643
29.2578125,-7.661218839339074,-7.9117646332828375,4.360977622464657,-10.335100069205774
29.26171875,-5.233724584638385,-6.933134182042848,6.6514954419477395,-7.66709321864204
29.265625,-4.904778467908999,-7.184463950767508,6.458283085923953,-7.168185492869942
29.26953125,-1.3868698686088972,-6.4248212069094635,4.779864678862122,-3.818281224043849
29.2734375,-0.9207499806426187,-4.205590670620419,4.824244460753788,-4.079988266441949
29.27734375,-3.0061398189220534,-2.6999372755265094,5.219077610423919,-2.8237196025658595
29.28125,0.33399717488054237,-2.9939019829786178,2.4454168688935107,1.6860718692664114
29.28515625,-1.9160349779335173,-1.4016720078523401,3.7422080820663837,-0.027489472720784766
29.2890625,-0.12323756066002145,3.146457850738041,3.0391561263824594,-0.47037137070260027
29.29296875,0.7141147038287796,0.023833752391276386,1.1190197171835465,1.916559280123741
29.296875,2.4273862573742826,2.4844663016358783,1.6952297645375087,3.0499214078982244
29.30078125,2.9514926501095937,1.3257274591263715,3.215082730184578,4.446379545212941
29.3046875,7.674261437754334,0.16527159547829695,0.9030259761517452,4.449518710567539
29.30859375,5.925682543513069,0.31583913486706017,1.2468932063778118,6.632488854591664
29.3125,6.924039018330797,0.06567119526093534,2.199418967089313,8.241640469404539
29.31640625,9.014145090488649,2.2941948627498343,-0.9097604203344212,8.284389155552311
29.3203125,4.721553762376107,0.403641091205982,-1.7750161238884143,9.278873994842506
29.32421875,4.403074174744601,3.1944974819951018,-4.271682515631702,9.307550954644588
29.328125,2.2669987864000976,4.277739713304435,-5.969955265115827,7.676505434791123
29.33203125,-0.09327771727353376,1.8456586055943875,-3.6114222101033975,5.274747100715632
29.3359375,-2.291376933663314,1.1161899497332926,-2.746598584037411,3.6860683670288044
29.33984375,-3.5450140168933206,1.4831476984073468,-0.6480482804765657,0.8561756122806473
29.34375,-5.425922997797661,-1.3730938406667028,1.4499935857798194,0.5373432759579511
29.34765625,-2.9399147112660042,-1.5764985889443595,1.6788383016606558,-1.356482597147911
29.3515625,-3.3670051190313055,-3.1894503930407336,2.836483970004136,-3.263215703351223
29.35546875,-4.65597413853628,-5.123562879268711,2.661978766518259,-4.248421322361895
29.359375,-2.9266763022789504,-4.297009847774157,4.786047723952708,-5.252279472631201
29.36328125,1.7873956169794647,-4.593299092171644,3.1448712261910154,-5.421545468786598
29.3671875,0.16213223382159503,-3.78340984981521,3.44979333243345,-2.685015536093973
29.37109375,1.9884144573125595,-0.7804608654002236,2.4898987378030317,-1.9254466811276996
29.375,0.5538841904333855,0.10484127781907604,-0.198000764944554,-3.097747802336243
29.37890625,0.944988145782867,3.147491508968468,-0.3024500582286823,-1.8470178816833167
29.3828125,0.8475675654118808,4.778855696905793,-0.05589583576697876,-0.1442339965621242
29.38671875,1.6887031426684431,5.046931695664647,-4.080205627965094,-2.1370065878940325
29.390625,3.112540086734306,5.2516551206463,-2.87359398923693,-1.8477830682646945
29.39453125,2.8105490353931653,5.994998700750387,-2.807416355919207,-0.9986165088177356
29.3984375,2.972611751626495,6.63399413906754,-3.893965180812765,-2.2278026412152174
29.40234375,2.5463995419359193,4.8828543939099385,-4.185446750728934,-1.1208637280512241
29.40625,2.997171702699399,3.5152185628932164,-4.432668650109534,-1.3683817283791364
29.41015625,4.0023500178642,3.2296272864790527,-3.9389344872558496,0.6375009812357662
29.4140625,3.783289901170329,4.18762087485731,-4.847470632599545,1.5222574736068302
29.41796875,2.247098680200839,3.9461098225506,-7.361751349871231,0.8729072893317207
29.421875,-0.46571087087548857,1.7169000160488328,-5.154973351378675,2.8025197240584574
29.42578125,-0.9231915772336701,1.6489532382412697,-5.609402869283591,3.2691797918923466
29.4296875,-5.745349368632362,1.0468045240316133,-5.028899819321237,-0.3712446502036164
29.43359375,-7.088327660860918,-1.2563241679711123e-05,-2.6729225559388214,1.6519627620842268
29.4375,-8.256266501707039,-0.40013189373075764,-1.2356760518731937,-2.272495508990818
29.44140625,-8.417042739900786,-3.6759593974986284,1.3729675458659654,-4.547994838895793
29.4453125,-5.430308534875467,-5.764283296244136,4.533855231421821,-5.745058323593474
29.44921875,-8.38183056919568,-7.4850226738920576,7.378953158977982,-7.3639002984739985
29.453125,-6.456411526486822,-8.582861418081636,7.900545252050108,-5.327761754185172
29.45703125,-7.622223488040607,-11.417586233678984,8.54438392052203,-6.0143958498818275
29.4609375,-2.6187585439477985,-8.62872136576607,9.996353448425289,-6.209145083828233
29.46484375,-1.2918832719609596,-8.342617097120199,9.673297782339894,-4.695043412806675
29.46875,-0.6560015870720104,-8.268197279945362,7.220510791062407,-2.786471851710139
29.47265625,2.741595572506444,-6.744309687506682,7.626637724150658,0.722954924617742
29.4765625,1.5345881287034266,-2.748725264653607,6.269746816858009,1.871553116207707
29.48046875,2.9640903572703516,-1.7719920558494875,3.2343665989445585,1.1660470856028786
29.484375,3.985461643093319,-0.7458892193316267,2.107074564848459,4.179429829855792
29.48828125,4.352188371465206,2.056154439152581,2.7829610294132014,3.0736947079903123
29.4921875,5.521216974195384,2.510471081048594,1.9535212317976147,2.6033045515311954
29.49609375,3.9193784568205814,6.042239619026831,0.9106656277581585,4.93731849539508
29.5,7.102977685282854,4.540603664862956,-1.9634236474804334,3.5561933461752786
29.50390625,9.136696762684453,4.970592126386367,0.9822072651128289,5.728726913499632
29.5078125,10.611200026695936,2.4429977154086906,-2.4704683961992417,6.9043187923357445
29.51171875,8.0012767313433,3.6285509094744897,-2.064623114419377,6.346511484995483
29.515625,8.644976401686616,4.794865554382064,-3.883324965464949,8.468175895368294
29.51953125,7.883970915839832,5.4181921017141335,-6.876976729157146,9.453770939935984
29.5234375,4.0389423477225215,3.4205936388944913,-8.409520255364583,5.29877226670315
29.52734375,-0.15618564419190673,4.20745006785293,-7.801791916874154,5.443193757704617
29.53125,0.40257995860542706,4.9603576750714335,-7.692134667058469,5.441413579907161
29.53515625,-0.44718643460624374,3.6577139988923686,-5.975848815557625,2.8001993481469256
29.5390625,-5.93885826263243,2.799091551357665,-4.350044598185995,-0.76087133240437
29.54296875,-6.134439112487798,2.561008004592999,-3.023661966016516,-3.7506915629237567
29.546875,-6.414819328450004,-0.25738759157542224,1.4954083614494036,-5.029595279383221
29.55078125,-2.9455104769033675,-2.683526563451191,1.2523149479326168,-6.338461941959362
29.5546875,-5.433499856967555,-4.472990776982714,2.8679931418025273,-6.668894871840429
29.55859375,-3.7699085378518404,-3.912153859793885,4.05992324993838,-8.500896319297285
29.5625,-3.6918124518635023,-3.189364344330527,4.9378443310250795,-7.7050406143353465
29.56640625,-0.7012078159209574,-5.468909966915952,2.1700984217414634,-5.896609550675278
29.5703125,-2.3864793958687445,-1.8515952227475725,1.4981656720093564,-6.1246419410628725
29.57421875,-2.2134025731608706,-1.1409436229864922,2.283732402725174,-4.794304561359529
29.578125,-1.243902776148106,1.8245863021214341,1.3959700044345986,-1.866334963460169
29.58203125,-1.9750427610352312,2.9788134526784944,-2.986551779886492,-1.3079570211310123
29.5859375,-0.3566662012305213,2.651573181320601,-0.7696320176592621,-2.048972849350471
29.58984375,-0.5138650976430799,4.1710461674724515,-2.8591478894706217,-1.8500120580710058
29.59375,-0.3953969253242571,3.5138975971747914,-0.3709237349338659,-0.5904988441059609
29.59765625,-1.0384190556816482,0.31405682744242824,-1.0411612801052144,-2.1266132273664775
29.6015625,1.814373103057166,3.1885157392276424,-0.7262867937040388,-2.256508740402087
29.60546875,3.918169857930915,1.9934681365790827,-0.3922700622495136,-0.7298116178619214
29.609375,3.8083311250008847,-0.044464029855802556,-1.4980684186191895,1.8350699111212039
29.61328125,3.349056144977045,0.04169629319139451,-2.177362645174421,4.093020929172792
29.6171875,2.355821762280923,0.6772262016018002,-3.416743038484616,5.237806496984468
29.62109375,3.5260579405279797,2.367595807824858,-2.8023762342308487,3.97731554204373
29.625,-0.8188178466662586,0.26770794945951787,-3.2010057731717527,5.898103484062371
29.62890625,-2.4325198452983154,2.2627340916078214,-3.8928948549840374,4.573937089940414
29.6328125,-1.286794137348406,-2.0579338719792664,-2.30164692408473,2.5922206324092585
29.63671875,-2.4327047972802207,-2.0818424896734173,-1.0900755630191215,2.836922951979555
29.640625,-3.782439271784308,-2.5993619716343677,0.0856731453071633,0.05900144701224397
29.64453125,-5.3618363711455785,-5.4292993750954075,1.4829270923775069,-0.02233380052457079
29.6484375,-3.0428377698057254,-5.435996228060992,5.00120060417586,-2.671348207305839
29.65234375,-5.193124537399907,-5.120271983902194,6.591002735850665,-1.4263510374560227
29.65625,-1.7446059918514705,-7.756361821850385,6.804910608233589,-2.1533821416030863
29.66015625,-1.3553115835227023,-6.4814720095917915,8.069695567115971,-4.060760822705553
29.6640625,0.9827974623487087,-7.164991265908113,7.484430271926642,-1.9073431179626819
29.66796875,1.000150107128656,-6.8127305284980135,7.514234015905646,-0.6686685344602123
29.671875,1.5622214563518413,-3.1150283008075172,4.797076838632904,0.011775444602523777
29.67578125,5.076053243132125,-2.2626905718503574,3.2935576972251046,2.122333818806918
29.6796875,4.391858014075,1.3598971753624378,1.0825806170491532,2.1801125040088545
29.68359375,3.1662760051524717,3.320043706378632,-1.6843258536030983,0.7691739223499459
29.6875,3.7448336747293003,5.368036966436934,-1.708567161145384,3.11374909142167
29.69140625,4.977744543754875,5.360458538014568,-1.1124194205237357,3.4923081096577597
29.6953125,3.7457417662552226,7.299064096191243,-2.336058428882408,3.3075302241488433
29.69921875,7.560299637044204,4.366078447104759,-6.748689147676992,2.087104871777891
29.703125,6.692445186824107,5.962101560389593,-5.175504590938381,4.339472642230038
29.70703125,7.746640739204103,7.09178905520623,-4.061970269132616,3.17949053292289
29.7109375,7.1601416218912695,4.713005639312396,-4.592128633329413,3.116714806544757
29.71484375,4.565139838322722,6.373226569127149,-7.329072660694913,5.7847736801196366
29.71875,4.745957849452496,5.663107251567951,-7.757898762971965,5.222329674696385
29.72265625,3.318027996381102,5.327174632800994,-7.987984013762027,4.801352717424805
29.7265625,-1.1120561886454527,6.344338602193416,-10.60467029196411,2.776867412941199
29.73046875,-2.127835660835273,4.924276846684819,-8.472944688953191,2.310807333214216
29.734375,-4.595489460897146,3.2251714944275482,-6.15489746732614,-2.0857599110349945
29.73828125,-8.886263579308718,0.4072040712100966,-3.9624851982358313,-1.9076771620533441
29.7421875,-7.464968973429538,1.797862958578055,-1.357738401623387,-5.116039226053479
29.74609375,-8.406067330439798,-2.6913225761453647,-1.5048889732042312,-7.2164706359639474
29.75,-10.124163738134921,-3.5300787564223817,1.8868734418805715,-9.15287954269214
29.75390625,-8.222818785466899,-7.505461852350498,5.3832618272530715,-8.628220368504268
29.7578125,-6.44757740034429,-6.175039850517649,4.333282657857122,-10.720255562117925
29.76171875,-5.0906037277207155,-8.949125831237343,5.560148128840708,-6.0972143146983715
29.765625,-3.639939922345677,-9.270516239132215,6.801662498039716,-6.430981441307968
29.76953125,-0.5064013969217642,-5.711754073006965,4.361825362426966,-4.618296660483071
29.7734375,-1.01064722467792,-7.326884872006506,2.8766043831711614,-3.1513475428745004
29.77734375,-2.133584674797631,-3.4950626473228885,5.541604902833665,-1.7540152536449936
29.78125,-0.6377465474141358,-2.302013236499446,3.9103340073665533,0.2866329779123109
29.78515625,-0.057172499833502144,-0.6994879120686484,3.6423521986923517,0.6864780692018995
29.7890625,1.4397832297442685,1.3715528322551194,3.708623263400325,2.5993197787482307
29.79296875,2.8570412246243304,1.400914152356726,1.3214867477753665,1.526952109217167
29.796875,2.244062995231184,1.7409772143764566,3.466193341782901,2.0142358251202475
29.80078125,5.014609258847775,1.7379721553051266,3.5950456510750772,3.9455087407403764
29.8046875,5.823148976124082,0.5215488781243344,0.3760959969259261,2.9569731534237462
29.80859375,8.27045410246472,1.7001513968151192,1.805528889272713,5.325618321495121
29.8125,7.019574389199451,-0.519326077569213,0.034025547451568106,7.004539816699136
29.81640625,7.966928113155659,0.8762643195141575,-1.053133445461087,8.562070836507502
29.8203125,6.783172855213181,1.4888880010245433,-3.123770325574085,8.335033405457898
29.82421875,3.5518824670952407,2.3005297802336853,-2.3411081384632575,8.196788224259995
29.828125,2.2798094914277494,2.380978043045283,-2.5594534774744337,7.193446348875673
29.83203125,-0.37600303113418954,1.6682151643989733,-3.5310617392655153,4.61170319837303
29.8359375,-2.31185801363793,2.1744244186303714,-3.5307959262811695,4.987308301900786
29.83984375,-2.0614900042060222,0.2577750946796472,-1.353159737466873,1.0731423171261638
29.84375,-1.6968432899177106,-1.9422273198315732,0.10198816020518402,-1.151158836557669
29.84765625,-3.0107831631195525,-2.545870665122524,2.2075323978214314,-2.5573813666874057
29.8515625,-3.594152423389139,-3.7646884849318205,2.5166988620861614,-4.306603625655475
29.85546875,-0.5922886489225565,-5.9573322711649155,3.2887688882481805,-5.0919135676147675
29.859375,-0.37056374917630985,-5.167200222106317,4.606713809704489,-5.43224364745206
29.86328125,0.8654391808281285,-4.6102481387910395,4.7305666222039635,-3.6678578796380368
29.8671875,1.3939317141869823,-1.6541139332408168,2.746625250083606,-2.702730962896207
29.87109375,1.5545496628412023,-0.028175386902387856,1.6976259870536456,-3.352390294990977
29.875,4.104845499095266,1.2331890676205184,-0.2651221885392222,-3.027022952578
29.87890625,1.2918640586226902,4.0564256580575835,-1.6301834745298545,-1.024595876753242
29.8828125,0.3580118580978533,4.1552608411496355,-0.1150391176194614,0.08299000226671915
29.88671875,-0.7222372946424103,7.108890927385694,-2.449251388000307,-0.8277517132647833
29.890625,-0.5309202998721136,6.691994269585028,-5.022449222067418,-0.7790980927380046
29.89453125,1.1813628930600042,5.875578059275559,-4.092636163416211,-0.1970486782339378
29.8984375,2.7891148050201493,6.0812873401872025,-4.155131047219345,-1.3368264379964647
29.90234375,2.1770257097703993,6.12183690440572,-3.739704468100191,0.8652922105255156
29.90625,2.8642557375674267,6.181865037985748,-3.667285307615649,0.4325494553789888
29.91015625,1.3121699967023557,5.801828945098412,-4.975042529407052,0.6092470051837908
29.9140625,2.162620871525623,5.245271230783247,-5.931196639596794,0.7639738841866277
29.91796875,1.2987036544744328,1.2167767659479323,-4.5756858489593775,5.093284836935599
29.921875,-0.8187472269581517,3.8158948409817315,-6.811931082094498,3.7505475191879825
29.92578125,-3.2231286044965977,2.5401246284123227,-6.2684774732735855,3.426703306316528
29.9296875,-3.3342024727931774,0.7836499562652635,-3.851318590834518,2.4423529883122743
29.93359375,-5.997268985563758,-1.1643250951300839,-4.514184250517029,-0.4816556938408471
29.9375,-7.302494531879793,-0.5995785676495029,-2.297183877759623,-1.828830972192412
29.94140625,-8.341314158375935,-3.688263216634187,1.7690897756054316,-2.8004560512161127
29.9453125,-9.01604762040033,-5.164531128832448,3.4032179181817694,-5.819661921563187
29.94921875,-8.792510361313516,-7.632385036336733,4.486663238205027,-5.560496457763419
29.953125,-5.36770288943069,-8.16585895083424,7.114795082759474,-7.09866193573229
29.95703125,-5.053460464829684,-9.541043968547193,7.24145967748795,-4.9434638583420645
29.9609375,-4.24407241076219,-9.933854295206615,9.213748856528959,-5.610526187054801
29.96484375,-2.6734393185704857,-10.441207860566104,8.442813119595817,-5.096766844406103
29.96875,-0.17829210867612316,-7.291445232342837,7.306555794614548,-1.6871567585063287
29.97265625,-0.25017726587777434,-4.160653688169205,6.258163675753471,-1.8260651073703857
29.9765625,1.0906852683806967,-3.2523830561292013,5.626793032511213,-0.16905095507174472
29.98046875,3.116491486805427,-0.40059962475433875,5.666830960484031,2.2763996191349127
29.984375,1.6417203087838728,1.4045412467139053,3.2024530417830954,2.728665319837128
29.98828125,2.8886173924425838,0.4685027842426388,0.5107875627939067,6.2214094994144595
29.9921875,4.346679626665332,4.2451230857361875,1.6071265039563227,3.7261865590122967
29.99609375,7.120683650928226,3.2608129242060366,2.000907226234117,2.930551329017514
