timestamp,temperature
2024-01-01 00:00:00,51.223782678424676
2024-01-01 00:01:00,50.78824923470445
2024-01-01 00:02:00,50.67479574778144
2024-01-01 00:03:00,49.41622858117797
2024-01-01 00:04:00,52.0659273469047
2024-01-01 00:05:00,48.29369134675112
2024-01-01 00:06:00,49.77056715530365
2024-01-01 00:07:00,49.3203353657552
2024-01-01 00:08:00,51.02634920721218
2024-01-01 00:09:00,50.173909073264504
2024-01-01 00:10:00,48.64985572287165
2024-01-01 00:11:00,52.20716856494227
2024-01-01 00:12:00,49.48478902670692
2024-01-01 00:13:00,52.16830195505703
2024-01-01 00:14:00,50.84315212182496
2024-01-01 00:15:00,50.427362177443115
2024-01-01 00:16:00,50.88304457158712
2024-01-01 00:17:00,50.85969186374715
2024-01-01 00:18:00,51.344533914794965
2024-01-01 00:19:00,49.710935836658265
2024-01-01 00:20:00,51.423814890807975
2024-01-01 00:21:00,51.68985248356146
2024-01-01 00:22:00,50.80937426077136
2024-01-01 00:23:00,50.267582496216946
2024-01-01 00:24:00,49.93600961337082
2024-01-01 00:25:00,49.57085301209042
2024-01-01 00:26:00,51.007645557244324
2024-01-01 00:27:00,50.86619291023044
2024-01-01 00:28:00,51.841637842329284
2024-01-01 00:29:00,49.83603654627045
2024-01-01 00:30:00,53.064341656527205
2024-01-01 00:31:00,50.26909481171919
2024-01-01 00:32:00,49.72069746450694
2024-01-01 00:33:00,53.02470344707673
2024-01-01 00:34:00,51.89380385315035
2024-01-01 00:35:00,50.61271546877918
2024-01-01 00:36:00,50.465813849477115
2024-01-01 00:37:00,51.89290167221612
2024-01-01 00:38:00,50.45360918795636
2024-01-01 00:39:00,50.153281119016526
2024-01-01 00:40:00,53.15858372479577
2024-01-01 00:41:00,51.36367593012608
2024-01-01 00:42:00,53.04256334460423
2024-01-01 00:43:00,50.548199958906395
2024-01-01 00:44:00,52.320091692511554
2024-01-01 00:45:00,52.73219018214162
2024-01-01 00:46:00,52.39631866524693
2024-01-01 00:47:00,53.13640476983731
2024-01-01 00:48:00,51.051309018059634
2024-01-01 00:49:00,52.56998307232019
2024-01-01 00:50:00,50.80197098803278
2024-01-01 00:51:00,52.94912180990489
2024-01-01 00:52:00,52.89628849598516
2024-01-01 00:53:00,67.60864718226993
2024-01-01 00:54:00,52.54272192312585
2024-01-01 00:55:00,51.81815005596606
2024-01-01 00:56:00,50.53980897482548
2024-01-01 00:57:00,50.65899733580079
2024-01-01 00:58:00,51.884451071467
2024-01-01 00:59:00,53.26441752043157
2024-01-01 01:00:00,53.03101194448451
2024-01-01 01:01:00,52.6107288152242
2024-01-01 01:02:00,52.59179515631118
2024-01-01 01:03:00,53.09926584029636
2024-01-01 01:04:00,54.83461055025877
2024-01-01 01:05:00,51.34904653461014
2024-01-01 01:06:00,54.20847713748251
2024-01-01 01:07:00,53.43193808174555
2024-01-01 01:08:00,52.49499772535699
2024-01-01 01:09:00,53.38943342263441
2024-01-01 01:10:00,54.39312422049492
2024-01-01 01:11:00,53.242722255249234
2024-01-01 01:12:00,52.95382380612661
2024-01-01 01:13:00,52.43571304955371
2024-01-01 01:14:00,54.288300598641115
2024-01-01 01:15:00,51.745279369897446
2024-01-01 01:16:00,52.9103050478022
2024-01-01 01:17:00,53.45477079512747
2024-01-01 01:18:00,54.03115922376766
2024-01-01 01:19:00,53.83350135456956
2024-01-01 01:20:00,53.939671503563076
2024-01-01 01:21:00,53.66323532177142
2024-01-01 01:22:00,52.830520059051274
2024-01-01 01:23:00,54.02978471814862
2024-01-01 01:24:00,52.05862337627822
2024-01-01 01:25:00,54.9313359940576
2024-01-01 01:26:00,51.900764274343196
2024-01-01 01:27:00,53.1136319776075
2024-01-01 01:28:00,52.00863638380674
2024-01-01 01:29:00,54.69956431200458
2024-01-01 01:30:00,54.96116412097729
2024-01-01 01:31:00,53.53295017594732
2024-01-01 01:32:00,53.99384622578113
2024-01-01 01:33:00,53.74706235326809
2024-01-01 01:34:00,54.41913436056484
2024-01-01 01:35:00,52.871370952513615
2024-01-01 01:36:00,54.49231369451104
2024-01-01 01:37:00,56.0855225763565
2024-01-01 01:38:00,53.61438593064426
2024-01-01 01:39:00,56.44552806282247
2024-01-01 01:40:00,52.98887862843991
2024-01-01 01:41:00,54.41893971148175
2024-01-01 01:42:00,53.65945130987094
2024-01-01 01:43:00,55.226308734205084
2024-01-01 01:44:00,54.25061672001079
2024-01-01 01:45:00,53.68257049099097
2024-01-01 01:46:00,55.97958491539803
2024-01-01 01:47:00,54.10339040851331
2024-01-01 01:48:00,53.805543344841375
2024-01-01 01:49:00,54.19692996266052
2024-01-01 01:50:00,55.328287278958385
2024-01-01 01:51:00,54.84568750782059
2024-01-01 01:52:00,54.37914071832816
2024-01-01 01:53:00,54.404772790252764
2024-01-01 01:54:00,55.797852536291714
2024-01-01 01:55:00,54.73487841077063
2024-01-01 01:56:00,54.1704822722377
2024-01-01 01:57:00,54.08605683683194
2024-01-01 01:58:00,53.66593480620127
2024-01-01 01:59:00,54.566541278916105
2024-01-01 02:00:00,55.73089000031527
2024-01-01 02:01:00,54.473108804996926
2024-01-01 02:02:00,55.25060540455858
2024-01-01 02:03:00,55.22312050261988
2024-01-01 02:04:00,55.10746955302328
2024-01-01 02:05:00,53.50539908275302
2024-01-01 02:06:00,55.63735763807755
2024-01-01 02:07:00,56.27064850813944
2024-01-01 02:08:00,56.83022067751137
2024-01-01 02:09:00,54.10712610168672
2024-01-01 02:10:00,56.14647430747825
2024-01-01 02:11:00,55.092499997875926
2024-01-01 02:12:00,56.34691240229781
2024-01-01 02:13:00,54.16332418096611
2024-01-01 02:14:00,57.55858245572061
2024-01-01 02:15:00,56.32813833740522
2024-01-01 02:16:00,54.39348370881472
2024-01-01 02:17:00,54.85214731929064
2024-01-01 02:18:00,55.245245917498536
2024-01-01 02:19:00,56.21715360120589
2024-01-01 02:20:00,56.203366229929145
2024-01-01 02:21:00,57.137968238584804
2024-01-01 02:22:00,54.19569621287116
2024-01-01 02:23:00,56.41712993172306
2024-01-01 02:24:00,54.0440394538861
2024-01-01 02:25:00,55.69891106462994
2024-01-01 02:26:00,54.84056319129505
2024-01-01 02:27:00,56.52504690449442
2024-01-01 02:28:00,56.55203895750348
2024-01-01 02:29:00,56.43928185085957
2024-01-01 02:30:00,58.10662454727282
2024-01-01 02:31:00,54.78863933909398
2024-01-01 02:32:00,55.1106073821163
2024-01-01 02:33:00,57.293443478310735
2024-01-01 02:34:00,57.31399287867024
2024-01-01 02:35:00,57.17698838675632
2024-01-01 02:36:00,55.69495697989927
2024-01-01 02:37:00,55.14202365323761
2024-01-01 02:38:00,54.958735043775754
2024-01-01 02:39:00,55.6944301516034
2024-01-01 02:40:00,55.971314217321726
2024-01-01 02:41:00,57.60392873674816
2024-01-01 02:42:00,55.75472280009726
2024-01-01 02:43:00,55.778665404022405
2024-01-01 02:44:00,55.80224033138323
2024-01-01 02:45:00,56.370972207973985
2024-01-01 02:46:00,55.4859451464097
2024-01-01 02:47:00,55.76564016608484
2024-01-01 02:48:00,55.42402514620186
2024-01-01 02:49:00,57.886903931029174
2024-01-01 02:50:00,55.62964454936057
2024-01-01 02:51:00,57.73034665130056
2024-01-01 02:52:00,58.32667630566094
2024-01-01 02:53:00,55.58731128178886
2024-01-01 02:54:00,55.902063189051134
2024-01-01 02:55:00,56.246280277713765
2024-01-01 02:56:00,58.13231710805042
2024-01-01 02:57:00,55.69644376333842
2024-01-01 02:58:00,57.53893222490915
2024-01-01 02:59:00,57.878520176906
2024-01-01 03:00:00,55.88248475080593
2024-01-01 03:01:00,56.83657448291046
2024-01-01 03:02:00,55.84627424559455
2024-01-01 03:03:00,58.10143500933732
2024-01-01 03:04:00,56.07057907265472
2024-01-01 03:05:00,57.40022763707116
2024-01-01 03:06:00,57.340225359154
2024-01-01 03:07:00,60.002834769419465
2024-01-01 03:08:00,56.762294942154405
2024-01-01 03:09:00,58.05565343344763
2024-01-01 03:10:00,56.66735311901517
2024-01-01 03:11:00,56.79454355656708
2024-01-01 03:12:00,58.49267689942806
2024-01-01 03:13:00,58.59822452390713
2024-01-01 03:14:00,58.63246233212219
2024-01-01 03:15:00,59.05610529987415
2024-01-01 03:16:00,59.68121471139119
2024-01-01 03:17:00,58.01668399279142
2024-01-01 03:18:00,56.32663045086526
2024-01-01 03:19:00,57.927509358811676
2024-01-01 03:20:00,57.23476545874226
2024-01-01 03:21:00,57.5181019033635
2024-01-01 03:22:00,58.118581737075246
2024-01-01 03:23:00,57.52235422217521
2024-01-01 03:24:00,56.81777403364282
2024-01-01 03:25:00,86.65920715751533
2024-01-01 03:26:00,59.77478947948575
2024-01-01 03:27:00,59.16652609496553
2024-01-01 03:28:00,58.36495189277882
2024-01-01 03:29:00,58.508041552894184
2024-01-01 03:30:00,58.96727822792916
2024-01-01 03:31:00,57.631994065753986
2024-01-01 03:32:00,57.71342823150622
2024-01-01 03:33:00,57.38928131888328
2024-01-01 03:34:00,58.63829177360535
2024-01-01 03:35:00,59.6659808795937
2024-01-01 03:36:00,55.60267598428908
2024-01-01 03:37:00,58.04300235317393
2024-01-01 03:38:00,59.796810716743614
2024-01-01 03:39:00,59.86423627676756
2024-01-01 03:40:00,57.27217644083991
2024-01-01 03:41:00,58.93348300013861
2024-01-01 03:42:00,58.551266060030095
2024-01-01 03:43:00,59.097512760138336
2024-01-01 03:44:00,58.28660932721788
2024-01-01 03:45:00,58.278624791728085
2024-01-01 03:46:00,59.08509180430809
2024-01-01 03:47:00,58.46564835215168
2024-01-01 03:48:00,57.6869926444423
2024-01-01 03:49:00,58.02358715164011
2024-01-01 03:50:00,56.95751395550651
2024-01-01 03:51:00,59.057695127886106
2024-01-01 03:52:00,59.44153943474836
2024-01-01 03:53:00,55.83952133204389
2024-01-01 03:54:00,58.99624771707161
2024-01-01 03:55:00,57.54157580698593
2024-01-01 03:56:00,59.303447660975905
2024-01-01 03:57:00,57.66736742330723
2024-01-01 03:58:00,55.797173977191825
2024-01-01 03:59:00,58.78903663861599
2024-01-01 04:00:00,58.00258734035012
2024-01-01 04:01:00,58.98108708738591
2024-01-01 04:02:00,59.4460442354323
2024-01-01 04:03:00,59.03903392873561
2024-01-01 04:04:00,58.53996678366452
2024-01-01 04:05:00,59.67070035841902
2024-01-01 04:06:00,57.47544098910636
2024-01-01 04:07:00,58.75602912005782
2024-01-01 04:08:00,59.221148186322175
2024-01-01 04:09:00,59.56576121320948
2024-01-01 04:10:00,57.72246544940108
2024-01-01 04:11:00,58.19947953463535
2024-01-01 04:12:00,61.19984769468643
2024-01-01 04:13:00,60.42204230332017
2024-01-01 04:14:00,58.89284090986155
2024-01-01 04:15:00,58.382106828202794
2024-01-01 04:16:00,58.79159120774782
2024-01-01 04:17:00,59.56207870880491
2024-01-01 04:18:00,60.90125510617635
2024-01-01 04:19:00,59.44509222592551
2024-01-01 04:20:00,58.53934634090657
2024-01-01 04:21:00,60.497672369009045
2024-01-01 04:22:00,58.423314751737344
2024-01-01 04:23:00,60.31745363297059
2024-01-01 04:24:00,59.650283194632955
2024-01-01 04:25:00,57.055630380844455
2024-01-01 04:26:00,59.62188556214762
2024-01-01 04:27:00,57.93158699645771
2024-01-01 04:28:00,60.759179609732406
2024-01-01 04:29:00,58.5449209746588
2024-01-01 04:30:00,59.87746908038978
2024-01-01 04:31:00,59.86836624934948
2024-01-01 04:32:00,82.53663897309474
2024-01-01 04:33:00,58.29563030412122
2024-01-01 04:34:00,59.28824836795174
2024-01-01 04:35:00,59.73514715165829
2024-01-01 04:36:00,57.91811499242463
2024-01-01 04:37:00,58.027107817008904
2024-01-01 04:38:00,58.816778027441785
2024-01-01 04:39:00,59.1268358988982
2024-01-01 04:40:00,59.996719018202505
2024-01-01 04:41:00,60.42080078211606
2024-01-01 04:42:00,59.01011331172504
2024-01-01 04:43:00,59.14436113255523
2024-01-01 04:44:00,59.62877414777551
2024-01-01 04:45:00,57.57369298509245
2024-01-01 04:46:00,60.347343110504866
2024-01-01 04:47:00,61.11523757121263
2024-01-01 04:48:00,58.97430784425291
2024-01-01 04:49:00,60.750446575344014
2024-01-01 04:50:00,57.825853235337085
2024-01-01 04:51:00,60.21717729396717
2024-01-01 04:52:00,59.40552828088772
2024-01-01 04:53:00,59.66154554367741
2024-01-01 04:54:00,58.6737099147013
2024-01-01 04:55:00,59.61529582304394
2024-01-01 04:56:00,61.54659940091891
2024-01-01 04:57:00,59.36020644037752
2024-01-01 04:58:00,61.053042558154715
2024-01-01 04:59:00,59.353657092776345
2024-01-01 05:00:00,60.67433808178459
2024-01-01 05:01:00,57.91563248297878
2024-01-01 05:02:00,59.6665007288507
2024-01-01 05:03:00,60.63708202029001
2024-01-01 05:04:00,60.017392425371746
2024-01-01 05:05:00,60.4721537276427
2024-01-01 05:06:00,61.43930440101296
2024-01-01 05:07:00,59.208107537503025
2024-01-01 05:08:00,60.02404997629191
2024-01-01 05:09:00,59.019365457654274
2024-01-01 05:10:00,57.41655525426736
2024-01-01 05:11:00,58.10977161781044
2024-01-01 05:12:00,61.23829986800751
2024-01-01 05:13:00,59.2798462622707
2024-01-01 05:14:00,61.10834794381458
2024-01-01 05:15:00,59.38494668596858
2024-01-01 05:16:00,57.926037289304496
2024-01-01 05:17:00,62.05811055469536
2024-01-01 05:18:00,58.91459784139404
2024-01-01 05:19:00,59.8951827519206
2024-01-01 05:20:00,59.47105173782072
2024-01-01 05:21:00,62.02281175220929
2024-01-01 05:22:00,59.804105827431805
2024-01-01 05:23:00,57.76556593849149
2024-01-01 05:24:00,58.11821550908119
2024-01-01 05:25:00,59.47145464729948
2024-01-01 05:26:00,61.84267800227592
2024-01-01 05:27:00,60.320782055653495
2024-01-01 05:28:00,59.375401525803795
2024-01-01 05:29:00,59.57364758540435
2024-01-01 05:30:00,60.80643347391077
2024-01-01 05:31:00,60.98985827294175
2024-01-01 05:32:00,61.166436615106555
2024-01-01 05:33:00,61.672769588776596
2024-01-01 05:34:00,61.81352780619838
2024-01-01 05:35:00,61.10715467506451
2024-01-01 05:36:00,59.388645719770274
2024-01-01 05:37:00,59.45926997472087
2024-01-01 05:38:00,60.06698290555487
2024-01-01 05:39:00,59.921551872726845
2024-01-01 05:40:00,58.861217172477346
2024-01-01 05:41:00,58.96905498487683
2024-01-01 05:42:00,61.27035753121952
2024-01-01 05:43:00,61.110281780264515
2024-01-01 05:44:00,58.83953168159041
2024-01-01 05:45:00,60.864558213977865
2024-01-01 05:46:00,59.788981618263065
2024-01-01 05:47:00,60.198666227556764
2024-01-01 05:48:00,59.718296529624595
2024-01-01 05:49:00,60.63287497810116
2024-01-01 05:50:00,60.55657447026217
2024-01-01 05:51:00,58.143743820009995
2024-01-01 05:52:00,58.77387054113654
2024-01-01 05:53:00,59.003177848451365
2024-01-01 05:54:00,60.96594480946524
2024-01-01 05:55:00,60.65256777285095
2024-01-01 05:56:00,60.064140163099765
2024-01-01 05:57:00,59.9725251435409
2024-01-01 05:58:00,58.5527068136734
2024-01-01 05:59:00,60.953479691074705
2024-01-01 06:00:00,60.393606779126884
2024-01-01 06:01:00,87.8248330252853
2024-01-01 06:02:00,60.70866718633242
2024-01-01 06:03:00,61.575862693502614
2024-01-01 06:04:00,59.8085601895888
2024-01-01 06:05:00,59.18737786987624
2024-01-01 06:06:00,59.12091142870368
2024-01-01 06:07:00,59.64719903325483
2024-01-01 06:08:00,60.62433781660861
2024-01-01 06:09:00,60.79731990112989
2024-01-01 06:10:00,59.35581390155738
2024-01-01 06:11:00,59.638602915655554
2024-01-01 06:12:00,59.205708534185405
2024-01-01 06:13:00,60.52775667715735
2024-01-01 06:14:00,60.16357713086676
2024-01-01 06:15:00,60.49123827504359
2024-01-01 06:16:00,58.41676862598475
2024-01-01 06:17:00,59.239212706488736
2024-01-01 06:18:00,59.029665427699655
2024-01-01 06:19:00,60.80348773077165
2024-01-01 06:20:00,59.736043272857906
2024-01-01 06:21:00,60.144646853675795
2024-01-01 06:22:00,59.92003790335536
2024-01-01 06:23:00,60.84862220802833
2024-01-01 06:24:00,58.76111970422405
2024-01-01 06:25:00,58.32240865029612
2024-01-01 06:26:00,61.57981434829278
2024-01-01 06:27:00,60.60862797243765
2024-01-01 06:28:00,57.893474869736224
2024-01-01 06:29:00,59.616746765242965
2024-01-01 06:30:00,58.320818280983424
2024-01-01 06:31:00,60.0429391417052
2024-01-01 06:32:00,61.28329255452234
2024-01-01 06:33:00,61.404536850116266
2024-01-01 06:34:00,60.19692050511673
2024-01-01 06:35:00,60.00805173184382
2024-01-01 06:36:00,60.07166796948582
2024-01-01 06:37:00,58.502738923349696
2024-01-01 06:38:00,59.90276583187156
2024-01-01 06:39:00,59.72541743746806
2024-01-01 06:40:00,60.539593581365246
2024-01-01 06:41:00,58.75483933293777
2024-01-01 06:42:00,58.64993024125766
2024-01-01 06:43:00,59.41194677377801
2024-01-01 06:44:00,60.453395681186315
2024-01-01 06:45:00,58.517077634814
2024-01-01 06:46:00,58.642922432673224
2024-01-01 06:47:00,60.29275758115121
2024-01-01 06:48:00,60.33605242010031
2024-01-01 06:49:00,60.534316505042185
2024-01-01 06:50:00,60.55743298340794
2024-01-01 06:51:00,60.79058119870673
2024-01-01 06:52:00,59.358561128363206
2024-01-01 06:53:00,61.64911295241647
2024-01-01 06:54:00,58.5681102592967
2024-01-01 06:55:00,58.95442561704065
2024-01-01 06:56:00,58.23416737351174
2024-01-01 06:57:00,59.417774726357514
2024-01-01 06:58:00,60.976625847034576
2024-01-01 06:59:00,59.03228206256204
2024-01-01 07:00:00,57.50449751093731
2024-01-01 07:01:00,58.724305046352
2024-01-01 07:02:00,59.230300192019016
2024-01-01 07:03:00,58.32635223717712
2024-01-01 07:04:00,59.66934134394993
2024-01-01 07:05:00,59.04360139658882
2024-01-01 07:06:00,60.53735909302153
2024-01-01 07:07:00,58.02532914950481
2024-01-01 07:08:00,60.10289388068507
2024-01-01 07:09:00,58.35006326594169
2024-01-01 07:10:00,57.8664707857285
2024-01-01 07:11:00,62.008164805993815
2024-01-01 07:12:00,60.45237003777797
2024-01-01 07:13:00,58.87362902732363
2024-01-01 07:14:00,60.828930481995975
2024-01-01 07:15:00,59.404773876011475
2024-01-01 07:16:00,58.1709889300067
2024-01-01 07:17:00,57.951025604727846
2024-01-01 07:18:00,58.639526946577014
2024-01-01 07:19:00,60.3771494406398
2024-01-01 07:20:00,61.08195247177353
2024-01-01 07:21:00,57.915625272289546
2024-01-01 07:22:00,58.43055675480782
2024-01-01 07:23:00,60.329303845111475
2024-01-01 07:24:00,59.002177126841275
2024-01-01 07:25:00,60.19024111032941
2024-01-01 07:26:00,58.865485633859464
2024-01-01 07:27:00,58.45459386500978
2024-01-01 07:28:00,59.136255620319425
2024-01-01 07:29:00,60.00013713219134
2024-01-01 07:30:00,58.978887305102546
2024-01-01 07:31:00,58.18595242579098
2024-01-01 07:32:00,60.36514401941541
2024-01-01 07:33:00,59.33687137707975
2024-01-01 07:34:00,60.4178138610558
2024-01-01 07:35:00,58.70740858768513
2024-01-01 07:36:00,60.442116125529466
2024-01-01 07:37:00,60.32409075340332
2024-01-01 07:38:00,59.22948475949096
2024-01-01 07:39:00,58.593654436919394
2024-01-01 07:40:00,59.256692800222694
2024-01-01 07:41:00,58.1484231455952
2024-01-01 07:42:00,59.473075857417754
2024-01-01 07:43:00,59.287239349134495
2024-01-01 07:44:00,58.284334188517136
2024-01-01 07:45:00,78.97394552138633
2024-01-01 07:46:00,60.32551634291047
2024-01-01 07:47:00,59.96860133043194
2024-01-01 07:48:00,58.65198093486999
2024-01-01 07:49:00,58.54754184952295
2024-01-01 07:50:00,60.19143616852061
2024-01-01 07:51:00,57.815405168561696
2024-01-01 07:52:00,57.718143401515334
2024-01-01 07:53:00,59.170218224010355
2024-01-01 07:54:00,57.66169562700356
2024-01-01 07:55:00,59.13718824920452
2024-01-01 07:56:00,59.21211988125774
2024-01-01 07:57:00,59.212965090966925
2024-01-01 07:58:00,57.824034516435916
2024-01-01 07:59:00,58.18996441831996
2024-01-01 08:00:00,56.88959829356742
2024-01-01 08:01:00,58.30386238039293
2024-01-01 08:02:00,58.59937193186492
2024-01-01 08:03:00,59.47067279214744
2024-01-01 08:04:00,57.645469489875175
2024-01-01 08:05:00,59.21689917173356
2024-01-01 08:06:00,59.10499598715428
2024-01-01 08:07:00,58.218137094370086
2024-01-01 08:08:00,60.88754861949644
2024-01-01 08:09:00,60.35984383092452
2024-01-01 08:10:00,58.06474040201476
2024-01-01 08:11:00,59.254819269796435
2024-01-01 08:12:00,59.20962294422984
2024-01-01 08:13:00,59.56311181115471
2024-01-01 08:14:00,59.79225791731649
2024-01-01 08:15:00,58.1778145127205
2024-01-01 08:16:00,58.34274784711978
2024-01-01 08:17:00,58.4914213596492
2024-01-01 08:18:00,57.96634424108848
2024-01-01 08:19:00,59.382604088660386
2024-01-01 08:20:00,56.50129383468917
2024-01-01 08:21:00,57.14465134988839
2024-01-01 08:22:00,58.82030450747852
2024-01-01 08:23:00,58.170897122748826
2024-01-01 08:24:00,57.660667393489334
2024-01-01 08:25:00,56.08824549524836
2024-01-01 08:26:00,58.59942355109456
2024-01-01 08:27:00,59.16576526555013
2024-01-01 08:28:00,58.65900952475719
2024-01-01 08:29:00,59.142915098267345
2024-01-01 08:30:00,57.82814338928116
2024-01-01 08:31:00,57.71163628853669
2024-01-01 08:32:00,59.207730097438294
2024-01-01 08:33:00,57.25156456856053
2024-01-01 08:34:00,57.43023905756313
2024-01-01 08:35:00,55.25340453233588
2024-01-01 08:36:00,58.211858910753676
2024-01-01 08:37:00,58.96552595055853
2024-01-01 08:38:00,58.551088844544545
2024-01-01 08:39:00,58.64606412981294
2024-01-01 08:40:00,58.60597233968878
2024-01-01 08:41:00,57.298847647046834
2024-01-01 08:42:00,57.917826841278504
2024-01-01 08:43:00,54.906355854154036
2024-01-01 08:44:00,57.33728473786544
2024-01-01 08:45:00,57.475318206444285
2024-01-01 08:46:00,57.887805927457926
2024-01-01 08:47:00,58.51495562025841
2024-01-01 08:48:00,55.939564216482594
2024-01-01 08:49:00,58.99926486603081
2024-01-01 08:50:00,58.16742412343992
2024-01-01 08:51:00,56.101439289165725
2024-01-01 08:52:00,57.16050831983264
2024-01-01 08:53:00,57.661003042410876
2024-01-01 08:54:00,56.97238139327895
2024-01-01 08:55:00,57.857141677697754
2024-01-01 08:56:00,56.1116047274572
2024-01-01 08:57:00,56.91697912082287
2024-01-01 08:58:00,57.65102535201178
2024-01-01 08:59:00,57.58016257611628
2024-01-01 09:00:00,57.046668776952664
2024-01-01 09:01:00,79.68461987007299
2024-01-01 09:02:00,54.83217020113083
2024-01-01 09:03:00,57.27444639941556
2024-01-01 09:04:00,55.21241515060676
2024-01-01 09:05:00,55.50252601344335
2024-01-01 09:06:00,56.142938191287854
2024-01-01 09:07:00,58.70069007306534
2024-01-01 09:08:00,58.247456317509645
2024-01-01 09:09:00,37.90970190136287
2024-01-01 09:10:00,57.23342306499682
2024-01-01 09:11:00,59.38320334943771
2024-01-01 09:12:00,57.55391789312391
2024-01-01 09:13:00,56.326332605638896
2024-01-01 09:14:00,55.6623493855835
2024-01-01 09:15:00,55.270702103244915
2024-01-01 09:16:00,56.37717262202281
2024-01-01 09:17:00,55.75252577481541
2024-01-01 09:18:00,55.462441931588394
2024-01-01 09:19:00,55.35436609604694
2024-01-01 09:20:00,55.823872772014084
2024-01-01 09:21:00,56.654622315370815
2024-01-01 09:22:00,57.637535616446094
2024-01-01 09:23:00,56.31096918653688
2024-01-01 09:24:00,56.91213453211149
2024-01-01 09:25:00,56.73150219986688
2024-01-01 09:26:00,55.63742049898269
2024-01-01 09:27:00,57.05804998185649
2024-01-01 09:28:00,56.50417348718418
2024-01-01 09:29:00,55.083944859298526
2024-01-01 09:30:00,27.770511415733843
2024-01-01 09:31:00,56.726365702026094
2024-01-01 09:32:00,56.036148518823815
2024-01-01 09:33:00,58.202034963986364
2024-01-01 09:34:00,57.33300352001964
2024-01-01 09:35:00,56.60798206007334
2024-01-01 09:36:00,57.308959014298054
2024-01-01 09:37:00,55.966785008893865
2024-01-01 09:38:00,56.82836061378968
2024-01-01 09:39:00,55.797455784635574
2024-01-01 09:40:00,55.06764698180788
2024-01-01 09:41:00,56.5540033106449
2024-01-01 09:42:00,55.14041555862163
2024-01-01 09:43:00,54.45140228593212
2024-01-01 09:44:00,56.2776609139869
2024-01-01 09:45:00,54.14191823185264
2024-01-01 09:46:00,57.12674007671114
2024-01-01 09:47:00,55.376449399990456
2024-01-01 09:48:00,54.79156784328425
2024-01-01 09:49:00,55.505656119808854
2024-01-01 09:50:00,54.70843058095546
2024-01-01 09:51:00,54.96659795667302
2024-01-01 09:52:00,55.45900485175441
2024-01-01 09:53:00,53.9502408342982
2024-01-01 09:54:00,55.53847321515405
2024-01-01 09:55:00,54.0111392969356
2024-01-01 09:56:00,55.3894978899633
2024-01-01 09:57:00,51.89590100157635
2024-01-01 09:58:00,55.10745508369716
2024-01-01 09:59:00,54.84222481449057
2024-01-01 10:00:00,54.070846392973515
2024-01-01 10:01:00,54.925317994581285
2024-01-01 10:02:00,55.04690835513624
2024-01-01 10:03:00,56.55738561845637
2024-01-01 10:04:00,55.40490853937507
2024-01-01 10:05:00,53.66838043326795
2024-01-01 10:06:00,52.85958915380509
2024-01-01 10:07:00,54.54334585934311
2024-01-01 10:08:00,54.558055286940615
2024-01-01 10:09:00,54.94747079361188
2024-01-01 10:10:00,53.991173484336684
2024-01-01 10:11:00,55.714780763412705
2024-01-01 10:12:00,53.062452713373396
2024-01-01 10:13:00,32.392162751745104
2024-01-01 10:14:00,52.84875612962853
2024-01-01 10:15:00,53.61337954026533
2024-01-01 10:16:00,55.385012702191716
2024-01-01 10:17:00,54.055015099408614
2024-01-01 10:18:00,54.884694088118984
2024-01-01 10:19:00,55.13490248432649
2024-01-01 10:20:00,52.76434392113157
2024-01-01 10:21:00,54.079024949682704
2024-01-01 10:22:00,54.7061392087195
2024-01-01 10:23:00,52.56602815264309
2024-01-01 10:24:00,53.07205527386135
2024-01-01 10:25:00,55.24498113728678
2024-01-01 10:26:00,54.01602369200488
2024-01-01 10:27:00,55.03009313895073
2024-01-01 10:28:00,54.217508133137386
2024-01-01 10:29:00,54.50163266508113
2024-01-01 10:30:00,53.43552363202555
2024-01-01 10:31:00,53.73805571397013
2024-01-01 10:32:00,53.38344711593972
2024-01-01 10:33:00,53.56530512870264
2024-01-01 10:34:00,53.03477524842531
2024-01-01 10:35:00,50.93537380661404
2024-01-01 10:36:00,54.835443613306644
2024-01-01 10:37:00,54.915061918527606
2024-01-01 10:38:00,54.41805007770752
2024-01-01 10:39:00,51.981649469842665
2024-01-01 10:40:00,52.352380831980476
2024-01-01 10:41:00,53.47028258079392
2024-01-01 10:42:00,52.99961613542671
2024-01-01 10:43:00,53.43583531430471
2024-01-01 10:44:00,52.922273900100365
2024-01-01 10:45:00,54.16633153971087
2024-01-01 10:46:00,52.277324171765194
2024-01-01 10:47:00,53.768601975899436
2024-01-01 10:48:00,51.790800873958176
2024-01-01 10:49:00,52.51631169185822
2024-01-01 10:50:00,51.31765423040205
2024-01-01 10:51:00,51.77941105707042
2024-01-01 10:52:00,52.47604908004667
2024-01-01 10:53:00,52.76315001559251
2024-01-01 10:54:00,52.81481917716142
2024-01-01 10:55:00,51.93955670019112
2024-01-01 10:56:00,51.50592805473889
2024-01-01 10:57:00,52.059460117752046
2024-01-01 10:58:00,51.586540108930585
2024-01-01 10:59:00,52.234578934732866
2024-01-01 11:00:00,51.195388797690995
2024-01-01 11:01:00,52.6819746161797
2024-01-01 11:02:00,52.32469584977367
2024-01-01 11:03:00,53.73337204785361
2024-01-01 11:04:00,52.172646329300086
2024-01-01 11:05:00,50.728384238926374
2024-01-01 11:06:00,52.06911790043803
2024-01-01 11:07:00,51.4967330386103
2024-01-01 11:08:00,51.105582600770596
2024-01-01 11:09:00,52.17514800877056
2024-01-01 11:10:00,51.892963025009195
2024-01-01 11:11:00,53.8676217171427
2024-01-01 11:12:00,52.04880593578641
2024-01-01 11:13:00,50.59642306115687
2024-01-01 11:14:00,51.273426219567355
2024-01-01 11:15:00,52.22616922449883
2024-01-01 11:16:00,53.47338699605461
2024-01-01 11:17:00,52.817745709488655
2024-01-01 11:18:00,51.516726086074925
2024-01-01 11:19:00,52.25777035350217
2024-01-01 11:20:00,52.322871519280206
2024-01-01 11:21:00,50.26408376587527
2024-01-01 11:22:00,51.5746478076396
2024-01-01 11:23:00,52.37678407175166
2024-01-01 11:24:00,51.54111088237764
2024-01-01 11:25:00,49.66106806334912
2024-01-01 11:26:00,49.512230502445355
2024-01-01 11:27:00,50.43749470406024
2024-01-01 11:28:00,51.75997312519765
2024-01-01 11:29:00,52.34705452841719
2024-01-01 11:30:00,51.20633263156238
2024-01-01 11:31:00,51.56044518140008
2024-01-01 11:32:00,49.884015064088295
2024-01-01 11:33:00,51.34001726793868
2024-01-01 11:34:00,52.604784502436175
2024-01-01 11:35:00,51.44724359370278
2024-01-01 11:36:00,50.60465651894816
2024-01-01 11:37:00,50.10664484582012
2024-01-01 11:38:00,52.110596767810144
2024-01-01 11:39:00,51.30872323415854
2024-01-01 11:40:00,50.841785875992265
2024-01-01 11:41:00,51.459451016049755
2024-01-01 11:42:00,51.21686978911736
2024-01-01 11:43:00,51.65620521931853
2024-01-01 11:44:00,49.46115856899378
2024-01-01 11:45:00,50.82855178583427
2024-01-01 11:46:00,50.54667443123939
2024-01-01 11:47:00,51.50412716025747
2024-01-01 11:48:00,50.04998238238126
2024-01-01 11:49:00,49.87072994679343
2024-01-01 11:50:00,49.059819057140956
2024-01-01 11:51:00,50.939224686977646
2024-01-01 11:52:00,51.84535096980155
2024-01-01 11:53:00,50.98553817718313
2024-01-01 11:54:00,49.265154822076795
2024-01-01 11:55:00,49.863328675724766
2024-01-01 11:56:00,19.11279238222687
2024-01-01 11:57:00,48.72119152099522
2024-01-01 11:58:00,49.612305135239936
2024-01-01 11:59:00,48.972302599800585
2024-01-01 12:00:00,50.29671932544424
2024-01-01 12:01:00,50.648912535853626
2024-01-01 12:02:00,48.16391981112393
2024-01-01 12:03:00,51.15681012972755
2024-01-01 12:04:00,52.067127743712845
2024-01-01 12:05:00,49.558018089823285
2024-01-01 12:06:00,51.354272605723786
2024-01-01 12:07:00,50.03295400327907
2024-01-01 12:08:00,48.74830764335815
2024-01-01 12:09:00,50.603636130883494
2024-01-01 12:10:00,51.34377034261626
2024-01-01 12:11:00,48.9044799958423
2024-01-01 12:12:00,49.03670759599573
2024-01-01 12:13:00,50.26220899437086
2024-01-01 12:14:00,48.569690356090305
2024-01-01 12:15:00,49.56837419841327
2024-01-01 12:16:00,50.416846852160106
2024-01-01 12:17:00,48.973257280099766
2024-01-01 12:18:00,48.91719285820739
2024-01-01 12:19:00,49.91578398212661
2024-01-01 12:20:00,49.55220126538424
2024-01-01 12:21:00,70.93636401188944
2024-01-01 12:22:00,48.33836551799032
2024-01-01 12:23:00,21.13105027324096
2024-01-01 12:24:00,47.65728804684701
2024-01-01 12:25:00,47.97862962500172
2024-01-01 12:26:00,47.29565779915201
2024-01-01 12:27:00,49.41879915710542
2024-01-01 12:28:00,48.62853070155326
2024-01-01 12:29:00,48.64931199276412
2024-01-01 12:30:00,48.96920153528528
2024-01-01 12:31:00,47.73354926783956
2024-01-01 12:32:00,48.29626465050285
2024-01-01 12:33:00,47.774655988957186
2024-01-01 12:34:00,50.17698135363204
2024-01-01 12:35:00,47.78562812155005
2024-01-01 12:36:00,48.44625715112219
2024-01-01 12:37:00,48.86394628466348
2024-01-01 12:38:00,48.29237346787296
2024-01-01 12:39:00,49.41912191171502
2024-01-01 12:40:00,48.30139447327079
2024-01-01 12:41:00,48.97534875158049
2024-01-01 12:42:00,49.406598853700366
2024-01-01 12:43:00,48.02232981609114
2024-01-01 12:44:00,48.00925952576097
2024-01-01 12:45:00,48.878954039896456
2024-01-01 12:46:00,49.06543189688993
2024-01-01 12:47:00,49.05516099997402
2024-01-01 12:48:00,47.91399838998616
2024-01-01 12:49:00,48.06839336725095
2024-01-01 12:50:00,47.57977328182847
2024-01-01 12:51:00,47.131079403301655
2024-01-01 12:52:00,46.79074711897851
2024-01-01 12:53:00,49.52940205142873
2024-01-01 12:54:00,48.33518890376618
2024-01-01 12:55:00,47.02102372062523
2024-01-01 12:56:00,46.1166203778698
2024-01-01 12:57:00,48.95208247374801
2024-01-01 12:58:00,46.73244962811398
2024-01-01 12:59:00,47.521573051962164
2024-01-01 13:00:00,46.765165278568844
2024-01-01 13:01:00,46.97465032059913
2024-01-01 13:02:00,47.694986346123954
2024-01-01 13:03:00,48.13092013436165
2024-01-01 13:04:00,47.67446328448388
2024-01-01 13:05:00,45.72868770983338
2024-01-01 13:06:00,47.42842404630375
2024-01-01 13:07:00,48.29777963712109
2024-01-01 13:08:00,47.588418614158314
2024-01-01 13:09:00,45.32722793421649
2024-01-01 13:10:00,44.56945841973001
2024-01-01 13:11:00,49.40241669045319
2024-01-01 13:12:00,45.81318366932182
2024-01-01 13:13:00,46.41400242600647
2024-01-01 13:14:00,73.6440517902062
2024-01-01 13:15:00,47.053716191392176
2024-01-01 13:16:00,45.670089795177226
2024-01-01 13:17:00,46.89826896048489
2024-01-01 13:18:00,46.4535706353688
2024-01-01 13:19:00,46.35610263407322
2024-01-01 13:20:00,47.68261133956847
2024-01-01 13:21:00,46.406022353681706
2024-01-01 13:22:00,46.28916911807026
2024-01-01 13:23:00,46.7415063280844
2024-01-01 13:24:00,16.315623220024882
2024-01-01 13:25:00,46.51048513517198
2024-01-01 13:26:00,47.632946534573215
2024-01-01 13:27:00,45.23859071484144
2024-01-01 13:28:00,45.23752263212119
2024-01-01 13:29:00,48.17868124153284
2024-01-01 13:30:00,20.565434984911576
2024-01-01 13:31:00,44.010782875096936
2024-01-01 13:32:00,69.92469481214118
2024-01-01 13:33:00,46.31908565140703
2024-01-01 13:34:00,45.511554160999125
2024-01-01 13:35:00,46.44953541175498
2024-01-01 13:36:00,45.841016803670854
2024-01-01 13:37:00,45.56957452517494
2024-01-01 13:38:00,46.41542247430724
2024-01-01 13:39:00,44.036820786664656
2024-01-01 13:40:00,44.80791601147341
2024-01-01 13:41:00,45.22433748178925
2024-01-01 13:42:00,46.245654280861295
2024-01-01 13:43:00,66.59903083629392
2024-01-01 13:44:00,44.965161652525836
2024-01-01 13:45:00,44.66399972030427
2024-01-01 13:46:00,46.36223267933822
2024-01-01 13:47:00,67.10933758187034
2024-01-01 13:48:00,45.09048811521844
2024-01-01 13:49:00,44.70779506490344
2024-01-01 13:50:00,45.141352640235056
2024-01-01 13:51:00,44.83499460296096
2024-01-01 13:52:00,45.97073471625621
2024-01-01 13:53:00,44.31509891389359
2024-01-01 13:54:00,44.869534789829686
2024-01-01 13:55:00,45.2276745881743
2024-01-01 13:56:00,46.65044914107844
2024-01-01 13:57:00,46.5535861507507
2024-01-01 13:58:00,44.82495846397534
2024-01-01 13:59:00,43.90443200893502
2024-01-01 14:00:00,45.64929353610214
2024-01-01 14:01:00,42.32176335115867
2024-01-01 14:02:00,44.576889127581815
2024-01-01 14:03:00,44.27380134792334
2024-01-01 14:04:00,45.33205101468592
2024-01-01 14:05:00,44.544830589171305
2024-01-01 14:06:00,44.52909909323479
2024-01-01 14:07:00,44.068324306128055
2024-01-01 14:08:00,44.8064080935434
2024-01-01 14:09:00,44.89581879637142
2024-01-01 14:10:00,45.23764278928076
2024-01-01 14:11:00,45.66722445988748
2024-01-01 14:12:00,43.75851833626532
2024-01-01 14:13:00,45.4771007764849
2024-01-01 14:14:00,43.03657662805994
2024-01-01 14:15:00,44.8018766888442
2024-01-01 14:16:00,44.18469275964674
2024-01-01 14:17:00,42.626194064300776
2024-01-01 14:18:00,42.39847183638768
2024-01-01 14:19:00,43.56383517481153
2024-01-01 14:20:00,44.30526679263906
2024-01-01 14:21:00,44.85138038049661
2024-01-01 14:22:00,43.82325801662818
2024-01-01 14:23:00,44.35240328062716
2024-01-01 14:24:00,42.43466006743656
2024-01-01 14:25:00,43.66348198732867
2024-01-01 14:26:00,43.22134978083214
2024-01-01 14:27:00,43.96132077109009
2024-01-01 14:28:00,43.65932596158733
2024-01-01 14:29:00,43.6374554413036
2024-01-01 14:30:00,44.0462862951709
2024-01-01 14:31:00,43.83629327888647
2024-01-01 14:32:00,44.051017350245345
2024-01-01 14:33:00,43.23075687080303
2024-01-01 14:34:00,43.81543330795941
2024-01-01 14:35:00,44.23013786130722
2024-01-01 14:36:00,42.57103412782374
2024-01-01 14:37:00,42.55363782540518
2024-01-01 14:38:00,43.21861583922147
2024-01-01 14:39:00,43.514653134458705
2024-01-01 14:40:00,43.00719402022555
2024-01-01 14:41:00,43.97938099633302
2024-01-01 14:42:00,43.598969464232646
2024-01-01 14:43:00,42.557810021591315
2024-01-01 14:44:00,44.2557477893806
2024-01-01 14:45:00,44.9958052036241
2024-01-01 14:46:00,15.772717918307599
2024-01-01 14:47:00,42.44135977717008
2024-01-01 14:48:00,44.687574203499366
2024-01-01 14:49:00,44.39593357210108
2024-01-01 14:50:00,42.4097589116151
2024-01-01 14:51:00,43.28275891658847
2024-01-01 14:52:00,42.585458829703505
2024-01-01 14:53:00,43.27893459679671
2024-01-01 14:54:00,43.642184936280806
2024-01-01 14:55:00,44.27432803103359
2024-01-01 14:56:00,43.01787179999825
2024-01-01 14:57:00,41.590603091250166
2024-01-01 14:58:00,43.38888311857862
2024-01-01 14:59:00,44.431751694703514
2024-01-01 15:00:00,42.18652011183567
2024-01-01 15:01:00,41.81530641268424
2024-01-01 15:02:00,44.81965297186189
2024-01-01 15:03:00,41.987206615336355
2024-01-01 15:04:00,44.044295075015
2024-01-01 15:05:00,43.55153781273912
2024-01-01 15:06:00,43.608448552879395
2024-01-01 15:07:00,42.30453856053756
2024-01-01 15:08:00,41.02545967428253
2024-01-01 15:09:00,23.62876022652187
2024-01-01 15:10:00,43.453830069464146
2024-01-01 15:11:00,41.21716253861634
2024-01-01 15:12:00,44.98420473852338
2024-01-01 15:13:00,43.688385868120896
2024-01-01 15:14:00,41.55046990133325
2024-01-01 15:15:00,42.868536397965684
2024-01-01 15:16:00,43.04139583370108
2024-01-01 15:17:00,44.20144896588188
2024-01-01 15:18:00,42.401775792304896
2024-01-01 15:19:00,41.24257937328234
2024-01-01 15:20:00,42.59416366329608
2024-01-01 15:21:00,41.16958069401819
2024-01-01 15:22:00,41.98754620305049
2024-01-01 15:23:00,42.81167643643693
2024-01-01 15:24:00,43.085308775731605
2024-01-01 15:25:00,42.64538205614082
2024-01-01 15:26:00,41.44581602946218
2024-01-01 15:27:00,41.63606848853385
2024-01-01 15:28:00,40.908616713266596
2024-01-01 15:29:00,42.210976080523636
2024-01-01 15:30:00,40.72599641649999
2024-01-01 15:31:00,40.84573625088027
2024-01-01 15:32:00,40.21250520679761
2024-01-01 15:33:00,40.83665679387575
2024-01-01 15:34:00,41.43341482962864
2024-01-01 15:35:00,41.969000173073525
2024-01-01 15:36:00,41.98721139475263
2024-01-01 15:37:00,42.81121575126413
2024-01-01 15:38:00,41.08251732194025
2024-01-01 15:39:00,42.91201717189669
2024-01-01 15:40:00,41.80538588694797
2024-01-01 15:41:00,42.9318215057286
2024-01-01 15:42:00,40.944136701835276
2024-01-01 15:43:00,40.51984561836075
2024-01-01 15:44:00,42.72621864794582
2024-01-01 15:45:00,41.13086170718876
2024-01-01 15:46:00,43.42100395574335
2024-01-01 15:47:00,43.638900577006055
2024-01-01 15:48:00,42.67089265540376
2024-01-01 15:49:00,41.07790669440384
2024-01-01 15:50:00,40.42813320400379
2024-01-01 15:51:00,42.71507337900373
2024-01-01 15:52:00,42.09323824956777
2024-01-01 15:53:00,41.92092828921042
2024-01-01 15:54:00,43.30527419152302
2024-01-01 15:55:00,41.45193144539237
2024-01-01 15:56:00,41.830218074869784
2024-01-01 15:57:00,41.86954689360769
2024-01-01 15:58:00,40.30725074469795
2024-01-01 15:59:00,40.94756471926329
2024-01-01 16:00:00,41.87282532916487
2024-01-01 16:01:00,40.77020300906185
2024-01-01 16:02:00,40.363681887321114
2024-01-01 16:03:00,39.82925527142154
2024-01-01 16:04:00,40.145000907859625
2024-01-01 16:05:00,39.90715792024582
2024-01-01 16:06:00,41.59352261429504
2024-01-01 16:07:00,40.16637489642693
2024-01-01 16:08:00,40.27401224758035
2024-01-01 16:09:00,15.491072385931343
2024-01-01 16:10:00,42.56773131102255
2024-01-01 16:11:00,41.007098591079256
2024-01-01 16:12:00,40.985288283042834
2024-01-01 16:13:00,40.34880305664709
2024-01-01 16:14:00,40.19224894340454
2024-01-01 16:15:00,39.35808723719089
2024-01-01 16:16:00,41.46049062608369
2024-01-01 16:17:00,41.83821278580269
2024-01-01 16:18:00,41.01303535349173
2024-01-01 16:19:00,40.42324676468874
2024-01-01 16:20:00,40.45842391924357
2024-01-01 16:21:00,40.190081727666225
2024-01-01 16:22:00,40.81290494737167
2024-01-01 16:23:00,41.84100677261994
2024-01-01 16:24:00,40.56339227265101
2024-01-01 16:25:00,40.76341070245459
2024-01-01 16:26:00,40.963019504341915
2024-01-01 16:27:00,40.80092855448436
2024-01-01 16:28:00,40.58586808387676
2024-01-01 16:29:00,41.11116578195402
2024-01-01 16:30:00,40.5647999335713
2024-01-01 16:31:00,42.6844775459958
2024-01-01 16:32:00,39.30187790821165
2024-01-01 16:33:00,38.77063236834782
2024-01-01 16:34:00,40.61811273930517
2024-01-01 16:35:00,41.1349478495942
2024-01-01 16:36:00,38.2587910824322
2024-01-01 16:37:00,40.46558037909786
2024-01-01 16:38:00,38.06975325966153
2024-01-01 16:39:00,41.14564900587353
2024-01-01 16:40:00,38.669241151325735
2024-01-01 16:41:00,41.1262640346753
2024-01-01 16:42:00,40.348086449261565
2024-01-01 16:43:00,39.667046068515894
2024-01-01 16:44:00,38.99584730461633
2024-01-01 16:45:00,40.95442973352325
2024-01-01 16:46:00,41.395209829322795
2024-01-01 16:47:00,40.49732902462348
2024-01-01 16:48:00,42.20503810583095
2024-01-01 16:49:00,62.08261143363072
2024-01-01 16:50:00,39.64989062608714
2024-01-01 16:51:00,38.43807176871326
2024-01-01 16:52:00,39.82149682706126
2024-01-01 16:53:00,38.88038582705863
2024-01-01 16:54:00,42.319553235411774
2024-01-01 16:55:00,40.042870622751046
2024-01-01 16:56:00,40.099419076416936
2024-01-01 16:57:00,39.97697368286088
2024-01-01 16:58:00,39.15603815045924
2024-01-01 16:59:00,43.428747169589045
2024-01-01 17:00:00,39.962846547146285
2024-01-01 17:01:00,39.844751735682976
2024-01-01 17:02:00,40.77435693724202
2024-01-01 17:03:00,38.62405745056572
2024-01-01 17:04:00,39.07230953117347
2024-01-01 17:05:00,40.051402480894915
2024-01-01 17:06:00,40.33398604450072
2024-01-01 17:07:00,40.963518362715305
2024-01-01 17:08:00,38.376636154657426
2024-01-01 17:09:00,41.544058626083675
2024-01-01 17:10:00,40.91605523874412
2024-01-01 17:11:00,16.906784467807352
2024-01-01 17:12:00,40.382051444999064
2024-01-01 17:13:00,40.269547274054204
2024-01-01 17:14:00,39.80252696236079
2024-01-01 17:15:00,39.46414423376677
2024-01-01 17:16:00,40.45839588900885
2024-01-01 17:17:00,38.54771865103331
2024-01-01 17:18:00,38.62124081279485
2024-01-01 17:19:00,39.11268129023422
2024-01-01 17:20:00,39.22964274868878
2024-01-01 17:21:00,40.31681254910173
2024-01-01 17:22:00,41.06785031593331
2024-01-01 17:23:00,41.10008545061406
2024-01-01 17:24:00,40.11950462379732
2024-01-01 17:25:00,39.40817112968375
2024-01-01 17:26:00,41.47847059601704
2024-01-01 17:27:00,40.30505910818289
2024-01-01 17:28:00,40.66268449621689
2024-01-01 17:29:00,39.711361582465514
2024-01-01 17:30:00,40.02339167168504
2024-01-01 17:31:00,39.61380180528528
2024-01-01 17:32:00,40.78224477622147
2024-01-01 17:33:00,39.622384740837596
2024-01-01 17:34:00,40.789820621362594
2024-01-01 17:35:00,39.64359014604852
2024-01-01 17:36:00,38.77734030573282
2024-01-01 17:37:00,41.509490657106525
2024-01-01 17:38:00,41.52514852766323
2024-01-01 17:39:00,40.547896344789486
2024-01-01 17:40:00,40.74328161910992
2024-01-01 17:41:00,39.552981990305646
2024-01-01 17:42:00,38.98346713767705
2024-01-01 17:43:00,38.83584377951337
2024-01-01 17:44:00,39.76430590892672
2024-01-01 17:45:00,40.422134818643556
2024-01-01 17:46:00,39.82768659224818
2024-01-01 17:47:00,37.445721131196
2024-01-01 17:48:00,40.579804191605355
2024-01-01 17:49:00,39.91196326968638
2024-01-01 17:50:00,41.18096343843344
2024-01-01 17:51:00,40.45238569463749
2024-01-01 17:52:00,41.32391078226059
2024-01-01 17:53:00,41.01161045987603
2024-01-01 17:54:00,40.67536954090111
2024-01-01 17:55:00,39.96551752439082
2024-01-01 17:56:00,42.39309377605342
2024-01-01 17:57:00,40.08197781480759
2024-01-01 17:58:00,38.23286417597652
2024-01-01 17:59:00,40.40396006935519
2024-01-01 18:00:00,40.74009731811777
2024-01-01 18:01:00,39.249174523394466
2024-01-01 18:02:00,40.00834052495806
2024-01-01 18:03:00,38.99134449187682
2024-01-01 18:04:00,55.70389448185344
2024-01-01 18:05:00,41.13191672025345
2024-01-01 18:06:00,39.9245906111108
2024-01-01 18:07:00,38.97314721302698
2024-01-01 18:08:00,39.58379266241366
2024-01-01 18:09:00,38.1684077083675
2024-01-01 18:10:00,39.48886189245942
2024-01-01 18:11:00,39.017144713287635
2024-01-01 18:12:00,39.997789445084656
2024-01-01 18:13:00,40.36129570701379
2024-01-01 18:14:00,38.88004260453138
2024-01-01 18:15:00,38.20593463457651
2024-01-01 18:16:00,40.29388161964968
2024-01-01 18:17:00,39.99589898091173
2024-01-01 18:18:00,39.728506380759086
2024-01-01 18:19:00,40.178819351274655
2024-01-01 18:20:00,39.72997547015748
2024-01-01 18:21:00,40.82497927051335
2024-01-01 18:22:00,39.1499312345636
2024-01-01 18:23:00,40.08456427716448
2024-01-01 18:24:00,42.276638715771995
2024-01-01 18:25:00,41.048142483155154
2024-01-01 18:26:00,39.35590987203892
2024-01-01 18:27:00,39.850959390082366
2024-01-01 18:28:00,41.08065415528787
2024-01-01 18:29:00,40.59397939100611
2024-01-01 18:30:00,60.55975041720027
2024-01-01 18:31:00,39.63681981246025
2024-01-01 18:32:00,38.830302219206594
2024-01-01 18:33:00,40.155005050783004
2024-01-01 18:34:00,38.79048332758815
2024-01-01 18:35:00,39.81864008260885
2024-01-01 18:36:00,40.80784677361043
2024-01-01 18:37:00,39.957462789971146
2024-01-01 18:38:00,39.019619878321386
2024-01-01 18:39:00,41.630495452954406
2024-01-01 18:40:00,40.29212920190735
2024-01-01 18:41:00,38.751701536656896
2024-01-01 18:42:00,58.29423438418013
2024-01-01 18:43:00,40.13049145309488
2024-01-01 18:44:00,40.17143295194704
2024-01-01 18:45:00,42.1176079479464
2024-01-01 18:46:00,40.49528490479536
2024-01-01 18:47:00,39.10895914439356
2024-01-01 18:48:00,38.684211300131544
2024-01-01 18:49:00,41.58605744697585
2024-01-01 18:50:00,39.5973209142695
2024-01-01 18:51:00,40.14863762565953
2024-01-01 18:52:00,39.58304464922281
2024-01-01 18:53:00,40.93901033350488
2024-01-01 18:54:00,40.42894297623241
2024-01-01 18:55:00,40.2189753841782
2024-01-01 18:56:00,40.494916521663235
2024-01-01 18:57:00,39.46200004210272
2024-01-01 18:58:00,40.06305283999445
2024-01-01 18:59:00,40.06234646803662
2024-01-01 19:00:00,39.03319802566446
2024-01-01 19:01:00,39.98054010094604
2024-01-01 19:02:00,39.41518195152961
2024-01-01 19:03:00,41.82577144750386
2024-01-01 19:04:00,40.4574810946349
2024-01-01 19:05:00,40.071138119780315
2024-01-01 19:06:00,41.64554572352439
2024-01-01 19:07:00,40.83261979649357
2024-01-01 19:08:00,41.6233371750505
2024-01-01 19:09:00,40.559290818357134
2024-01-01 19:10:00,40.79246338905345
2024-01-01 19:11:00,40.914734849231635
2024-01-01 19:12:00,41.00850075348521
2024-01-01 19:13:00,40.89635706549182
2024-01-01 19:14:00,40.09526211993874
2024-01-01 19:15:00,42.38347059342636
2024-01-01 19:16:00,39.331226634084686
2024-01-01 19:17:00,42.58997202032984
2024-01-01 19:18:00,41.245528798066054
2024-01-01 19:19:00,42.039376073837445
2024-01-01 19:20:00,40.03994180594384
2024-01-01 19:21:00,40.135357754022984
2024-01-01 19:22:00,41.016966204581195
2024-01-01 19:23:00,39.874324774878716
2024-01-01 19:24:00,42.73728453549354
2024-01-01 19:25:00,40.88717654851248
2024-01-01 19:26:00,42.58281021189225
2024-01-01 19:27:00,41.94102710024916
2024-01-01 19:28:00,41.767007651847926
2024-01-01 19:29:00,41.54521315696618
2024-01-01 19:30:00,42.025743772848514
2024-01-01 19:31:00,41.67129962957818
2024-01-01 19:32:00,43.17410921307583
2024-01-01 19:33:00,40.441267397068856
2024-01-01 19:34:00,39.81033419453652
2024-01-01 19:35:00,41.46386244228312
2024-01-01 19:36:00,42.19449372746917
2024-01-01 19:37:00,40.84865431162426
2024-01-01 19:38:00,40.50826920586228
2024-01-01 19:39:00,41.15529770241624
2024-01-01 19:40:00,41.76056382034135
2024-01-01 19:41:00,41.61719500206796
2024-01-01 19:42:00,41.193696089447755
2024-01-01 19:43:00,43.01350840087752
2024-01-01 19:44:00,42.69080274128186
2024-01-01 19:45:00,43.080348489754954
2024-01-01 19:46:00,40.37224125098907
2024-01-01 19:47:00,57.32158037066111
2024-01-01 19:48:00,39.83700989732446
2024-01-01 19:49:00,42.18930072588921
2024-01-01 19:50:00,39.58034849889258
2024-01-01 19:51:00,40.441347884366806
2024-01-01 19:52:00,41.3341291672742
2024-01-01 19:53:00,41.561704902324934
2024-01-01 19:54:00,40.18932258903117
2024-01-01 19:55:00,40.858063038730805
2024-01-01 19:56:00,40.68648298634366
2024-01-01 19:57:00,41.34897549203817
2024-01-01 19:58:00,42.3412586708514
2024-01-01 19:59:00,42.1632325211684
2024-01-01 20:00:00,41.62594192907507
2024-01-01 20:01:00,40.729672215818745
2024-01-01 20:02:00,41.646276842480006
2024-01-01 20:03:00,42.30797098672085
2024-01-01 20:04:00,41.01663999394689
2024-01-01 20:05:00,41.36327469631755
2024-01-01 20:06:00,41.66002605016463
2024-01-01 20:07:00,40.59451463523846
2024-01-01 20:08:00,39.97766479184871
2024-01-01 20:09:00,44.1180505688587
2024-01-01 20:10:00,41.44807947593808
2024-01-01 20:11:00,41.09612933179985
2024-01-01 20:12:00,42.08869568769547
2024-01-01 20:13:00,43.91410992775124
2024-01-01 20:14:00,40.82340426049281
2024-01-01 20:15:00,41.655421362566905
2024-01-01 20:16:00,42.018661324992
2024-01-01 20:17:00,42.29101563922143
2024-01-01 20:18:00,41.42646377271182
2024-01-01 20:19:00,40.69425821832263
2024-01-01 20:20:00,41.96882779688552
2024-01-01 20:21:00,43.07982843616389
2024-01-01 20:22:00,42.100847736317654
2024-01-01 20:23:00,42.43114817589852
2024-01-01 20:24:00,42.006986493500406
2024-01-01 20:25:00,42.556471168809985
2024-01-01 20:26:00,42.44492248361236
2024-01-01 20:27:00,41.19724766601164
2024-01-01 20:28:00,43.10450358057246
2024-01-01 20:29:00,40.71689067045586
2024-01-01 20:30:00,42.70427278581621
2024-01-01 20:31:00,42.03291500608326
2024-01-01 20:32:00,42.88676036869171
2024-01-01 20:33:00,42.6418309284326
2024-01-01 20:34:00,40.33208738410105
2024-01-01 20:35:00,40.55172398433412
2024-01-01 20:36:00,43.18647762551491
2024-01-01 20:37:00,41.24549840061166
2024-01-01 20:38:00,42.713176408384726
2024-01-01 20:39:00,42.365466055688074
2024-01-01 20:40:00,42.71305933197324
2024-01-01 20:41:00,42.51205875516605
2024-01-01 20:42:00,43.08025298697366
2024-01-01 20:43:00,15.864276097068363
2024-01-01 20:44:00,41.97644610500463
2024-01-01 20:45:00,42.7721229973453
2024-01-01 20:46:00,43.22470570310649
2024-01-01 20:47:00,43.54640121817085
2024-01-01 20:48:00,42.52382053023112
2024-01-01 20:49:00,42.63670706002676
2024-01-01 20:50:00,43.57675594099626
2024-01-01 20:51:00,41.3289482827894
2024-01-01 20:52:00,42.80702878933241
2024-01-01 20:53:00,42.01853588167224
2024-01-01 20:54:00,41.76603130900787
2024-01-01 20:55:00,44.43625319873168
2024-01-01 20:56:00,42.38606273496944
2024-01-01 20:57:00,43.41920213289648
2024-01-01 20:58:00,43.290338705823686
2024-01-01 20:59:00,44.211943915497386
2024-01-01 21:00:00,43.04948931547276
2024-01-01 21:01:00,42.91524525227565
2024-01-01 21:02:00,42.15913745680765
2024-01-01 21:03:00,40.79026941634323
2024-01-01 21:04:00,43.26240966075101
2024-01-01 21:05:00,43.42104718482949
2024-01-01 21:06:00,43.002460027927356
2024-01-01 21:07:00,42.70728803983931
2024-01-01 21:08:00,44.255033868931484
2024-01-01 21:09:00,43.608177617512844
2024-01-01 21:10:00,42.72917722877508
2024-01-01 21:11:00,42.30451121122012
2024-01-01 21:12:00,42.093244798077386
2024-01-01 21:13:00,42.185154791519686
2024-01-01 21:14:00,44.216062861425954
2024-01-01 21:15:00,42.691697299946114
2024-01-01 21:16:00,43.22841013838082
2024-01-01 21:17:00,43.43588713678314
2024-01-01 21:18:00,44.39780805449571
2024-01-01 21:19:00,43.09982323815556
2024-01-01 21:20:00,44.432165414399
2024-01-01 21:21:00,43.96188059189713
2024-01-01 21:22:00,44.0418164422892
2024-01-01 21:23:00,43.07983919188778
2024-01-01 21:24:00,43.54617390633553
2024-01-01 21:25:00,42.32079192061996
2024-01-01 21:26:00,43.476226246563364
2024-01-01 21:27:00,42.757049331584525
2024-01-01 21:28:00,45.50033004233393
2024-01-01 21:29:00,43.74433767547262
2024-01-01 21:30:00,44.2171972663885
2024-01-01 21:31:00,43.39868852181182
2024-01-01 21:32:00,44.97100015500481
2024-01-01 21:33:00,43.29939875911498
2024-01-01 21:34:00,43.24311614260642
2024-01-01 21:35:00,44.853883464657976
2024-01-01 21:36:00,44.11211613843793
2024-01-01 21:37:00,18.580082094481146
2024-01-01 21:38:00,44.99494693586158
2024-01-01 21:39:00,46.46022990958453
2024-01-01 21:40:00,43.9630591168987
2024-01-01 21:41:00,44.715266385870386
2024-01-01 21:42:00,43.354697617674816
2024-01-01 21:43:00,45.10083349507147
2024-01-01 21:44:00,45.16512797976125
2024-01-01 21:45:00,44.20890271327715
2024-01-01 21:46:00,44.18783632007645
2024-01-01 21:47:00,45.97983619092429
2024-01-01 21:48:00,44.45452959357722
2024-01-01 21:49:00,43.81688367716964
2024-01-01 21:50:00,44.399717492981004
2024-01-01 21:51:00,44.7850349447131
2024-01-01 21:52:00,46.58631747648009
2024-01-01 21:53:00,42.1365272341436
2024-01-01 21:54:00,44.951491905114786
2024-01-01 21:55:00,45.47206015314761
2024-01-01 21:56:00,45.69390313619725
2024-01-01 21:57:00,43.890269539313955
2024-01-01 21:58:00,45.56562093638791
2024-01-01 21:59:00,44.756955963820104
2024-01-01 22:00:00,46.42378239876793
2024-01-01 22:01:00,45.21415693019124
2024-01-01 22:02:00,45.35703086835597
2024-01-01 22:03:00,45.775944281732684
2024-01-01 22:04:00,44.47369129910431
2024-01-01 22:05:00,45.12065176296129
2024-01-01 22:06:00,43.65468794661269
2024-01-01 22:07:00,45.56088785466376
2024-01-01 22:08:00,45.21370686989532
2024-01-01 22:09:00,44.97482307911201
2024-01-01 22:10:00,45.39724959397558
2024-01-01 22:11:00,46.43365365395749
2024-01-01 22:12:00,45.403053638282884
2024-01-01 22:13:00,44.960503086466275
2024-01-01 22:14:00,44.774235948232594
2024-01-01 22:15:00,46.05317126029494
2024-01-01 22:16:00,44.599410071780014
2024-01-01 22:17:00,47.44009702512092
2024-01-01 22:18:00,47.645085853798435
2024-01-01 22:19:00,46.529970174894096
2024-01-01 22:20:00,46.26355688184713
2024-01-01 22:21:00,45.88976131461899
2024-01-01 22:22:00,48.940595555644286
2024-01-01 22:23:00,44.90403806650446
2024-01-01 22:24:00,45.26584497369208
2024-01-01 22:25:00,44.88767629737282
2024-01-01 22:26:00,45.58266558117877
2024-01-01 22:27:00,46.259289659944656
2024-01-01 22:28:00,48.160659314762185
2024-01-01 22:29:00,46.44007050282475
2024-01-01 22:30:00,45.40308935246891
2024-01-01 22:31:00,45.256377646389865
2024-01-01 22:32:00,45.52365560853757
2024-01-01 22:33:00,46.24085728330711
2024-01-01 22:34:00,45.58359830791014
2024-01-01 22:35:00,46.285947733401024
2024-01-01 22:36:00,48.28528732441576
2024-01-01 22:37:00,46.58861473660494
2024-01-01 22:38:00,48.282876560512214
2024-01-01 22:39:00,46.01816983138064
2024-01-01 22:40:00,46.716337857422744
2024-01-01 22:41:00,46.350329645253765
2024-01-01 22:42:00,47.363012528057055
2024-01-01 22:43:00,45.87895647790709
2024-01-01 22:44:00,46.42449429005613
2024-01-01 22:45:00,46.41520697904547
2024-01-01 22:46:00,47.72209187797977
2024-01-01 22:47:00,46.511314406424525
2024-01-01 22:48:00,47.91547981504133
2024-01-01 22:49:00,47.52067563922661
2024-01-01 22:50:00,46.97230578813231
2024-01-01 22:51:00,46.24140215125049
2024-01-01 22:52:00,46.190858512290696
2024-01-01 22:53:00,46.98456953659336
2024-01-01 22:54:00,46.37571525673274
2024-01-01 22:55:00,45.708846393235056
2024-01-01 22:56:00,46.39150697693799
2024-01-01 22:57:00,45.97447983187329
2024-01-01 22:58:00,47.48074990674679
2024-01-01 22:59:00,46.44704917599423
2024-01-01 23:00:00,47.99045942616463
2024-01-01 23:01:00,46.450935236632574
2024-01-01 23:02:00,47.46410324990221
2024-01-01 23:03:00,45.9745601615189
2024-01-01 23:04:00,47.58942558124924
2024-01-01 23:05:00,46.94692463810066
2024-01-01 23:06:00,46.74910529757514
2024-01-01 23:07:00,48.6493812782866
2024-01-01 23:08:00,49.028274108650514
2024-01-01 23:09:00,48.04984251566143
2024-01-01 23:10:00,48.77874724354929
2024-01-01 23:11:00,47.84262069047693
2024-01-01 23:12:00,49.4650583613036
2024-01-01 23:13:00,47.04930801349745
2024-01-01 23:14:00,47.737883469039176
2024-01-01 23:15:00,48.90068661436601
2024-01-01 23:16:00,48.67779881089464
2024-01-01 23:17:00,48.54634310571564
2024-01-01 23:18:00,47.97268101243671
2024-01-01 23:19:00,48.07372569435687
2024-01-01 23:20:00,47.68785058916477
2024-01-01 23:21:00,49.421911295061804
2024-01-01 23:22:00,47.63635288913991
2024-01-01 23:23:00,49.74143497890164
2024-01-01 23:24:00,47.224719052359475
2024-01-01 23:25:00,47.706293613814005
2024-01-01 23:26:00,46.753694801745546
2024-01-01 23:27:00,48.4172068459112
2024-01-01 23:28:00,47.500248716090226
2024-01-01 23:29:00,47.66110948339609
2024-01-01 23:30:00,47.35067027253247
2024-01-01 23:31:00,49.20010801056207
2024-01-01 23:32:00,48.37753916442836
2024-01-01 23:33:00,48.856349857312864
2024-01-01 23:34:00,48.0892836199804
2024-01-01 23:35:00,48.432347757185745
2024-01-01 23:36:00,48.34050705948119
2024-01-01 23:37:00,49.3536855732835
2024-01-01 23:38:00,48.54439002026162
2024-01-01 23:39:00,50.145544880925556
2024-01-01 23:40:00,50.837980590503044
2024-01-01 23:41:00,50.5068046188602
2024-01-01 23:42:00,48.82454767358873
2024-01-01 23:43:00,50.27748234666201
2024-01-01 23:44:00,47.373256756536094
2024-01-01 23:45:00,48.189338326712324
2024-01-01 23:46:00,49.88627959844273
2024-01-01 23:47:00,48.94109186989504
2024-01-01 23:48:00,49.083203781524524
2024-01-01 23:49:00,51.70486447703212
2024-01-01 23:50:00,49.78118468600505
2024-01-01 23:51:00,50.30592944657837
2024-01-01 23:52:00,49.54523719022461
2024-01-01 23:53:00,50.714678592408475
2024-01-01 23:54:00,49.75940998856295
2024-01-01 23:55:00,50.219817194631645
2024-01-01 23:56:00,50.92240268883449
2024-01-01 23:57:00,50.59445176946001
2024-01-01 23:58:00,50.730054902339084
2024-01-01 23:59:00,49.78625442597992
2024-01-02 00:00:00,48.876129416258706
2024-01-02 00:01:00,49.58814215801372
2024-01-02 00:02:00,51.501813221489904
2024-01-02 00:03:00,51.996025192169725
2024-01-02 00:04:00,50.34132061090636
2024-01-02 00:05:00,49.6008083329924
2024-01-02 00:06:00,49.563341514733175
2024-01-02 00:07:00,50.95224157532043
2024-01-02 00:08:00,51.323118976417504
2024-01-02 00:09:00,50.81406306137189
2024-01-02 00:10:00,74.4281338736806
2024-01-02 00:11:00,50.754696613436174
2024-01-02 00:12:00,50.367159408147515
2024-01-02 00:13:00,50.547471858453996
2024-01-02 00:14:00,49.707208007640325
2024-01-02 00:15:00,50.695875445880134
2024-01-02 00:16:00,50.09389398289214
2024-01-02 00:17:00,51.39763785965077
2024-01-02 00:18:00,51.43670236354113
2024-01-02 00:19:00,48.437629510811796
2024-01-02 00:20:00,51.58199092880513
2024-01-02 00:21:00,50.98696720107671
2024-01-02 00:22:00,52.22059972121006
2024-01-02 00:23:00,51.240097306964145
2024-01-02 00:24:00,50.74905537772474
2024-01-02 00:25:00,52.2139486054624
2024-01-02 00:26:00,51.36719323897691
2024-01-02 00:27:00,50.840989227973914
2024-01-02 00:28:00,53.60289049649917
2024-01-02 00:29:00,51.70869985079212
2024-01-02 00:30:00,51.23854430201714
2024-01-02 00:31:00,78.6234776049397
2024-01-02 00:32:00,50.73614399204514
2024-01-02 00:33:00,50.28821401399086
2024-01-02 00:34:00,52.349319346700355
2024-01-02 00:35:00,50.87311024646369
2024-01-02 00:36:00,50.28455348078514
2024-01-02 00:37:00,76.12788934011364
2024-01-02 00:38:00,51.44956551899718
2024-01-02 00:39:00,50.93794685610893
2024-01-02 00:40:00,51.377754453902
2024-01-02 00:41:00,50.369405033221454
2024-01-02 00:42:00,51.762624806455555
2024-01-02 00:43:00,52.16042848184948
2024-01-02 00:44:00,52.20628145617529
2024-01-02 00:45:00,50.579578704391444
2024-01-02 00:46:00,51.66618373947248
2024-01-02 00:47:00,52.79951270345498
2024-01-02 00:48:00,52.939614382866154
2024-01-02 00:49:00,51.09833619409294
2024-01-02 00:50:00,51.452547853654984
2024-01-02 00:51:00,51.07436345410768
2024-01-02 00:52:00,52.846644627945814
2024-01-02 00:53:00,54.35048985184721
2024-01-02 00:54:00,52.26713335672295
2024-01-02 00:55:00,70.89905028194435
2024-01-02 00:56:00,51.89738906061523
2024-01-02 00:57:00,51.400201993904844
2024-01-02 00:58:00,52.47047164482706
2024-01-02 00:59:00,51.54228504935866
2024-01-02 01:00:00,51.09318435506066
2024-01-02 01:01:00,52.531335283577874
2024-01-02 01:02:00,52.743990472308624
2024-01-02 01:03:00,55.19176677576388
2024-01-02 01:04:00,53.3701505286613
2024-01-02 01:05:00,53.26446439794842
2024-01-02 01:06:00,53.575911290579725
2024-01-02 01:07:00,51.78724486977301
2024-01-02 01:08:00,52.130064423966246
2024-01-02 01:09:00,52.501753669356695
2024-01-02 01:10:00,52.315667680892
2024-01-02 01:11:00,54.23254132367282
2024-01-02 01:12:00,53.83409955564456
2024-01-02 01:13:00,53.76258939425002
2024-01-02 01:14:00,54.77007578349206
2024-01-02 01:15:00,54.800860208154035
2024-01-02 01:16:00,55.515051636466055
2024-01-02 01:17:00,51.92500656754445
2024-01-02 01:18:00,52.618889677659354
2024-01-02 01:19:00,54.11271823098684
2024-01-02 01:20:00,52.75369531022955
2024-01-02 01:21:00,54.240594002073976
2024-01-02 01:22:00,52.61615606989824
2024-01-02 01:23:00,55.35209096375327
2024-01-02 01:24:00,53.356092439539594
2024-01-02 01:25:00,54.361333873947494
2024-01-02 01:26:00,53.88796739636244
2024-01-02 01:27:00,54.48268274193084
2024-01-02 01:28:00,55.11696628073141
2024-01-02 01:29:00,54.77023343457048
2024-01-02 01:30:00,54.389823730325475
2024-01-02 01:31:00,54.02019541336897
2024-01-02 01:32:00,55.04714802634515
2024-01-02 01:33:00,53.16815100399587
2024-01-02 01:34:00,53.78531269489811
2024-01-02 01:35:00,55.87319575917255
2024-01-02 01:36:00,53.21414473821134
2024-01-02 01:37:00,55.291513869359505
2024-01-02 01:38:00,55.53050105283804
2024-01-02 01:39:00,25.011516299695103
2024-01-02 01:40:00,52.98182210796351
2024-01-02 01:41:00,54.395219993687355
2024-01-02 01:42:00,54.54315753703119
2024-01-02 01:43:00,54.56985315395196
2024-01-02 01:44:00,56.8335409430769
2024-01-02 01:45:00,52.828172400974694
2024-01-02 01:46:00,56.09631126143652
2024-01-02 01:47:00,53.78418037433162
2024-01-02 01:48:00,54.00549639938856
2024-01-02 01:49:00,55.398638670413455
2024-01-02 01:50:00,54.9375148291675
2024-01-02 01:51:00,54.31568110000575
2024-01-02 01:52:00,54.49417275287486
2024-01-02 01:53:00,54.352610156628224
2024-01-02 01:54:00,52.8762726518149
2024-01-02 01:55:00,54.103080631426906
2024-01-02 01:56:00,53.59067076899312
2024-01-02 01:57:00,26.85628020897655
2024-01-02 01:58:00,53.81560962971091
2024-01-02 01:59:00,54.851392000313744
2024-01-02 02:00:00,55.19734181630379
2024-01-02 02:01:00,55.12177700390118
2024-01-02 02:02:00,55.45210509287263
2024-01-02 02:03:00,55.01913435162084
2024-01-02 02:04:00,54.63593812956922
2024-01-02 02:05:00,83.46458750158092
2024-01-02 02:06:00,54.256445183704
2024-01-02 02:07:00,56.02243233436077
2024-01-02 02:08:00,55.72187031859249
2024-01-02 02:09:00,55.6337021096538
2024-01-02 02:10:00,56.04783347970246
2024-01-02 02:11:00,57.24810752559648
2024-01-02 02:12:00,56.27139167912159
2024-01-02 02:13:00,55.15287641818758
2024-01-02 02:14:00,55.03585019073952
2024-01-02 02:15:00,55.43151062648999
2024-01-02 02:16:00,57.22477434006563
2024-01-02 02:17:00,55.21709235207615
2024-01-02 02:18:00,54.91157652915954
2024-01-02 02:19:00,55.46136029722833
2024-01-02 02:20:00,55.596225114331865
2024-01-02 02:21:00,56.58935330417355
2024-01-02 02:22:00,55.17972305134378
2024-01-02 02:23:00,55.49333988581465
2024-01-02 02:24:00,57.80986257885866
2024-01-02 02:25:00,57.04002328114077
2024-01-02 02:26:00,55.42349684329436
2024-01-02 02:27:00,57.210748058449575
2024-01-02 02:28:00,56.96886377536889
2024-01-02 02:29:00,57.14512663138204
2024-01-02 02:30:00,55.68469217012013
2024-01-02 02:31:00,55.990238406907295
2024-01-02 02:32:00,56.94881959992528
2024-01-02 02:33:00,56.471056474641884
2024-01-02 02:34:00,56.599789838941106
2024-01-02 02:35:00,58.10582790207449
2024-01-02 02:36:00,55.60396249691107
2024-01-02 02:37:00,56.175092880254326
2024-01-02 02:38:00,58.63239250783942
2024-01-02 02:39:00,57.15978501317982
2024-01-02 02:40:00,57.4120463106524
2024-01-02 02:41:00,55.440217559634696
2024-01-02 02:42:00,56.51989373256999
2024-01-02 02:43:00,56.81491340640243
2024-01-02 02:44:00,56.74069158031838
2024-01-02 02:45:00,56.74995002847235
2024-01-02 02:46:00,56.9248576461498
2024-01-02 02:47:00,56.87945457249382
2024-01-02 02:48:00,56.22564954448038
2024-01-02 02:49:00,56.43641307180829
2024-01-02 02:50:00,54.5048830748353
2024-01-02 02:51:00,56.035604019101925
2024-01-02 02:52:00,56.437038156976705
2024-01-02 02:53:00,57.124721763854936
2024-01-02 02:54:00,73.88451237692456
2024-01-02 02:55:00,56.41023991390395
2024-01-02 02:56:00,58.00105636276808
2024-01-02 02:57:00,56.36073890784662
2024-01-02 02:58:00,58.98347427381976
2024-01-02 02:59:00,57.61746476068188
2024-01-02 03:00:00,56.44566125569424
2024-01-02 03:01:00,57.25080636474554
2024-01-02 03:02:00,57.24424320612574
2024-01-02 03:03:00,56.39574054309451
2024-01-02 03:04:00,57.89479110003408
2024-01-02 03:05:00,57.77537619962627
2024-01-02 03:06:00,57.728697436880296
2024-01-02 03:07:00,56.60071860675283
2024-01-02 03:08:00,57.003955279100744
2024-01-02 03:09:00,57.97931088072351
2024-01-02 03:10:00,56.779642511447605
2024-01-02 03:11:00,57.067854912046826
2024-01-02 03:12:00,58.65964728393711
2024-01-02 03:13:00,58.49696756749918
2024-01-02 03:14:00,58.39253671721255
2024-01-02 03:15:00,58.019298308731486
2024-01-02 03:16:00,56.266112233409935
2024-01-02 03:17:00,57.698398527916616
2024-01-02 03:18:00,57.72118401873112
2024-01-02 03:19:00,58.461391370750235
2024-01-02 03:20:00,57.025691569464676
2024-01-02 03:21:00,58.09033797486986
2024-01-02 03:22:00,58.62307183982813
2024-01-02 03:23:00,58.80702193410841
2024-01-02 03:24:00,55.887794201393326
2024-01-02 03:25:00,58.80536650862432
2024-01-02 03:26:00,56.25201269289171
2024-01-02 03:27:00,56.97935335818183
2024-01-02 03:28:00,55.83174401810234
2024-01-02 03:29:00,58.94866913321437
2024-01-02 03:30:00,56.888656914817204
2024-01-02 03:31:00,57.35787076348607
2024-01-02 03:32:00,57.75093593190422
2024-01-02 03:33:00,56.903434978419824
2024-01-02 03:34:00,59.14087330983358
2024-01-02 03:35:00,59.36089441009634
2024-01-02 03:36:00,60.12512561719555
2024-01-02 03:37:00,74.01619233137657
2024-01-02 03:38:00,56.55541961615429
2024-01-02 03:39:00,57.82541376625895
2024-01-02 03:40:00,59.62725169522856
2024-01-02 03:41:00,56.9996192725002
2024-01-02 03:42:00,58.04232195579823
2024-01-02 03:43:00,57.129494632988646
2024-01-02 03:44:00,59.74770741904067
2024-01-02 03:45:00,58.47922260658494
2024-01-02 03:46:00,59.23076139340987
2024-01-02 03:47:00,58.4699194189365
2024-01-02 03:48:00,58.707117321837465
2024-01-02 03:49:00,60.03795607111543
2024-01-02 03:50:00,58.63320731625251
2024-01-02 03:51:00,58.90431352345715
2024-01-02 03:52:00,59.01495132126235
2024-01-02 03:53:00,59.37149092762277
2024-01-02 03:54:00,58.46709712956287
2024-01-02 03:55:00,59.609765273696574
2024-01-02 03:56:00,57.12309466062241
2024-01-02 03:57:00,59.70070356265296
2024-01-02 03:58:00,58.49792714031545
2024-01-02 03:59:00,59.04267728588204
2024-01-02 04:00:00,60.813614186491904
2024-01-02 04:01:00,60.19286458675894
2024-01-02 04:02:00,60.15527252452152
2024-01-02 04:03:00,57.94131142256774
2024-01-02 04:04:00,57.64659206719623
2024-01-02 04:05:00,60.04738228673438
2024-01-02 04:06:00,58.221069965319515
2024-01-02 04:07:00,58.13279761308069
2024-01-02 04:08:00,59.14473179532539
2024-01-02 04:09:00,59.52457452544993
2024-01-02 04:10:00,58.983877712578646
2024-01-02 04:11:00,59.64116876596815
2024-01-02 04:12:00,57.67900284872229
2024-01-02 04:13:00,60.06225824423561
2024-01-02 04:14:00,59.01258836435693
2024-01-02 04:15:00,59.617246529703316
2024-01-02 04:16:00,58.99608356850746
2024-01-02 04:17:00,60.38684134604551
2024-01-02 04:18:00,58.13809464881235
2024-01-02 04:19:00,59.712546749152445
2024-01-02 04:20:00,58.66468343988755
2024-01-02 04:21:00,58.79221098262664
2024-01-02 04:22:00,61.07431585771602
2024-01-02 04:23:00,58.07807984844055
2024-01-02 04:24:00,59.15241160920878
2024-01-02 04:25:00,58.77003458393632
2024-01-02 04:26:00,60.16794515662701
2024-01-02 04:27:00,59.06412118952587
2024-01-02 04:28:00,57.46105195639342
2024-01-02 04:29:00,58.021838150956995
2024-01-02 04:30:00,59.045576128472476
2024-01-02 04:31:00,59.26009057857011
2024-01-02 04:32:00,59.18159523618801
2024-01-02 04:33:00,59.239734613114706
2024-01-02 04:34:00,60.303012617491746
2024-01-02 04:35:00,58.83711040263962
2024-01-02 04:36:00,58.58673907397239
2024-01-02 04:37:00,78.54414172636679
2024-01-02 04:38:00,59.0827949006627
2024-01-02 04:39:00,58.857414085925626
2024-01-02 04:40:00,35.701598704283214
2024-01-02 04:41:00,59.85601189376645
2024-01-02 04:42:00,60.10934153753848
2024-01-02 04:43:00,78.76677298671777
2024-01-02 04:44:00,59.37339299671713
2024-01-02 04:45:00,60.67925573548625
2024-01-02 04:46:00,59.983903467406435
2024-01-02 04:47:00,59.129221036750664
2024-01-02 04:48:00,59.60102780717671
2024-01-02 04:49:00,58.60013221825043
2024-01-02 04:50:00,59.456829436556504
2024-01-02 04:51:00,59.23300613353501
2024-01-02 04:52:00,40.96623740422229
2024-01-02 04:53:00,59.680660864291674
2024-01-02 04:54:00,60.44804868063909
2024-01-02 04:55:00,59.088471093450636
2024-01-02 04:56:00,59.105848531312525
2024-01-02 04:57:00,60.82105754066981
2024-01-02 04:58:00,60.980252503592126
2024-01-02 04:59:00,59.03044277027771
2024-01-02 05:00:00,59.91261401217166
2024-01-02 05:01:00,60.54616692723445
2024-01-02 05:02:00,59.90698147534765
2024-01-02 05:03:00,59.20003006000639
2024-01-02 05:04:00,59.01828324699266
2024-01-02 05:05:00,58.85137099898455
2024-01-02 05:06:00,60.83192097014341
2024-01-02 05:07:00,61.304328259516986
2024-01-02 05:08:00,60.507179851346685
2024-01-02 05:09:00,59.5572246764178
2024-01-02 05:10:00,60.48378750459774
2024-01-02 05:11:00,59.727543877929925
2024-01-02 05:12:00,59.640011429400005
2024-01-02 05:13:00,60.102023881572975
2024-01-02 05:14:00,57.884995519027946
2024-01-02 05:15:00,59.77083481824236
2024-01-02 05:16:00,60.49419822207796
2024-01-02 05:17:00,60.22378714529931
2024-01-02 05:18:00,60.87370246346055
2024-01-02 05:19:00,60.01715077938255
2024-01-02 05:20:00,59.915656026972904
2024-01-02 05:21:00,60.33333796617963
2024-01-02 05:22:00,61.35674950947703
2024-01-02 05:23:00,60.41423143764458
2024-01-02 05:24:00,59.675880361149495
2024-01-02 05:25:00,60.32813593619145
2024-01-02 05:26:00,59.07702054403818
2024-01-02 05:27:00,58.05642464411136
2024-01-02 05:28:00,59.91886805193121
2024-01-02 05:29:00,61.03520271305015
2024-01-02 05:30:00,59.39257205410579
2024-01-02 05:31:00,59.4320344225291
2024-01-02 05:32:00,61.04527905914917
2024-01-02 05:33:00,79.4392588712097
2024-01-02 05:34:00,59.70316128911541
2024-01-02 05:35:00,60.714731212083606
2024-01-02 05:36:00,60.77851995985492
2024-01-02 05:37:00,60.068929845137035
2024-01-02 05:38:00,61.32903198598347
2024-01-02 05:39:00,60.36054478995608
2024-01-02 05:40:00,59.0577086906712
2024-01-02 05:41:00,60.67493718626624
2024-01-02 05:42:00,62.49448197627217
2024-01-02 05:43:00,58.61852986862364
2024-01-02 05:44:00,58.569985722485086
2024-01-02 05:45:00,62.73776150702963
2024-01-02 05:46:00,59.602012505079095
2024-01-02 05:47:00,59.71041822874931
2024-01-02 05:48:00,59.82561772410164
2024-01-02 05:49:00,61.91871177510819
2024-01-02 05:50:00,59.24682635500366
2024-01-02 05:51:00,59.95305462277321
2024-01-02 05:52:00,62.39845300636606
2024-01-02 05:53:00,58.797814460708196
2024-01-02 05:54:00,60.82972759799173
2024-01-02 05:55:00,59.43447259462686
2024-01-02 05:56:00,59.39600636369467
2024-01-02 05:57:00,63.1506457389096
2024-01-02 05:58:00,60.252819683876965
2024-01-02 05:59:00,59.6033128150082
2024-01-02 06:00:00,59.712790245164825
2024-01-02 06:01:00,59.61110525654528
2024-01-02 06:02:00,57.25464294394841
2024-01-02 06:03:00,58.89102661195314
2024-01-02 06:04:00,58.058816076863856
2024-01-02 06:05:00,59.99429049918961
2024-01-02 06:06:00,60.40171916230983
2024-01-02 06:07:00,61.00002141162441
2024-01-02 06:08:00,59.829292916160064
2024-01-02 06:09:00,59.569398789134624
2024-01-02 06:10:00,62.36010030124074
2024-01-02 06:11:00,58.67017029818656
2024-01-02 06:12:00,60.88321332105103
2024-01-02 06:13:00,60.19763308106572
2024-01-02 06:14:00,59.46581183113797
2024-01-02 06:15:00,59.49226571883277
2024-01-02 06:16:00,58.70342192386141
2024-01-02 06:17:00,58.47592685553706
2024-01-02 06:18:00,61.53775414236335
2024-01-02 06:19:00,60.43210843715748
2024-01-02 06:20:00,60.95540332914449
2024-01-02 06:21:00,61.829170397762
2024-01-02 06:22:00,61.689396896518325
2024-01-02 06:23:00,59.37337300909805
2024-01-02 06:24:00,60.16966926664382
2024-01-02 06:25:00,60.1964571590543
2024-01-02 06:26:00,59.80608440129606
2024-01-02 06:27:00,60.277279761051396
2024-01-02 06:28:00,59.940151831705414
2024-01-02 06:29:00,57.827722450851226
2024-01-02 06:30:00,58.28107316335933
2024-01-02 06:31:00,57.79750513297183
2024-01-02 06:32:00,59.17695500878923
2024-01-02 06:33:00,59.942651835039015
2024-01-02 06:34:00,61.56701450046477
2024-01-02 06:35:00,57.947233225543805
2024-01-02 06:36:00,58.98902381978248
2024-01-02 06:37:00,58.97417525063198
2024-01-02 06:38:00,60.79971410729146
2024-01-02 06:39:00,60.54572388834937
2024-01-02 06:40:00,58.2409418728996
2024-01-02 06:41:00,62.39336042001976
2024-01-02 06:42:00,60.74105542476768
2024-01-02 06:43:00,61.07609219853397
2024-01-02 06:44:00,60.92945811944535
2024-01-02 06:45:00,58.97506054662589
2024-01-02 06:46:00,58.92643607675545
2024-01-02 06:47:00,60.17058730046534
2024-01-02 06:48:00,58.516803925534504
2024-01-02 06:49:00,59.248954858957305
2024-01-02 06:50:00,59.321910286988064
2024-01-02 06:51:00,61.77726207788505
2024-01-02 06:52:00,59.524531036457134
2024-01-02 06:53:00,58.721491498356706
2024-01-02 06:54:00,60.72838837496344
2024-01-02 06:55:00,58.34727652263998
2024-01-02 06:56:00,61.97362314886222
2024-01-02 06:57:00,61.201066876150875
2024-01-02 06:58:00,57.764915370194615
2024-01-02 06:59:00,60.2393665089874
2024-01-02 07:00:00,60.9495235909439
2024-01-02 07:01:00,77.68673625581869
2024-01-02 07:02:00,61.8748902702532
2024-01-02 07:03:00,60.27658117334763
2024-01-02 07:04:00,60.06536101708813
2024-01-02 07:05:00,58.19985566581095
2024-01-02 07:06:00,58.65610932166042
2024-01-02 07:07:00,59.10451266538898
2024-01-02 07:08:00,60.42189773375457
2024-01-02 07:09:00,60.8820518393688
2024-01-02 07:10:00,59.25341341400917
2024-01-02 07:11:00,60.48630496055486
2024-01-02 07:12:00,58.55607797790364
2024-01-02 07:13:00,57.904176327732316
2024-01-02 07:14:00,58.48881961995809
2024-01-02 07:15:00,58.783976282341605
2024-01-02 07:16:00,57.63154761216266
2024-01-02 07:17:00,61.278843063130545
2024-01-02 07:18:00,59.291805318720584
2024-01-02 07:19:00,59.910027951781125
2024-01-02 07:20:00,58.52132821930005
2024-01-02 07:21:00,58.793028378008316
2024-01-02 07:22:00,58.804526936121675
2024-01-02 07:23:00,58.681783655161034
2024-01-02 07:24:00,73.5202190433921
2024-01-02 07:25:00,59.15361073253263
2024-01-02 07:26:00,57.428149638708355
2024-01-02 07:27:00,59.048848634474176
2024-01-02 07:28:00,61.05761189061645
2024-01-02 07:29:00,59.52574563981856
2024-01-02 07:30:00,57.885690040203855
2024-01-02 07:31:00,58.24994720875283
2024-01-02 07:32:00,58.10290843953766
2024-01-02 07:33:00,59.30085980716286
2024-01-02 07:34:00,58.09962618135475
2024-01-02 07:35:00,57.07832279732165
2024-01-02 07:36:00,59.022934371442524
2024-01-02 07:37:00,57.32551919376191
2024-01-02 07:38:00,59.14917092446142
2024-01-02 07:39:00,77.16041931715117
2024-01-02 07:40:00,60.86398962362677
2024-01-02 07:41:00,58.40153980552342
2024-01-02 07:42:00,58.9447542536899
2024-01-02 07:43:00,59.740475496187365
2024-01-02 07:44:00,58.59669465761339
2024-01-02 07:45:00,58.363533526947066
2024-01-02 07:46:00,59.27873115927228
2024-01-02 07:47:00,58.89523199882222
2024-01-02 07:48:00,59.084822237168865
2024-01-02 07:49:00,58.78080073053235
2024-01-02 07:50:00,59.84673777349279
2024-01-02 07:51:00,59.13858952870354
2024-01-02 07:52:00,58.184405917534384
2024-01-02 07:53:00,57.83947865140931
2024-01-02 07:54:00,58.61484035756033
2024-01-02 07:55:00,58.226076868884334
2024-01-02 07:56:00,58.615737933756414
2024-01-02 07:57:00,58.55983316180979
2024-01-02 07:58:00,56.97197941385286
2024-01-02 07:59:00,57.66227216266051
2024-01-02 08:00:00,57.97740283894434
2024-01-02 08:01:00,57.496386131115806
2024-01-02 08:02:00,58.08787662105044
2024-01-02 08:03:00,60.81428537324811
2024-01-02 08:04:00,60.666437684699254
2024-01-02 08:05:00,57.61522728724851
2024-01-02 08:06:00,57.06276527978618
2024-01-02 08:07:00,57.451343012143624
2024-01-02 08:08:00,56.29169582276313
2024-01-02 08:09:00,58.19815452376155
2024-01-02 08:10:00,59.14260930801757
2024-01-02 08:11:00,59.475650249745755
2024-01-02 08:12:00,58.8812276112421
2024-01-02 08:13:00,57.940768235693454
2024-01-02 08:14:00,58.03241816108062
2024-01-02 08:15:00,58.72441136108225
2024-01-02 08:16:00,57.79043258959004
2024-01-02 08:17:00,30.239059477952686
2024-01-02 08:18:00,57.93914899511945
2024-01-02 08:19:00,59.43348906771169
2024-01-02 08:20:00,57.79088483905083
2024-01-02 08:21:00,89.40907723652182
2024-01-02 08:22:00,60.03243731928016
2024-01-02 08:23:00,57.1126901632437
2024-01-02 08:24:00,60.77248738121224
2024-01-02 08:25:00,58.01914258120456
2024-01-02 08:26:00,56.61901228843824
2024-01-02 08:27:00,58.992569168883364
2024-01-02 08:28:00,57.56391080092346
2024-01-02 08:29:00,82.23088649511769
2024-01-02 08:30:00,56.463477418002846
2024-01-02 08:31:00,58.13605011651539
2024-01-02 08:32:00,59.24712725540075
2024-01-02 08:33:00,57.620341048570914
2024-01-02 08:34:00,56.95808545322427
2024-01-02 08:35:00,57.1515167087665
2024-01-02 08:36:00,57.95387170277597
2024-01-02 08:37:00,57.16496044098614
2024-01-02 08:38:00,56.09955169508729
2024-01-02 08:39:00,58.47938143011502
2024-01-02 08:40:00,59.901534613000344
2024-01-02 08:41:00,55.65038701886468
2024-01-02 08:42:00,57.82187786679934
2024-01-02 08:43:00,58.41317477070075
2024-01-02 08:44:00,59.995414838933435
2024-01-02 08:45:00,58.09415227926307
2024-01-02 08:46:00,56.921232504114066
2024-01-02 08:47:00,57.564120079021954
2024-01-02 08:48:00,57.209511633130454
2024-01-02 08:49:00,59.44395999833501
2024-01-02 08:50:00,55.550914964250744
2024-01-02 08:51:00,57.569310464511936
2024-01-02 08:52:00,57.585347460309464
2024-01-02 08:53:00,57.01435989066936
2024-01-02 08:54:00,57.07869947843851
2024-01-02 08:55:00,58.173446069700475
2024-01-02 08:56:00,58.86561597024057
2024-01-02 08:57:00,57.07003696233205
2024-01-02 08:58:00,56.85206391169117
2024-01-02 08:59:00,57.46844632893049
2024-01-02 09:00:00,76.47195158412828
2024-01-02 09:01:00,55.97201189533544
2024-01-02 09:02:00,57.194115491977136
2024-01-02 09:03:00,57.73501271545051
2024-01-02 09:04:00,57.46222780817712
2024-01-02 09:05:00,57.68693884225854
2024-01-02 09:06:00,58.30079347917847
2024-01-02 09:07:00,57.689541298062565
2024-01-02 09:08:00,56.76000165440218
2024-01-02 09:09:00,57.66275703698083
2024-01-02 09:10:00,57.49391957999574
2024-01-02 09:11:00,57.08987656852592
2024-01-02 09:12:00,57.09124472506558
2024-01-02 09:13:00,54.99036476003769
2024-01-02 09:14:00,56.05277763434763
2024-01-02 09:15:00,56.53521570646051
2024-01-02 09:16:00,55.070135762072944
2024-01-02 09:17:00,57.2410827233105
2024-01-02 09:18:00,57.270047057215365
2024-01-02 09:19:00,56.42887704303849
2024-01-02 09:20:00,54.575238191706106
2024-01-02 09:21:00,57.76140043739413
2024-01-02 09:22:00,56.68309087937079
2024-01-02 09:23:00,54.61812263601272
2024-01-02 09:24:00,56.12158108438513
2024-01-02 09:25:00,57.271823964292146
2024-01-02 09:26:00,57.047131668879246
2024-01-02 09:27:00,54.80113232030817
2024-01-02 09:28:00,55.456822313697764
2024-01-02 09:29:00,56.25256046008774
2024-01-02 09:30:00,56.64519765590718
2024-01-02 09:31:00,55.27967769931024
2024-01-02 09:32:00,57.51786208819256
2024-01-02 09:33:00,59.233442756301336
2024-01-02 09:34:00,54.37648764748979
2024-01-02 09:35:00,55.85997840873343
2024-01-02 09:36:00,56.705653236377486
2024-01-02 09:37:00,55.51413143250835
2024-01-02 09:38:00,58.152088803103865
2024-01-02 09:39:00,56.25947047549195
2024-01-02 09:40:00,56.001286932469704
2024-01-02 09:41:00,54.367292064520015
2024-01-02 09:42:00,54.58774889918535
2024-01-02 09:43:00,55.45707917671817
2024-01-02 09:44:00,56.37114950472277
2024-01-02 09:45:00,54.68083297241722
2024-01-02 09:46:00,56.04333752143552
2024-01-02 09:47:00,53.91452195315435
2024-01-02 09:48:00,55.46297393833944
2024-01-02 09:49:00,55.02986440442442
2024-01-02 09:50:00,56.32806823559884
2024-01-02 09:51:00,54.97937951854653
2024-01-02 09:52:00,57.898560897131084
2024-01-02 09:53:00,55.856591083969
2024-01-02 09:54:00,55.32816854298445
2024-01-02 09:55:00,55.746820208720834
2024-01-02 09:56:00,55.82060810879224
2024-01-02 09:57:00,53.761100712793244
2024-01-02 09:58:00,54.923289320199075
2024-01-02 09:59:00,55.707834881690516
2024-01-02 10:00:00,55.667542577199875
2024-01-02 10:01:00,53.875255921769885
2024-01-02 10:02:00,55.357075749242824
2024-01-02 10:03:00,54.30274523299576
2024-01-02 10:04:00,54.22217589772887
2024-01-02 10:05:00,55.50166026315867
2024-01-02 10:06:00,54.4556759812676
2024-01-02 10:07:00,57.25287592891584
2024-01-02 10:08:00,56.1639282169234
2024-01-02 10:09:00,54.62978244616206
2024-01-02 10:10:00,53.79335524027666
2024-01-02 10:11:00,55.84559487063529
2024-01-02 10:12:00,54.82882541518069
2024-01-02 10:13:00,52.152592595510896
2024-01-02 10:14:00,54.48952949406663
2024-01-02 10:15:00,55.26834807625842
2024-01-02 10:16:00,54.5448490389415
2024-01-02 10:17:00,55.12603831479997
2024-01-02 10:18:00,53.999636719487825
2024-01-02 10:19:00,54.135738265520125
2024-01-02 10:20:00,54.489927184825945
2024-01-02 10:21:00,52.88046087880782
2024-01-02 10:22:00,53.592640876988476
2024-01-02 10:23:00,55.557160102825826
2024-01-02 10:24:00,54.451202701896506
2024-01-02 10:25:00,52.16195175205366
2024-01-02 10:26:00,53.249539428697005
2024-01-02 10:27:00,53.5679373358572
2024-01-02 10:28:00,53.33158555793572
2024-01-02 10:29:00,52.221513935562825
2024-01-02 10:30:00,53.17746716210455
2024-01-02 10:31:00,54.08803727656909
2024-01-02 10:32:00,71.42555611012847
2024-01-02 10:33:00,53.961884623094214
2024-01-02 10:34:00,53.65683195523826
2024-01-02 10:35:00,55.42651720208699
2024-01-02 10:36:00,53.039126434407336
2024-01-02 10:37:00,54.14980378249714
2024-01-02 10:38:00,53.39828726647511
2024-01-02 10:39:00,52.482664139291785
2024-01-02 10:40:00,53.35918523148292
2024-01-02 10:41:00,52.84683480857268
2024-01-02 10:42:00,53.68230609330469
2024-01-02 10:43:00,52.679967723613
2024-01-02 10:44:00,53.452317716069984
2024-01-02 10:45:00,52.82015341027794
2024-01-02 10:46:00,51.78370246963042
2024-01-02 10:47:00,54.56797905090548
2024-01-02 10:48:00,53.67591841858118
2024-01-02 10:49:00,53.79952214492597
2024-01-02 10:50:00,54.64940617737972
2024-01-02 10:51:00,51.66055061630002
2024-01-02 10:52:00,52.689604279983556
2024-01-02 10:53:00,53.27425736163952
2024-01-02 10:54:00,52.64831815431974
2024-01-02 10:55:00,52.798365470658155
2024-01-02 10:56:00,31.64098508501665
2024-01-02 10:57:00,52.619579457981764
2024-01-02 10:58:00,52.448342885408124
2024-01-02 10:59:00,51.15810361176787
2024-01-02 11:00:00,52.16850036136678
2024-01-02 11:01:00,52.0854895443718
2024-01-02 11:02:00,52.25948742464126
2024-01-02 11:03:00,51.98822292960545
2024-01-02 11:04:00,51.51857989478007
2024-01-02 11:05:00,53.55200711016827
2024-01-02 11:06:00,52.216142404752674
2024-01-02 11:07:00,52.28654737356536
2024-01-02 11:08:00,53.5065767082726
2024-01-02 11:09:00,52.14936469883798
2024-01-02 11:10:00,50.9705365793351
2024-01-02 11:11:00,52.687155518677514
2024-01-02 11:12:00,53.846091003911866
2024-01-02 11:13:00,52.11419678836105
2024-01-02 11:14:00,51.40118996922624
2024-01-02 11:15:00,53.558605470637744
2024-01-02 11:16:00,50.37095559883741
2024-01-02 11:17:00,51.05924365513122
2024-01-02 11:18:00,51.44402094070457
2024-01-02 11:19:00,54.00222182505611
2024-01-02 11:20:00,51.47841504445362
2024-01-02 11:21:00,53.338917556122965
2024-01-02 11:22:00,49.86841043044775
2024-01-02 11:23:00,53.26036433459124
2024-01-02 11:24:00,51.004181368528315
2024-01-02 11:25:00,51.29851019316181
2024-01-02 11:26:00,50.85311033553652
2024-01-02 11:27:00,51.14643462262247
2024-01-02 11:28:00,50.706662555920424
2024-01-02 11:29:00,50.956145432855685
2024-01-02 11:30:00,51.35526788063857
2024-01-02 11:31:00,51.96612886805656
2024-01-02 11:32:00,51.41702421204311
2024-01-02 11:33:00,69.22754548131739
2024-01-02 11:34:00,50.06375002428889
2024-01-02 11:35:00,50.507941050833985
2024-01-02 11:36:00,51.97694267616123
2024-01-02 11:37:00,51.0608631792661
2024-01-02 11:38:00,50.854148712932236
2024-01-02 11:39:00,50.176638439746924
2024-01-02 11:40:00,51.795602802018145
2024-01-02 11:41:00,51.80746696475361
2024-01-02 11:42:00,51.56788381846633
2024-01-02 11:43:00,51.44247449461954
2024-01-02 11:44:00,51.0907886882371
2024-01-02 11:45:00,50.56880656461742
2024-01-02 11:46:00,51.82447802681051
2024-01-02 11:47:00,50.30490813930118
2024-01-02 11:48:00,50.173248659604
2024-01-02 11:49:00,50.166319949443036
2024-01-02 11:50:00,49.444643043672905
2024-01-02 11:51:00,48.36677943106364
2024-01-02 11:52:00,50.93189908078218
2024-01-02 11:53:00,50.61622145328234
2024-01-02 11:54:00,50.95721449023344
2024-01-02 11:55:00,48.88879136598078
2024-01-02 11:56:00,49.6247445187019
2024-01-02 11:57:00,49.79711798716097
2024-01-02 11:58:00,49.19496089411544
2024-01-02 11:59:00,48.37883749931159
2024-01-02 12:00:00,49.48472606818945
2024-01-02 12:01:00,48.025501406456925
2024-01-02 12:02:00,77.73101322303766
2024-01-02 12:03:00,49.6170583202572
2024-01-02 12:04:00,49.49643997968866
2024-01-02 12:05:00,49.111955406908706
2024-01-02 12:06:00,49.57070489990979
2024-01-02 12:07:00,49.36730845522632
2024-01-02 12:08:00,49.22620532335704
2024-01-02 12:09:00,48.82675714481137
2024-01-02 12:10:00,47.48942043649321
2024-01-02 12:11:00,49.67607483211126
2024-01-02 12:12:00,49.48197079279304
2024-01-02 12:13:00,50.544327660594256
2024-01-02 12:14:00,48.03533356987556
2024-01-02 12:15:00,48.44377243438722
2024-01-02 12:16:00,49.25547150708417
2024-01-02 12:17:00,47.76954303757727
2024-01-02 12:18:00,49.87315359075563
2024-01-02 12:19:00,49.85343814948429
2024-01-02 12:20:00,49.672888476844996
2024-01-02 12:21:00,49.21137590868112
2024-01-02 12:22:00,48.61635922665201
2024-01-02 12:23:00,49.60821018452191
2024-01-02 12:24:00,48.915000277870895
2024-01-02 12:25:00,49.544599937192096
2024-01-02 12:26:00,48.723591720404606
2024-01-02 12:27:00,47.48029221230866
2024-01-02 12:28:00,48.66366432472263
2024-01-02 12:29:00,48.26185336514928
2024-01-02 12:30:00,48.47021146440385
2024-01-02 12:31:00,48.46785445889083
2024-01-02 12:32:00,48.00645866167672
2024-01-02 12:33:00,49.45970663653664
2024-01-02 12:34:00,50.58709244716684
2024-01-02 12:35:00,50.71361670494525
2024-01-02 12:36:00,46.470582780415086
2024-01-02 12:37:00,48.78436956051261
2024-01-02 12:38:00,49.84971942194347
2024-01-02 12:39:00,48.90829032778802
2024-01-02 12:40:00,48.96496252558039
2024-01-02 12:41:00,48.37997932066779
2024-01-02 12:42:00,47.19655947276283
2024-01-02 12:43:00,48.11138735907096
2024-01-02 12:44:00,48.460003516670774
2024-01-02 12:45:00,49.630071099355305
2024-01-02 12:46:00,48.13439109720751
2024-01-02 12:47:00,47.62440966211429
2024-01-02 12:48:00,48.93867791411734
2024-01-02 12:49:00,48.16659189559189
2024-01-02 12:50:00,47.65809389445464
2024-01-02 12:51:00,47.101595584458344
2024-01-02 12:52:00,46.35699649043838
2024-01-02 12:53:00,48.90351691560735
2024-01-02 12:54:00,47.51631159382781
2024-01-02 12:55:00,47.87284483998026
2024-01-02 12:56:00,47.21151515167248
2024-01-02 12:57:00,47.94845675532752
2024-01-02 12:58:00,45.97102413172124
2024-01-02 12:59:00,47.4632287946924
2024-01-02 13:00:00,47.0804672296885
2024-01-02 13:01:00,48.1734755688391
2024-01-02 13:02:00,48.11198666645061
2024-01-02 13:03:00,48.443799690666005
2024-01-02 13:04:00,45.42913000415881
2024-01-02 13:05:00,46.97609350161353
2024-01-02 13:06:00,46.44203701705119
2024-01-02 13:07:00,46.99106018187127
2024-01-02 13:08:00,47.519706059653515
2024-01-02 13:09:00,46.74207878258239
2024-01-02 13:10:00,46.32059525339812
2024-01-02 13:11:00,46.82603216717244
2024-01-02 13:12:00,46.44741228200864
2024-01-02 13:13:00,46.453567965932514
2024-01-02 13:14:00,49.67935981943951
2024-01-02 13:15:00,47.55667308944224
2024-01-02 13:16:00,46.8076273411501
2024-01-02 13:17:00,45.98114043343234
2024-01-02 13:18:00,46.135563241282235
2024-01-02 13:19:00,47.307055518641064
2024-01-02 13:20:00,47.60575787763119
2024-01-02 13:21:00,48.1394166296287
2024-01-02 13:22:00,47.172699600272146
2024-01-02 13:23:00,47.64626097112932
2024-01-02 13:24:00,43.8224861432613
2024-01-02 13:25:00,44.89847220751024
2024-01-02 13:26:00,21.067099000991437
2024-01-02 13:27:00,47.609339752386894
2024-01-02 13:28:00,46.22517185657066
2024-01-02 13:29:00,44.994795259526526
2024-01-02 13:30:00,45.48396853195994
2024-01-02 13:31:00,47.843865639594334
2024-01-02 13:32:00,46.2410929764545
2024-01-02 13:33:00,45.01834493922522
2024-01-02 13:34:00,45.093383523930214
2024-01-02 13:35:00,45.61228378815161
2024-01-02 13:36:00,46.790955603651064
2024-01-02 13:37:00,47.33744015332288
2024-01-02 13:38:00,45.080070779084416
2024-01-02 13:39:00,46.17529095386481
2024-01-02 13:40:00,45.479924995653846
2024-01-02 13:41:00,44.88475827871324
2024-01-02 13:42:00,45.24242431076481
2024-01-02 13:43:00,44.92447787724192
2024-01-02 13:44:00,45.55281642629594
2024-01-02 13:45:00,44.73411247132183
2024-01-02 13:46:00,45.67110269586337
2024-01-02 13:47:00,46.588838855921836
2024-01-02 13:48:00,45.298633338343656
2024-01-02 13:49:00,43.73881405159772
2024-01-02 13:50:00,46.18721620073066
2024-01-02 13:51:00,45.96932727052916
2024-01-02 13:52:00,45.00264222515567
2024-01-02 13:53:00,45.165711813398275
2024-01-02 13:54:00,19.174056007749385
2024-01-02 13:55:00,46.15154062107447
2024-01-02 13:56:00,46.21204170460307
2024-01-02 13:57:00,45.334573086354055
2024-01-02 13:58:00,47.259106906846654
2024-01-02 13:59:00,44.9437553625958
2024-01-02 14:00:00,43.413263448845186
2024-01-02 14:01:00,45.682688025428455
2024-01-02 14:02:00,45.063662499072656
2024-01-02 14:03:00,45.28460151969779
2024-01-02 14:04:00,44.805160256229605
2024-01-02 14:05:00,43.74883261346844
2024-01-02 14:06:00,45.65935980645696
2024-01-02 14:07:00,44.69568209199967
2024-01-02 14:08:00,45.37478003532065
2024-01-02 14:09:00,47.124486201266116
2024-01-02 14:10:00,44.11754082791904
2024-01-02 14:11:00,45.10370628386547
2024-01-02 14:12:00,43.274819895908244
2024-01-02 14:13:00,45.44434038588296
2024-01-02 14:14:00,13.581705453610681
2024-01-02 14:15:00,41.63933750477457
2024-01-02 14:16:00,45.47442739696158
2024-01-02 14:17:00,46.67971096866433
2024-01-02 14:18:00,44.47626928987956
2024-01-02 14:19:00,44.658131609024615
2024-01-02 14:20:00,45.37128836107665
2024-01-02 14:21:00,45.01864779690369
2024-01-02 14:22:00,45.14911723601211
2024-01-02 14:23:00,42.96581826367831
2024-01-02 14:24:00,45.02444786618006
2024-01-02 14:25:00,44.23498404917109
2024-01-02 14:26:00,43.98453659476815
2024-01-02 14:27:00,47.101166734675914
2024-01-02 14:28:00,43.960803377691796
2024-01-02 14:29:00,44.081132015849775
2024-01-02 14:30:00,42.74796986919336
2024-01-02 14:31:00,21.01231867651762
2024-01-02 14:32:00,43.32925238136871
2024-01-02 14:33:00,44.33426852198968
2024-01-02 14:34:00,43.0174623309926
2024-01-02 14:35:00,44.19538272628311
2024-01-02 14:36:00,43.91450454528505
2024-01-02 14:37:00,45.66522250943185
2024-01-02 14:38:00,43.981691095614906
2024-01-02 14:39:00,42.4836927734515
2024-01-02 14:40:00,42.98043628410581
2024-01-02 14:41:00,45.23571191243939
2024-01-02 14:42:00,41.19448149406329
2024-01-02 14:43:00,44.3682907800307
2024-01-02 14:44:00,43.756152442221264
2024-01-02 14:45:00,42.505461246515665
2024-01-02 14:46:00,41.90008299841468
2024-01-02 14:47:00,43.974381606643945
2024-01-02 14:48:00,43.5567274120494
2024-01-02 14:49:00,44.8041019782811
2024-01-02 14:50:00,45.179098016956566
2024-01-02 14:51:00,42.70971052168621
2024-01-02 14:52:00,43.7109450107862
2024-01-02 14:53:00,43.9059092452589
2024-01-02 14:54:00,42.28702606279798
2024-01-02 14:55:00,43.809014276469355
2024-01-02 14:56:00,43.15295510219514
2024-01-02 14:57:00,43.37302217388379
2024-01-02 14:58:00,42.66254254105527
2024-01-02 14:59:00,43.12002419119952
2024-01-02 15:00:00,42.07873730824612
2024-01-02 15:01:00,41.699284567500236
2024-01-02 15:02:00,64.52751822703395
2024-01-02 15:03:00,43.02241341065701
2024-01-02 15:04:00,42.61588126098382
2024-01-02 15:05:00,42.810748495034204
2024-01-02 15:06:00,43.91235992251917
2024-01-02 15:07:00,43.24604747313358
2024-01-02 15:08:00,44.00972296160146
2024-01-02 15:09:00,41.55159586359811
2024-01-02 15:10:00,42.73065195090161
2024-01-02 15:11:00,42.51275898757587
2024-01-02 15:12:00,42.86134826094586
2024-01-02 15:13:00,26.93690202108099
2024-01-02 15:14:00,44.46641705803738
2024-01-02 15:15:00,41.92014990811348
2024-01-02 15:16:00,42.26496047376383
2024-01-02 15:17:00,40.89616560945067
2024-01-02 15:18:00,40.80553798170377
2024-01-02 15:19:00,43.35166957423982
2024-01-02 15:20:00,42.51101798440615
2024-01-02 15:21:00,42.59692334780342
2024-01-02 15:22:00,41.07042060129098
2024-01-02 15:23:00,43.742300267668405
2024-01-02 15:24:00,43.26299155840086
2024-01-02 15:25:00,42.891452718382574
2024-01-02 15:26:00,43.69846697046679
2024-01-02 15:27:00,40.59349785836247
2024-01-02 15:28:00,41.63358215454074
2024-01-02 15:29:00,42.67581447258152
2024-01-02 15:30:00,43.103909286725994
2024-01-02 15:31:00,41.143146367871246
2024-01-02 15:32:00,43.17262149438549
2024-01-02 15:33:00,40.960143208234584
2024-01-02 15:34:00,40.862026656826295
2024-01-02 15:35:00,41.257482896637235
2024-01-02 15:36:00,41.15318493345511
2024-01-02 15:37:00,41.86786475917766
2024-01-02 15:38:00,41.052085975172005
2024-01-02 15:39:00,42.904776717978486
2024-01-02 15:40:00,42.09185290445931
2024-01-02 15:41:00,42.620090180523036
2024-01-02 15:42:00,40.84184405894072
2024-01-02 15:43:00,42.87470465114768
2024-01-02 15:44:00,42.131213353347455
2024-01-02 15:45:00,40.54625506844051
2024-01-02 15:46:00,40.617654629257906
2024-01-02 15:47:00,40.64757359568593
2024-01-02 15:48:00,41.83933994509233
2024-01-02 15:49:00,41.167855884767505
2024-01-02 15:50:00,42.61439072973424
2024-01-02 15:51:00,40.28447035433487
2024-01-02 15:52:00,39.93098391298372
2024-01-02 15:53:00,39.50458524973137
2024-01-02 15:54:00,43.224871832718755
2024-01-02 15:55:00,42.08117585839934
2024-01-02 15:56:00,40.97120497722021
2024-01-02 15:57:00,41.48993599170353
2024-01-02 15:58:00,42.84861022872881
2024-01-02 15:59:00,39.57759915571387
2024-01-02 16:00:00,41.64728105248865
2024-01-02 16:01:00,40.34768611578181
2024-01-02 16:02:00,42.801688726030854
2024-01-02 16:03:00,39.175647304441355
2024-01-02 16:04:00,40.52126369494124
2024-01-02 16:05:00,42.67580111814288
2024-01-02 16:06:00,41.46569628490312
2024-01-02 16:07:00,42.76512858721967
2024-01-02 16:08:00,42.30380456749602
2024-01-02 16:09:00,42.711818839053485
2024-01-02 16:10:00,39.63477572145608
2024-01-02 16:11:00,41.89844697503447
2024-01-02 16:12:00,42.426277082628864
2024-01-02 16:13:00,40.13932203868772
2024-01-02 16:14:00,41.30403317484857
2024-01-02 16:15:00,39.923369960078446
2024-01-02 16:16:00,41.09394827192589
2024-01-02 16:17:00,41.78484706587622
2024-01-02 16:18:00,41.01936885339351
2024-01-02 16:19:00,40.672554860419645
2024-01-02 16:20:00,41.196950694929946
2024-01-02 16:21:00,40.51933759242076
2024-01-02 16:22:00,41.899621884877035
2024-01-02 16:23:00,41.180113637319614
2024-01-02 16:24:00,40.63597296368702
2024-01-02 16:25:00,41.83424143440356
2024-01-02 16:26:00,41.636882693479826
2024-01-02 16:27:00,39.35652871385924
2024-01-02 16:28:00,38.13548625149751
2024-01-02 16:29:00,39.90040744899754
2024-01-02 16:30:00,40.20103130058278
2024-01-02 16:31:00,38.91667833007922
2024-01-02 16:32:00,40.508226174452815
2024-01-02 16:33:00,41.52850559295322
2024-01-02 16:34:00,42.291336470705474
2024-01-02 16:35:00,41.80924874887984
2024-01-02 16:36:00,41.89292791013551
2024-01-02 16:37:00,39.618514808931685
2024-01-02 16:38:00,41.88616351816518
2024-01-02 16:39:00,39.231973142427755
2024-01-02 16:40:00,40.774620574804175
2024-01-02 16:41:00,41.358039146798035
2024-01-02 16:42:00,40.41308236093754
2024-01-02 16:43:00,39.77472265874612
2024-01-02 16:44:00,41.44030169960294
2024-01-02 16:45:00,41.62790003885126
2024-01-02 16:46:00,41.73473417584769
2024-01-02 16:47:00,41.00436238586709
2024-01-02 16:48:00,41.44324555998949
2024-01-02 16:49:00,41.2419946777592
2024-01-02 16:50:00,41.37623047248319
2024-01-02 16:51:00,38.77642129075469
2024-01-02 16:52:00,40.4788084828234
2024-01-02 16:53:00,40.74654053241817
2024-01-02 16:54:00,39.904719371668484
2024-01-02 16:55:00,41.68710523591652
2024-01-02 16:56:00,38.68473855424243
2024-01-02 16:57:00,40.54368530564644
2024-01-02 16:58:00,40.10039521790069
2024-01-02 16:59:00,40.081398479692055
2024-01-02 17:00:00,42.78666391107272
2024-01-02 17:01:00,41.037107682170706
2024-01-02 17:02:00,41.04986848387947
2024-01-02 17:03:00,39.463004813598324
2024-01-02 17:04:00,40.3504286717882
2024-01-02 17:05:00,41.27737122814602
2024-01-02 17:06:00,40.41503846993875
2024-01-02 17:07:00,40.81812477472099
2024-01-02 17:08:00,41.759435863204196
2024-01-02 17:09:00,39.90294432103841
2024-01-02 17:10:00,40.497729098693284
2024-01-02 17:11:00,41.10122860171376
2024-01-02 17:12:00,40.00497287884938
2024-01-02 17:13:00,40.59852988149948
2024-01-02 17:14:00,39.22364713388211
2024-01-02 17:15:00,40.53077743456503
2024-01-02 17:16:00,38.833016912557426
2024-01-02 17:17:00,41.04737793638828
2024-01-02 17:18:00,40.09153899894853
2024-01-02 17:19:00,40.33303563539419
2024-01-02 17:20:00,38.6337019855365
2024-01-02 17:21:00,40.158779455072086
2024-01-02 17:22:00,38.71218104071446
2024-01-02 17:23:00,40.88655769663539
2024-01-02 17:24:00,40.442387035736466
2024-01-02 17:25:00,40.03564003795368
2024-01-02 17:26:00,40.936026472493324
2024-01-02 17:27:00,40.54010843796645
2024-01-02 17:28:00,40.245048531642766
2024-01-02 17:29:00,40.08340521783762
2024-01-02 17:30:00,40.18718716233979
2024-01-02 17:31:00,39.795554796690055
2024-01-02 17:32:00,41.39127597146129
2024-01-02 17:33:00,40.82867949442797
2024-01-02 17:34:00,37.563045681267376
2024-01-02 17:35:00,39.29998415263355
2024-01-02 17:36:00,39.91565231538526
2024-01-02 17:37:00,39.83680195895315
2024-01-02 17:38:00,40.79241489507015
2024-01-02 17:39:00,39.75498879321108
2024-01-02 17:40:00,38.700201316077425
2024-01-02 17:41:00,40.970927066558076
2024-01-02 17:42:00,40.3971029873349
2024-01-02 17:43:00,39.97374638055455
2024-01-02 17:44:00,40.48318948619921
2024-01-02 17:45:00,40.177334922950585
2024-01-02 17:46:00,41.25538757261638
2024-01-02 17:47:00,41.15873715817581
2024-01-02 17:48:00,37.2205536268282
2024-01-02 17:49:00,17.69088516959387
2024-01-02 17:50:00,40.99571778470289
2024-01-02 17:51:00,39.678174911252974
2024-01-02 17:52:00,40.03953334753007
2024-01-02 17:53:00,37.858437736708666
2024-01-02 17:54:00,39.01437119608947
2024-01-02 17:55:00,39.43408377449812
2024-01-02 17:56:00,39.413179909969976
2024-01-02 17:57:00,41.13052418356925
2024-01-02 17:58:00,41.79853061654106
2024-01-02 17:59:00,39.563559662365016
2024-01-02 18:00:00,38.578602892526014
2024-01-02 18:01:00,39.49381471982005
2024-01-02 18:02:00,39.64979413802448
2024-01-02 18:03:00,39.51800785833646
2024-01-02 18:04:00,40.21191314796662
2024-01-02 18:05:00,39.62017378979765
2024-01-02 18:06:00,39.32778364868592
2024-01-02 18:07:00,38.95302160789848
2024-01-02 18:08:00,39.43997268796022
2024-01-02 18:09:00,40.26557172063524
2024-01-02 18:10:00,38.84527448608624
2024-01-02 18:11:00,41.39509676280326
2024-01-02 18:12:00,40.225319763318716
2024-01-02 18:13:00,39.470706950267186
2024-01-02 18:14:00,39.69794483573039
2024-01-02 18:15:00,38.45383573101237
2024-01-02 18:16:00,40.04785989737501
2024-01-02 18:17:00,41.74741660884345
2024-01-02 18:18:00,40.3965245587675
2024-01-02 18:19:00,38.43374145040791
2024-01-02 18:20:00,39.79045672270362
2024-01-02 18:21:00,41.080363815135414
2024-01-02 18:22:00,40.33399608208914
2024-01-02 18:23:00,39.08750999949258
2024-01-02 18:24:00,39.33153121146379
2024-01-02 18:25:00,37.64534714403978
2024-01-02 18:26:00,39.633855423216204
2024-01-02 18:27:00,39.43861882443688
2024-01-02 18:28:00,38.213828789338564
2024-01-02 18:29:00,39.560957457565124
2024-01-02 18:30:00,40.676363894741144
2024-01-02 18:31:00,40.6197018959442
2024-01-02 18:32:00,41.49610512433545
2024-01-02 18:33:00,40.84039405732384
2024-01-02 18:34:00,40.24738344441478
2024-01-02 18:35:00,39.79716822999496
2024-01-02 18:36:00,39.7445060698205
2024-01-02 18:37:00,40.03121521065988
2024-01-02 18:38:00,41.03697519057435
2024-01-02 18:39:00,39.77634772716375
2024-01-02 18:40:00,40.247769082496426
2024-01-02 18:41:00,39.24953831543633
2024-01-02 18:42:00,41.23300701836492
2024-01-02 18:43:00,41.41235126252086
2024-01-02 18:44:00,40.82358031449369
2024-01-02 18:45:00,40.15848719322763
2024-01-02 18:46:00,40.381818921175096
2024-01-02 18:47:00,41.488831196040856
2024-01-02 18:48:00,41.82385617700022
2024-01-02 18:49:00,39.44811836053137
2024-01-02 18:50:00,38.319234358182186
2024-01-02 18:51:00,40.488754213558266
2024-01-02 18:52:00,40.40081090522807
2024-01-02 18:53:00,41.41624377351759
2024-01-02 18:54:00,41.4101165802326
2024-01-02 18:55:00,40.92122799516861
2024-01-02 18:56:00,40.16720411309191
2024-01-02 18:57:00,39.69077301410668
2024-01-02 18:58:00,40.42925446174216
2024-01-02 18:59:00,39.22944969005681
2024-01-02 19:00:00,40.13673382257234
2024-01-02 19:01:00,40.528885719265176
2024-01-02 19:02:00,40.06186704157415
2024-01-02 19:03:00,40.65062657410843
2024-01-02 19:04:00,40.17991329002786
2024-01-02 19:05:00,40.139159865951285
2024-01-02 19:06:00,40.789510883659865
2024-01-02 19:07:00,39.82509891272376
2024-01-02 19:08:00,41.136757357537675
2024-01-02 19:09:00,41.124038372689135
2024-01-02 19:10:00,41.394482373116865
2024-01-02 19:11:00,41.94867892816156
2024-01-02 19:12:00,39.67397312486976
2024-01-02 19:13:00,40.47096272153026
2024-01-02 19:14:00,40.80422359059978
2024-01-02 19:15:00,41.54045163456209
2024-01-02 19:16:00,42.818173170560186
2024-01-02 19:17:00,41.963641149826046
2024-01-02 19:18:00,40.70605225620684
2024-01-02 19:19:00,40.13551252249245
2024-01-02 19:20:00,41.73967668102969
2024-01-02 19:21:00,40.097397331141
2024-01-02 19:22:00,40.08600554812445
2024-01-02 19:23:00,40.96156042628325
2024-01-02 19:24:00,40.82534267325031
2024-01-02 19:25:00,41.19454000574394
2024-01-02 19:26:00,41.128513045513124
2024-01-02 19:27:00,40.65176954688703
2024-01-02 19:28:00,41.797952691740704
2024-01-02 19:29:00,40.93722734486254
2024-01-02 19:30:00,41.73499529761697
2024-01-02 19:31:00,40.70231542056454
2024-01-02 19:32:00,40.079478430250326
2024-01-02 19:33:00,40.38888877091395
2024-01-02 19:34:00,39.11580887340135
2024-01-02 19:35:00,44.252805776973446
2024-01-02 19:36:00,41.821116649737206
2024-01-02 19:37:00,40.13112056301815
2024-01-02 19:38:00,42.17493722472512
2024-01-02 19:39:00,42.20595804335802
2024-01-02 19:40:00,43.142232084282455
2024-01-02 19:41:00,40.924639566821696
2024-01-02 19:42:00,40.185077514549796
2024-01-02 19:43:00,39.96323457945342
2024-01-02 19:44:00,40.55780494099004
2024-01-02 19:45:00,39.67938411255679
2024-01-02 19:46:00,40.45227019486919
2024-01-02 19:47:00,40.31582701580746
2024-01-02 19:48:00,40.76959670774283
2024-01-02 19:49:00,40.11740447433144
2024-01-02 19:50:00,42.167782723239796
2024-01-02 19:51:00,41.38804623620584
2024-01-02 19:52:00,40.189769774366624
2024-01-02 19:53:00,40.22349903298509
2024-01-02 19:54:00,40.28279665121211
2024-01-02 19:55:00,39.413477161148506
2024-01-02 19:56:00,42.747793563829696
2024-01-02 19:57:00,41.92891857123048
2024-01-02 19:58:00,39.82424910318796
2024-01-02 19:59:00,41.51927723711421
2024-01-02 20:00:00,41.26148348313226
2024-01-02 20:01:00,40.73030928703939
2024-01-02 20:02:00,43.787820629321736
2024-01-02 20:03:00,42.76930495989208
2024-01-02 20:04:00,39.460038391223996
2024-01-02 20:05:00,40.468808794081774
2024-01-02 20:06:00,43.52494389070055
2024-01-02 20:07:00,42.90157071408884
2024-01-02 20:08:00,41.22836416913292
2024-01-02 20:09:00,41.55819230457081
2024-01-02 20:10:00,42.35679279719028
2024-01-02 20:11:00,41.90753505196583
2024-01-02 20:12:00,41.71766282522466
2024-01-02 20:13:00,42.72501616227758
2024-01-02 20:14:00,43.854832552737975
2024-01-02 20:15:00,40.4893482041704
2024-01-02 20:16:00,41.44238474392467
2024-01-02 20:17:00,41.771211430196665
2024-01-02 20:18:00,41.07300835026018
2024-01-02 20:19:00,42.055492493111466
2024-01-02 20:20:00,42.657814306803175
2024-01-02 20:21:00,42.92995173842549
2024-01-02 20:22:00,42.058394692466514
2024-01-02 20:23:00,41.75796963366785
2024-01-02 20:24:00,41.049349637918745
2024-01-02 20:25:00,41.49164921043044
2024-01-02 20:26:00,41.505627014180405
2024-01-02 20:27:00,42.3166361067252
2024-01-02 20:28:00,42.718553818018194
2024-01-02 20:29:00,62.64467979516584
2024-01-02 20:30:00,41.56252006214123
2024-01-02 20:31:00,42.33175511569787
2024-01-02 20:32:00,41.55710391846851
2024-01-02 20:33:00,24.007075936714642
2024-01-02 20:34:00,45.28629478797931
2024-01-02 20:35:00,42.54308922541433
2024-01-02 20:36:00,42.89907850698932
2024-01-02 20:37:00,41.7311514380298
2024-01-02 20:38:00,43.25824172002742
2024-01-02 20:39:00,40.88970380419723
2024-01-02 20:40:00,42.35409681720393
2024-01-02 20:41:00,41.512925424911884
2024-01-02 20:42:00,44.843572606032794
2024-01-02 20:43:00,44.02889458593811
2024-01-02 20:44:00,43.03004206128786
2024-01-02 20:45:00,42.718884285219765
2024-01-02 20:46:00,43.87417845168904
2024-01-02 20:47:00,43.75734956741012
2024-01-02 20:48:00,43.36425206296205
2024-01-02 20:49:00,43.72040629122852
2024-01-02 20:50:00,43.27804959430894
2024-01-02 20:51:00,45.1746462563248
2024-01-02 20:52:00,42.77615702405944
2024-01-02 20:53:00,40.39024284712871
2024-01-02 20:54:00,41.85517246633812
2024-01-02 20:55:00,42.111589393421205
2024-01-02 20:56:00,41.73317315830086
2024-01-02 20:57:00,44.09817348792312
2024-01-02 20:58:00,62.562129223325
2024-01-02 20:59:00,41.825636250650305
2024-01-02 21:00:00,43.69690548935012
2024-01-02 21:01:00,43.016934127265515
2024-01-02 21:02:00,43.11502235480545
2024-01-02 21:03:00,43.93952392829398
2024-01-02 21:04:00,60.93872121584609
2024-01-02 21:05:00,42.83817092079082
2024-01-02 21:06:00,44.662080500999515
2024-01-02 21:07:00,42.22909286164702
2024-01-02 21:08:00,44.06722924582087
2024-01-02 21:09:00,42.467352960520934
2024-01-02 21:10:00,44.495399259114805
2024-01-02 21:11:00,42.545128062630376
2024-01-02 21:12:00,43.11686550263605
2024-01-02 21:13:00,44.47915171464529
2024-01-02 21:14:00,41.78064342269988
2024-01-02 21:15:00,43.323639277042275
2024-01-02 21:16:00,43.61422984790292
2024-01-02 21:17:00,42.94251747482665
2024-01-02 21:18:00,41.76246166571405
2024-01-02 21:19:00,43.63436736469209
2024-01-02 21:20:00,42.89833701196445
2024-01-02 21:21:00,42.43018143116859
2024-01-02 21:22:00,44.239922381053596
2024-01-02 21:23:00,44.23870917789358
2024-01-02 21:24:00,42.78960567743112
2024-01-02 21:25:00,43.176530718596275
2024-01-02 21:26:00,42.969986594608514
2024-01-02 21:27:00,42.862412666528776
2024-01-02 21:28:00,45.038018037548625
2024-01-02 21:29:00,43.66604180657449
2024-01-02 21:30:00,44.64723974487503
2024-01-02 21:31:00,44.13434950598644
2024-01-02 21:32:00,45.73519151965171
2024-01-02 21:33:00,43.34513988970451
2024-01-02 21:34:00,42.66659388277914
2024-01-02 21:35:00,44.4769203555532
2024-01-02 21:36:00,44.54195612414588
2024-01-02 21:37:00,44.78466360596904
2024-01-02 21:38:00,43.5166962449457
2024-01-02 21:39:00,45.2134355686813
2024-01-02 21:40:00,45.815918885752026
2024-01-02 21:41:00,43.54097481324638
2024-01-02 21:42:00,42.166894436714095
2024-01-02 21:43:00,44.6879262136723
2024-01-02 21:44:00,45.1016179019172
2024-01-02 21:45:00,42.42568009498221
2024-01-02 21:46:00,44.95052612086659
2024-01-02 21:47:00,45.444295467078504
2024-01-02 21:48:00,43.157157648188424
2024-01-02 21:49:00,44.82185060909839
2024-01-02 21:50:00,45.183974906515864
2024-01-02 21:51:00,43.48802249209972
2024-01-02 21:52:00,46.12257507850685
2024-01-02 21:53:00,45.61358682267121
2024-01-02 21:54:00,44.59557288299982
2024-01-02 21:55:00,45.28624666056973
2024-01-02 21:56:00,43.9830898623401
2024-01-02 21:57:00,43.61640189146752
2024-01-02 21:58:00,44.942923905427605
2024-01-02 21:59:00,47.31907339975608
2024-01-02 22:00:00,45.66572891702666
2024-01-02 22:01:00,42.90797575200059
2024-01-02 22:02:00,45.17925711917941
2024-01-02 22:03:00,46.007876225717844
2024-01-02 22:04:00,45.935865803131364
2024-01-02 22:05:00,45.202662822404946
2024-01-02 22:06:00,45.53977290042092
2024-01-02 22:07:00,44.18524118485299
2024-01-02 22:08:00,44.88550137301833
2024-01-02 22:09:00,46.58143283248181
2024-01-02 22:10:00,45.99821363143272
2024-01-02 22:11:00,47.123270121932926
2024-01-02 22:12:00,46.14414567237099
2024-01-02 22:13:00,45.78450431551853
2024-01-02 22:14:00,43.640245992175295
2024-01-02 22:15:00,46.92204477603453
2024-01-02 22:16:00,46.766255891399325
2024-01-02 22:17:00,44.440473555372805
2024-01-02 22:18:00,45.141484491411546
2024-01-02 22:19:00,44.50414591810471
2024-01-02 22:20:00,45.2905311538081
2024-01-02 22:21:00,46.73113484918378
2024-01-02 22:22:00,45.93598676804996
2024-01-02 22:23:00,46.12998580165578
2024-01-02 22:24:00,44.05692074832963
2024-01-02 22:25:00,48.09722098557226
2024-01-02 22:26:00,47.80334292502382
2024-01-02 22:27:00,47.461958977545045
2024-01-02 22:28:00,47.398482117825125
2024-01-02 22:29:00,45.560109552210484
2024-01-02 22:30:00,46.71047376990603
2024-01-02 22:31:00,46.64859839494281
2024-01-02 22:32:00,47.02619950965579
2024-01-02 22:33:00,46.63347413862521
2024-01-02 22:34:00,46.18505623770238
2024-01-02 22:35:00,47.846792057774955
2024-01-02 22:36:00,45.717110555441174
2024-01-02 22:37:00,46.58788118582817
2024-01-02 22:38:00,64.64263404172902
2024-01-02 22:39:00,47.343585944612414
2024-01-02 22:40:00,46.20957538902608
2024-01-02 22:41:00,45.76193324674101
2024-01-02 22:42:00,45.92918199160925
2024-01-02 22:43:00,48.7494937324038
2024-01-02 22:44:00,47.05912890307737
2024-01-02 22:45:00,47.84323985090527
2024-01-02 22:46:00,47.362082283921445
2024-01-02 22:47:00,47.90438929365174
2024-01-02 22:48:00,47.6365313113823
2024-01-02 22:49:00,46.128809388123955
2024-01-02 22:50:00,45.55833230633476
2024-01-02 22:51:00,45.94945006102191
2024-01-02 22:52:00,47.39629042784609
2024-01-02 22:53:00,46.796889014286144
2024-01-02 22:54:00,46.10766129089533
2024-01-02 22:55:00,48.18585560683061
2024-01-02 22:56:00,47.60232736355698
2024-01-02 22:57:00,48.27120078901549
2024-01-02 22:58:00,47.90136034363389
2024-01-02 22:59:00,45.8149183710627
2024-01-02 23:00:00,47.70955166233113
2024-01-02 23:01:00,48.30119246747907
2024-01-02 23:02:00,48.25234276338636
2024-01-02 23:03:00,48.129918110099005
2024-01-02 23:04:00,47.54546069933766
2024-01-02 23:05:00,48.5534225919741
2024-01-02 23:06:00,47.61328586523037
2024-01-02 23:07:00,46.86894008888605
2024-01-02 23:08:00,48.85412907407765
2024-01-02 23:09:00,49.352870637660004
2024-01-02 23:10:00,46.72097087271264
2024-01-02 23:11:00,46.73325560748265
2024-01-02 23:12:00,46.98747461434149
2024-01-02 23:13:00,50.22042124482618
2024-01-02 23:14:00,49.26244704253793
2024-01-02 23:15:00,48.97149946435152
2024-01-02 23:16:00,47.21186842776006
2024-01-02 23:17:00,48.76550204561039
2024-01-02 23:18:00,48.25959477097364
2024-01-02 23:19:00,49.00151140955497
2024-01-02 23:20:00,48.84966779903391
2024-01-02 23:21:00,47.05579555943834
2024-01-02 23:22:00,48.72278804084904
2024-01-02 23:23:00,47.506850955069524
2024-01-02 23:24:00,48.103061844774196
2024-01-02 23:25:00,48.152226658479584
2024-01-02 23:26:00,48.7968510736001
2024-01-02 23:27:00,49.342038860573275
2024-01-02 23:28:00,47.29391817630422
2024-01-02 23:29:00,47.794406553599664
2024-01-02 23:30:00,48.08326224498632
2024-01-02 23:31:00,48.44678223611251
2024-01-02 23:32:00,47.96925707410927
2024-01-02 23:33:00,48.37517347336286
2024-01-02 23:34:00,49.97571342835994
2024-01-02 23:35:00,49.00002228550255
2024-01-02 23:36:00,49.16997616091959
2024-01-02 23:37:00,50.22683886399916
2024-01-02 23:38:00,47.95249863839259
2024-01-02 23:39:00,48.93788413551157
2024-01-02 23:40:00,64.31162317598401
2024-01-02 23:41:00,48.188245654412526
2024-01-02 23:42:00,48.86178807255632
2024-01-02 23:43:00,47.408064990396745
2024-01-02 23:44:00,48.87548509337371
2024-01-02 23:45:00,50.34050541055896
2024-01-02 23:46:00,48.98433148968924
2024-01-02 23:47:00,51.23003232038046
2024-01-02 23:48:00,49.94757819242389
2024-01-02 23:49:00,50.99436736210951
2024-01-02 23:50:00,51.44812356211069
2024-01-02 23:51:00,50.395172407932485
2024-01-02 23:52:00,49.19025255851004
2024-01-02 23:53:00,47.62099440609124
2024-01-02 23:54:00,50.31494103374534
2024-01-02 23:55:00,52.32144706319291
2024-01-02 23:56:00,50.33697985968559
2024-01-02 23:57:00,49.81070941039691
2024-01-02 23:58:00,49.653132990602295
2024-01-02 23:59:00,50.190857049861705
2024-01-03 00:00:00,50.59115032757193
2024-01-03 00:01:00,50.645042162489176
2024-01-03 00:02:00,50.38718482511921
2024-01-03 00:03:00,48.86387734091936
2024-01-03 00:04:00,49.44647701724227
2024-01-03 00:05:00,49.84569651552708
2024-01-03 00:06:00,33.75948777473957
2024-01-03 00:07:00,50.60724406508399
2024-01-03 00:08:00,49.809118096994915
2024-01-03 00:09:00,49.154341568577955
2024-01-03 00:10:00,51.038711608736044
2024-01-03 00:11:00,49.561709883812995
2024-01-03 00:12:00,52.712372707597154
2024-01-03 00:13:00,49.9528569415442
2024-01-03 00:14:00,51.09211114802365
2024-01-03 00:15:00,50.75117035520074
2024-01-03 00:16:00,53.06977630362031
2024-01-03 00:17:00,50.18128780647518
2024-01-03 00:18:00,51.850222060008406
2024-01-03 00:19:00,49.24268585716743
2024-01-03 00:20:00,50.205834866143135
2024-01-03 00:21:00,50.89653443723563
2024-01-03 00:22:00,50.68480219864166
2024-01-03 00:23:00,50.31688813505902
2024-01-03 00:24:00,51.52508952055478
2024-01-03 00:25:00,50.41652748661147
2024-01-03 00:26:00,50.644915645199006
2024-01-03 00:27:00,48.33275051804379
2024-01-03 00:28:00,50.06354650498309
2024-01-03 00:29:00,50.40610515613076
2024-01-03 00:30:00,49.9103314506137
2024-01-03 00:31:00,51.953537566968684
2024-01-03 00:32:00,51.61862666406197
2024-01-03 00:33:00,51.682483159431634
2024-01-03 00:34:00,50.07655630036122
2024-01-03 00:35:00,51.859341379725926
2024-01-03 00:36:00,51.906310061555914
2024-01-03 00:37:00,52.39869736730514
2024-01-03 00:38:00,51.6312741963691
2024-01-03 00:39:00,53.52244471332425
2024-01-03 00:40:00,52.61859062086025
2024-01-03 00:41:00,51.93404747893848
2024-01-03 00:42:00,51.34821726062135
2024-01-03 00:43:00,53.88697731180203
2024-01-03 00:44:00,52.215877044246035
2024-01-03 00:45:00,52.422701624145006
2024-01-03 00:46:00,52.61378852538713
2024-01-03 00:47:00,52.87918431431098
2024-01-03 00:48:00,52.87853935091509
2024-01-03 00:49:00,53.96202977820588
2024-01-03 00:50:00,52.45982019853036
2024-01-03 00:51:00,51.9850977899626
2024-01-03 00:52:00,53.12533530647865
2024-01-03 00:53:00,52.60396579560741
2024-01-03 00:54:00,53.19294270857123
2024-01-03 00:55:00,52.56189428146214
2024-01-03 00:56:00,52.462034791649096
2024-01-03 00:57:00,52.314264705211244
2024-01-03 00:58:00,76.0218933645536
2024-01-03 00:59:00,52.610896491688145
2024-01-03 01:00:00,50.11695865168957
2024-01-03 01:01:00,53.38900445436345
2024-01-03 01:02:00,52.160288343057346
2024-01-03 01:03:00,52.180023093917605
2024-01-03 01:04:00,52.82849998382633
2024-01-03 01:05:00,51.75769580366219
2024-01-03 01:06:00,53.066558151746264
2024-01-03 01:07:00,53.80383093953753
2024-01-03 01:08:00,52.30545705384426
2024-01-03 01:09:00,52.802478595907345
2024-01-03 01:10:00,53.11014760907602
2024-01-03 01:11:00,54.56493366747044
2024-01-03 01:12:00,52.58920313329985
2024-01-03 01:13:00,54.90661177180641
2024-01-03 01:14:00,53.59421225208361
2024-01-03 01:15:00,54.0022916733141
2024-01-03 01:16:00,52.77246965243716
2024-01-03 01:17:00,52.30614358166803
2024-01-03 01:18:00,52.078537896671804
2024-01-03 01:19:00,39.37355988960824
2024-01-03 01:20:00,54.156462729360804
2024-01-03 01:21:00,52.284914037303054
2024-01-03 01:22:00,53.11512314351816
2024-01-03 01:23:00,54.33648520753776
2024-01-03 01:24:00,53.180802400667595
2024-01-03 01:25:00,52.68686992515996
2024-01-03 01:26:00,54.44112160049582
2024-01-03 01:27:00,55.25134109784006
2024-01-03 01:28:00,53.65954158349487
2024-01-03 01:29:00,51.87759532298983
2024-01-03 01:30:00,53.91861106923045
2024-01-03 01:31:00,54.109696981013016
2024-01-03 01:32:00,53.66915363608331
2024-01-03 01:33:00,34.079188318684054
2024-01-03 01:34:00,53.61371058484402
2024-01-03 01:35:00,55.26555259060627
2024-01-03 01:36:00,55.021923861460614
2024-01-03 01:37:00,52.5823411486817
2024-01-03 01:38:00,51.92321679808086
2024-01-03 01:39:00,74.914338968656
2024-01-03 01:40:00,55.687700188674754
2024-01-03 01:41:00,55.37204008864693
2024-01-03 01:42:00,53.09665145590194
2024-01-03 01:43:00,53.92629850161669
2024-01-03 01:44:00,55.48340705235328
2024-01-03 01:45:00,54.286209660153155
2024-01-03 01:46:00,52.047758278297415
2024-01-03 01:47:00,53.36040864659448
2024-01-03 01:48:00,54.01859615424906
2024-01-03 01:49:00,55.17007393032837
2024-01-03 01:50:00,55.82962971072637
2024-01-03 01:51:00,56.66098471393042
2024-01-03 01:52:00,55.045941851292476
2024-01-03 01:53:00,54.56778681937599
2024-01-03 01:54:00,56.354266349291
2024-01-03 01:55:00,55.30852074149187
2024-01-03 01:56:00,54.15780161484376
2024-01-03 01:57:00,54.60528895594902
2024-01-03 01:58:00,54.99438552351285
2024-01-03 01:59:00,54.05828980851521
2024-01-03 02:00:00,56.62629920921863
2024-01-03 02:01:00,54.40098792127077
2024-01-03 02:02:00,55.339348595710675
2024-01-03 02:03:00,54.53187659144901
2024-01-03 02:04:00,56.15198820783085
2024-01-03 02:05:00,55.56224793423575
2024-01-03 02:06:00,53.51353804018635
2024-01-03 02:07:00,55.699857409941444
2024-01-03 02:08:00,55.173448607615995
2024-01-03 02:09:00,56.04358481195362
2024-01-03 02:10:00,55.07555349894676
2024-01-03 02:11:00,55.390361822188254
2024-01-03 02:12:00,56.53972769905265
2024-01-03 02:13:00,55.528179710559584
2024-01-03 02:14:00,55.64404543270055
2024-01-03 02:15:00,56.11809585173226
2024-01-03 02:16:00,53.803580404981986
2024-01-03 02:17:00,54.651828829016026
2024-01-03 02:18:00,56.51081298416932
2024-01-03 02:19:00,56.034238134347135
2024-01-03 02:20:00,54.729229180808645
2024-01-03 02:21:00,56.02245109722432
2024-01-03 02:22:00,77.4928295023268
2024-01-03 02:23:00,55.954713675968286
2024-01-03 02:24:00,55.28392853442756
2024-01-03 02:25:00,56.48940003358298
2024-01-03 02:26:00,53.94322039780393
2024-01-03 02:27:00,56.49527820263049
2024-01-03 02:28:00,55.16320648846172
2024-01-03 02:29:00,55.25252641691208
2024-01-03 02:30:00,57.15531422731946
2024-01-03 02:31:00,56.88131583999334
2024-01-03 02:32:00,54.44411667437336
2024-01-03 02:33:00,56.20995817871951
2024-01-03 02:34:00,58.00655221340894
2024-01-03 02:35:00,54.69071512420743
2024-01-03 02:36:00,57.004934970003625
2024-01-03 02:37:00,55.13215409593543
2024-01-03 02:38:00,57.01882911886596
2024-01-03 02:39:00,56.13994487385281
2024-01-03 02:40:00,83.78476401931216
2024-01-03 02:41:00,57.539756064123196
2024-01-03 02:42:00,56.596537670206914
2024-01-03 02:43:00,55.72781739554989
2024-01-03 02:44:00,56.73676270885214
2024-01-03 02:45:00,56.05209500547988
2024-01-03 02:46:00,55.86460919013758
2024-01-03 02:47:00,55.99102515495523
2024-01-03 02:48:00,59.04137027064601
2024-01-03 02:49:00,57.068780118237775
2024-01-03 02:50:00,55.62561464995303
2024-01-03 02:51:00,57.843355948807144
2024-01-03 02:52:00,55.566829032235
2024-01-03 02:53:00,57.5306701353255
2024-01-03 02:54:00,58.31594906317167
2024-01-03 02:55:00,56.80255496802085
2024-01-03 02:56:00,55.55300238130972
2024-01-03 02:57:00,57.25950037041398
2024-01-03 02:58:00,56.330531111821664
2024-01-03 02:59:00,56.02326120638315
2024-01-03 03:00:00,57.25372160186268
2024-01-03 03:01:00,57.87008761074468
2024-01-03 03:02:00,58.81863048381012
2024-01-03 03:03:00,57.75829343940507
2024-01-03 03:04:00,58.70877730709816
2024-01-03 03:05:00,58.94128655692121
2024-01-03 03:06:00,57.19165292807361
2024-01-03 03:07:00,57.04974131666655
2024-01-03 03:08:00,59.63826890155225
2024-01-03 03:09:00,58.34231241863775
2024-01-03 03:10:00,56.93322218686376
2024-01-03 03:11:00,57.09942102278872
2024-01-03 03:12:00,58.62792879672412
2024-01-03 03:13:00,75.03933054626803
2024-01-03 03:14:00,56.47243432750429
2024-01-03 03:15:00,56.11529956721417
2024-01-03 03:16:00,57.76254692741246
2024-01-03 03:17:00,57.760787002310614
2024-01-03 03:18:00,56.166697114851665
2024-01-03 03:19:00,56.172993622468695
2024-01-03 03:20:00,56.023699411321985
2024-01-03 03:21:00,57.473629015756394
2024-01-03 03:22:00,59.348962930962884
2024-01-03 03:23:00,57.03001941489003
2024-01-03 03:24:00,60.05491068741696
2024-01-03 03:25:00,57.31079292862597
2024-01-03 03:26:00,59.110589233634954
2024-01-03 03:27:00,58.00281904841312
2024-01-03 03:28:00,59.322740466250615
2024-01-03 03:29:00,60.56969403529683
2024-01-03 03:30:00,56.48393934876965
2024-01-03 03:31:00,60.02083951098292
2024-01-03 03:32:00,58.59818327018351
2024-01-03 03:33:00,58.948066786976526
2024-01-03 03:34:00,57.30676724589627
2024-01-03 03:35:00,56.909788777159164
2024-01-03 03:36:00,57.716718816681905
2024-01-03 03:37:00,58.542831690487205
2024-01-03 03:38:00,59.264961039973564
2024-01-03 03:39:00,59.208138946388715
2024-01-03 03:40:00,59.12884795136013
2024-01-03 03:41:00,59.89852682666389
2024-01-03 03:42:00,58.01083738316216
2024-01-03 03:43:00,55.95507433040861
2024-01-03 03:44:00,59.38206876407365
2024-01-03 03:45:00,60.303401103434396
2024-01-03 03:46:00,58.273679947095154
2024-01-03 03:47:00,60.04178872771051
2024-01-03 03:48:00,58.41265397310849
2024-01-03 03:49:00,59.52857228210911
2024-01-03 03:50:00,57.97216120877574
2024-01-03 03:51:00,59.78326492768056
2024-01-03 03:52:00,58.80111477255629
2024-01-03 03:53:00,56.85141130913108
2024-01-03 03:54:00,57.6486058078391
2024-01-03 03:55:00,58.177546768283065
2024-01-03 03:56:00,58.73405216564518
2024-01-03 03:57:00,58.965917369890235
2024-01-03 03:58:00,59.918677392018985
2024-01-03 03:59:00,60.429918744126084
2024-01-03 04:00:00,59.106868332111304
2024-01-03 04:01:00,58.02973457279413
2024-01-03 04:02:00,60.114816844598934
2024-01-03 04:03:00,57.83069973924194
2024-01-03 04:04:00,59.255011934891776
2024-01-03 04:05:00,58.79053520381121
2024-01-03 04:06:00,57.96047201903339
2024-01-03 04:07:00,59.612466557461
2024-01-03 04:08:00,58.21878235158546
2024-01-03 04:09:00,58.30169743747368
2024-01-03 04:10:00,58.96473871544982
2024-01-03 04:11:00,56.83577578008508
2024-01-03 04:12:00,58.59633234415971
2024-01-03 04:13:00,58.87839213915768
2024-01-03 04:14:00,59.471081617840355
2024-01-03 04:15:00,58.32600875609238
2024-01-03 04:16:00,57.88366918623007
2024-01-03 04:17:00,59.7292368702121
2024-01-03 04:18:00,58.67146917767206
2024-01-03 04:19:00,58.72347758430216
2024-01-03 04:20:00,58.06562949666606
2024-01-03 04:21:00,58.45545336074597
2024-01-03 04:22:00,60.30351282677902
2024-01-03 04:23:00,60.35749163593751
2024-01-03 04:24:00,60.92642642502402
2024-01-03 04:25:00,59.31574319714514
2024-01-03 04:26:00,58.96753029136306
2024-01-03 04:27:00,58.925814940413225
2024-01-03 04:28:00,59.17361077971668
2024-01-03 04:29:00,60.829261634669294
2024-01-03 04:30:00,58.88101308875497
2024-01-03 04:31:00,58.604952931714266
2024-01-03 04:32:00,59.40019130147596
2024-01-03 04:33:00,59.40711641624268
2024-01-03 04:34:00,62.30394015683212
2024-01-03 04:35:00,59.68928781998021
2024-01-03 04:36:00,59.439860175625945
2024-01-03 04:37:00,60.60166308550112
2024-01-03 04:38:00,60.25762041033576
2024-01-03 04:39:00,60.589772414224456
2024-01-03 04:40:00,59.13165566410595
2024-01-03 04:41:00,61.86426028779217
2024-01-03 04:42:00,59.746898905083
2024-01-03 04:43:00,58.03452194161004
2024-01-03 04:44:00,58.975501608505716
2024-01-03 04:45:00,60.10977691479421
2024-01-03 04:46:00,60.020626052327295
2024-01-03 04:47:00,59.01041387195406
2024-01-03 04:48:00,58.65155680183377
2024-01-03 04:49:00,59.99784228991086
2024-01-03 04:50:00,59.34790976337177
2024-01-03 04:51:00,60.001860898548614
2024-01-03 04:52:00,59.31838097772975
2024-01-03 04:53:00,58.61516142805806
2024-01-03 04:54:00,60.0679796571303
2024-01-03 04:55:00,60.82709045715804
2024-01-03 04:56:00,58.730067864257194
2024-01-03 04:57:00,61.23652828368108
2024-01-03 04:58:00,60.066355784490554
2024-01-03 04:59:00,60.96946403826936
2024-01-03 05:00:00,59.27539126519891
2024-01-03 05:01:00,58.39908319937265
2024-01-03 05:02:00,59.68969325242676
2024-01-03 05:03:00,59.40009387739527
2024-01-03 05:04:00,60.68177931894381
2024-01-03 05:05:00,59.21365590826214
2024-01-03 05:06:00,59.922151467259134
2024-01-03 05:07:00,57.9939341887797
2024-01-03 05:08:00,60.1486989906425
2024-01-03 05:09:00,59.93652370317843
2024-01-03 05:10:00,59.06088786621259
2024-01-03 05:11:00,60.36370653305093
2024-01-03 05:12:00,59.076344111009604
2024-01-03 05:13:00,59.18634885793649
2024-01-03 05:14:00,59.95905355350361
2024-01-03 05:15:00,58.60412859886516
2024-01-03 05:16:00,60.27182347103728
2024-01-03 05:17:00,60.87477809844816
2024-01-03 05:18:00,59.544278441393715
2024-01-03 05:19:00,59.48947669599561
2024-01-03 05:20:00,61.29869659815095
2024-01-03 05:21:00,59.67946198443773
2024-01-03 05:22:00,60.54945198066252
2024-01-03 05:23:00,60.952326419839515
2024-01-03 05:24:00,59.27776588522851
2024-01-03 05:25:00,61.016018199378045
2024-01-03 05:26:00,59.419825119237025
2024-01-03 05:27:00,58.987837782722444
2024-01-03 05:28:00,58.604352746646555
2024-01-03 05:29:00,60.8227014627909
2024-01-03 05:30:00,59.18158910666358
2024-01-03 05:31:00,59.92614581610285
2024-01-03 05:32:00,61.74744078317181
2024-01-03 05:33:00,59.314797556886035
2024-01-03 05:34:00,60.88682147440781
2024-01-03 05:35:00,60.52441837002363
2024-01-03 05:36:00,61.78498994922512
2024-01-03 05:37:00,59.88922236376412
2024-01-03 05:38:00,60.16952686924555
2024-01-03 05:39:00,60.31161782474607
2024-01-03 05:40:00,58.993810076532455
2024-01-03 05:41:00,60.00490798295648
2024-01-03 05:42:00,60.912544709144775
2024-01-03 05:43:00,58.93363488945864
2024-01-03 05:44:00,60.561315746361146
2024-01-03 05:45:00,60.40119540988178
2024-01-03 05:46:00,59.534636509307724
2024-01-03 05:47:00,59.26962579375477
2024-01-03 05:48:00,59.97959819732732
2024-01-03 05:49:00,58.691426811034546
2024-01-03 05:50:00,75.53406754473589
2024-01-03 05:51:00,61.321283186902036
2024-01-03 05:52:00,59.287472153552955
2024-01-03 05:53:00,59.410431723880166
2024-01-03 05:54:00,58.74111933779821
2024-01-03 05:55:00,59.55931480321156
2024-01-03 05:56:00,59.134469969570404
2024-01-03 05:57:00,58.10179408369509
2024-01-03 05:58:00,61.16084759222867
2024-01-03 05:59:00,60.5079694863758
2024-01-03 06:00:00,61.64529573803811
2024-01-03 06:01:00,59.407299059213656
2024-01-03 06:02:00,59.76924650287042
2024-01-03 06:03:00,60.565123768903014
2024-01-03 06:04:00,60.41968836977291
2024-01-03 06:05:00,59.34144103989833
2024-01-03 06:06:00,62.0005224691356
2024-01-03 06:07:00,58.892012581713146
2024-01-03 06:08:00,59.14482875985684
2024-01-03 06:09:00,58.950910960057264
2024-01-03 06:10:00,58.955714953593535
2024-01-03 06:11:00,60.87737545376155
2024-01-03 06:12:00,61.863971029402116
2024-01-03 06:13:00,59.15928695897853
2024-01-03 06:14:00,59.04377482002841
2024-01-03 06:15:00,59.70414502258919
2024-01-03 06:16:00,59.69912417860898
2024-01-03 06:17:00,59.795614235715675
2024-01-03 06:18:00,61.661376613604425
2024-01-03 06:19:00,60.489304942385296
2024-01-03 06:20:00,59.69561456442211
2024-01-03 06:21:00,60.470695500433074
2024-01-03 06:22:00,57.835422982631684
2024-01-03 06:23:00,60.80560532740028
2024-01-03 06:24:00,59.35357798962829
2024-01-03 06:25:00,58.99086630643779
2024-01-03 06:26:00,58.154798341248515
2024-01-03 06:27:00,59.61390130891789
2024-01-03 06:28:00,59.34570471472423
2024-01-03 06:29:00,58.741760806929705
2024-01-03 06:30:00,59.37571402821568
2024-01-03 06:31:00,60.54984307912585
2024-01-03 06:32:00,60.030303272824106
2024-01-03 06:33:00,59.586064468705636
2024-01-03 06:34:00,60.16694317863945
2024-01-03 06:35:00,59.593780319085
2024-01-03 06:36:00,60.48397745366987
2024-01-03 06:37:00,60.129602831978616
2024-01-03 06:38:00,59.61257240197279
2024-01-03 06:39:00,59.79543069116975
2024-01-03 06:40:00,59.17299071157947
2024-01-03 06:41:00,59.17476019957257
2024-01-03 06:42:00,59.919306074754765
2024-01-03 06:43:00,58.925894893604706
2024-01-03 06:44:00,59.71044023231909
2024-01-03 06:45:00,60.63458746316164
2024-01-03 06:46:00,61.013269408300225
2024-01-03 06:47:00,57.79420629875012
2024-01-03 06:48:00,59.78641385093466
2024-01-03 06:49:00,59.75941892767619
2024-01-03 06:50:00,58.6687428507654
2024-01-03 06:51:00,60.42912747982184
2024-01-03 06:52:00,59.604656680864245
2024-01-03 06:53:00,61.148321305415486
2024-01-03 06:54:00,59.77445261023435
2024-01-03 06:55:00,57.71613646805358
2024-01-03 06:56:00,59.77558276682408
2024-01-03 06:57:00,60.34118070806291
2024-01-03 06:58:00,59.039182849674646
2024-01-03 06:59:00,60.985043845501195
2024-01-03 07:00:00,60.041524818523804
2024-01-03 07:01:00,58.908909287291216
2024-01-03 07:02:00,59.11358529732261
2024-01-03 07:03:00,59.84775644777099
2024-01-03 07:04:00,58.75072882538357
2024-01-03 07:05:00,57.7524513311056
2024-01-03 07:06:00,60.98805405191347
2024-01-03 07:07:00,60.05952659285439
2024-01-03 07:08:00,59.27578874247512
2024-01-03 07:09:00,60.926406026959505
2024-01-03 07:10:00,59.6266591976247
2024-01-03 07:11:00,61.415512188090666
2024-01-03 07:12:00,58.954052573627926
2024-01-03 07:13:00,58.57673315887031
2024-01-03 07:14:00,60.33816802810887
2024-01-03 07:15:00,61.31723914500053
2024-01-03 07:16:00,58.94984429555188
2024-01-03 07:17:00,60.84134704523848
2024-01-03 07:18:00,58.125490556056306
2024-01-03 07:19:00,58.67986311741384
2024-01-03 07:20:00,61.45518146652209
2024-01-03 07:21:00,58.605283039579625
2024-01-03 07:22:00,60.15231192474413
2024-01-03 07:23:00,59.42748950708086
2024-01-03 07:24:00,58.57811114565591
2024-01-03 07:25:00,58.462696782036794
2024-01-03 07:26:00,59.27335573756227
2024-01-03 07:27:00,58.32454557420635
2024-01-03 07:28:00,60.335380620427756
2024-01-03 07:29:00,60.5575676014229
2024-01-03 07:30:00,60.26446490430001
2024-01-03 07:31:00,57.75474754251301
2024-01-03 07:32:00,58.742619223240084
2024-01-03 07:33:00,57.699421121017615
2024-01-03 07:34:00,59.185762916775865
2024-01-03 07:35:00,59.52204172219179
2024-01-03 07:36:00,58.01134669466224
2024-01-03 07:37:00,58.18001014537558
2024-01-03 07:38:00,58.154807146426855
2024-01-03 07:39:00,58.3253497070628
2024-01-03 07:40:00,59.31357564315735
2024-01-03 07:41:00,59.132511667524675
2024-01-03 07:42:00,58.683132976704606
2024-01-03 07:43:00,58.75199117262349
2024-01-03 07:44:00,57.02152848756285
2024-01-03 07:45:00,59.47173777971497
2024-01-03 07:46:00,58.561596392231664
2024-01-03 07:47:00,59.39167844627475
2024-01-03 07:48:00,60.164853733145335
2024-01-03 07:49:00,60.507272924577954
2024-01-03 07:50:00,59.44627978031506
2024-01-03 07:51:00,57.066017574439336
2024-01-03 07:52:00,58.28824517692358
2024-01-03 07:53:00,59.07669805495345
2024-01-03 07:54:00,59.3450837059141
2024-01-03 07:55:00,58.98325998974449
2024-01-03 07:56:00,57.04091780780437
2024-01-03 07:57:00,57.20400487908019
2024-01-03 07:58:00,59.54006821394363
2024-01-03 07:59:00,56.90403990014492
2024-01-03 08:00:00,59.78086947298081
2024-01-03 08:01:00,59.34300095446457
2024-01-03 08:02:00,57.92304639517709
2024-01-03 08:03:00,59.838402211929946
2024-01-03 08:04:00,57.91342859750178
2024-01-03 08:05:00,58.68644297297455
2024-01-03 08:06:00,58.674989160259955
2024-01-03 08:07:00,57.21809017799702
2024-01-03 08:08:00,60.19145732013502
2024-01-03 08:09:00,58.418812182664105
2024-01-03 08:10:00,57.37785249544614
2024-01-03 08:11:00,59.19370506744786
2024-01-03 08:12:00,58.18025145993315
2024-01-03 08:13:00,58.6012915665071
2024-01-03 08:14:00,58.75350128451601
2024-01-03 08:15:00,58.26953535499447
2024-01-03 08:16:00,59.00228939658291
2024-01-03 08:17:00,58.932064615797486
2024-01-03 08:18:00,57.46690435481237
2024-01-03 08:19:00,59.84759318647142
2024-01-03 08:20:00,58.87882758532987
2024-01-03 08:21:00,58.808769736134614
2024-01-03 08:22:00,58.25350065598406
2024-01-03 08:23:00,56.543210953262594
2024-01-03 08:24:00,58.550675283026145
2024-01-03 08:25:00,59.29739546202725
2024-01-03 08:26:00,58.04553008351143
2024-01-03 08:27:00,57.169479337015716
2024-01-03 08:28:00,58.562870720576456
2024-01-03 08:29:00,58.514287860897234
2024-01-03 08:30:00,55.70054911643773
2024-01-03 08:31:00,58.50929350639695
2024-01-03 08:32:00,57.221480732332445
2024-01-03 08:33:00,57.65027587147259
2024-01-03 08:34:00,58.519407004996154
2024-01-03 08:35:00,58.640902136084065
2024-01-03 08:36:00,57.72007373455359
2024-01-03 08:37:00,56.74930445822747
2024-01-03 08:38:00,57.766968453685465
2024-01-03 08:39:00,55.04330817516789
2024-01-03 08:40:00,59.7621505682251
2024-01-03 08:41:00,55.92158824553571
2024-01-03 08:42:00,57.59516079336822
2024-01-03 08:43:00,59.854351113965855
2024-01-03 08:44:00,56.25109152243833
2024-01-03 08:45:00,58.21627077666393
2024-01-03 08:46:00,57.50467439295111
2024-01-03 08:47:00,56.09085362945171
2024-01-03 08:48:00,55.56391444560346
2024-01-03 08:49:00,57.27803928197019
2024-01-03 08:50:00,57.02421128983294
2024-01-03 08:51:00,57.77996576733997
2024-01-03 08:52:00,57.57101665560962
2024-01-03 08:53:00,56.28227546320529
2024-01-03 08:54:00,74.07220437594876
2024-01-03 08:55:00,58.07392158901828
2024-01-03 08:56:00,58.64025798092321
2024-01-03 08:57:00,58.460681397543304
2024-01-03 08:58:00,58.496943814777104
2024-01-03 08:59:00,29.661573336657533
2024-01-03 09:00:00,57.8168682283235
2024-01-03 09:01:00,58.14190494382764
2024-01-03 09:02:00,56.77926110327163
2024-01-03 09:03:00,56.54242185302089
2024-01-03 09:04:00,57.5612692243392
2024-01-03 09:05:00,55.54687221468199
2024-01-03 09:06:00,55.88278586305279
2024-01-03 09:07:00,56.56660128083554
2024-01-03 09:08:00,56.735827827069585
2024-01-03 09:09:00,56.03582030762173
2024-01-03 09:10:00,57.40932723505333
2024-01-03 09:11:00,56.87390099057517
2024-01-03 09:12:00,57.54889275537188
2024-01-03 09:13:00,56.64499833789777
2024-01-03 09:14:00,56.14532013053148
2024-01-03 09:15:00,55.88573534921004
2024-01-03 09:16:00,55.45693967159322
2024-01-03 09:17:00,56.73330933381571
2024-01-03 09:18:00,55.24060597057371
2024-01-03 09:19:00,55.22008608869227
2024-01-03 09:20:00,57.93817300789113
2024-01-03 09:21:00,57.42012315005384
2024-01-03 09:22:00,55.24433154090881
2024-01-03 09:23:00,56.5542841968615
2024-01-03 09:24:00,55.77909046298048
2024-01-03 09:25:00,57.572518282659246
2024-01-03 09:26:00,54.890638823776186
2024-01-03 09:27:00,57.099170471090815
2024-01-03 09:28:00,56.97228920266197
2024-01-03 09:29:00,55.05646000425146
2024-01-03 09:30:00,56.903748347571195
2024-01-03 09:31:00,57.00932299397369
2024-01-03 09:32:00,56.01336254990438
2024-01-03 09:33:00,55.00060584151247
2024-01-03 09:34:00,56.878815412419904
2024-01-03 09:35:00,55.641393137776284
2024-01-03 09:36:00,55.858412016097674
2024-01-03 09:37:00,55.790483509894
2024-01-03 09:38:00,56.03006127545294
2024-01-03 09:39:00,56.229850225844956
2024-01-03 09:40:00,55.65726404396835
2024-01-03 09:41:00,54.53163569489793
2024-01-03 09:42:00,55.64272210766561
2024-01-03 09:43:00,55.71043574773471
2024-01-03 09:44:00,57.22569003972624
2024-01-03 09:45:00,55.43970119864538
2024-01-03 09:46:00,56.06186187858362
2024-01-03 09:47:00,56.979217050733226
2024-01-03 09:48:00,56.295603425863895
2024-01-03 09:49:00,55.18708721162731
2024-01-03 09:50:00,57.16941083594527
2024-01-03 09:51:00,55.460450752183604
2024-01-03 09:52:00,54.88267830024237
2024-01-03 09:53:00,55.85375285575936
2024-01-03 09:54:00,55.08583588721977
2024-01-03 09:55:00,57.15573389306107
2024-01-03 09:56:00,56.9087204047958
2024-01-03 09:57:00,55.447649051142484
2024-01-03 09:58:00,56.28607132680712
2024-01-03 09:59:00,55.313089901635585
2024-01-03 10:00:00,55.012951618647065
2024-01-03 10:01:00,53.417700832256706
2024-01-03 10:02:00,56.23277321436654
2024-01-03 10:03:00,53.7099140655589
2024-01-03 10:04:00,55.32091563959298
2024-01-03 10:05:00,55.20887105359383
2024-01-03 10:06:00,55.27053568794557
2024-01-03 10:07:00,54.0225114134598
2024-01-03 10:08:00,55.26042852292043
2024-01-03 10:09:00,53.641702602562916
2024-01-03 10:10:00,54.64953654761779
2024-01-03 10:11:00,55.338576039898385
2024-01-03 10:12:00,52.897659266935456
2024-01-03 10:13:00,55.180342524093504
2024-01-03 10:14:00,54.25565419751007
2024-01-03 10:15:00,54.86090240148429
2024-01-03 10:16:00,55.50839590663417
2024-01-03 10:17:00,54.059057061157475
2024-01-03 10:18:00,53.29720787223667
2024-01-03 10:19:00,54.27560655238436
2024-01-03 10:20:00,53.82067764833993
2024-01-03 10:21:00,56.06030303869641
2024-01-03 10:22:00,55.803002552435295
2024-01-03 10:23:00,53.59715760861281
2024-01-03 10:24:00,53.91018790064609
2024-01-03 10:25:00,55.743527946022446
2024-01-03 10:26:00,53.54227733034053
2024-01-03 10:27:00,51.57492776335833
2024-01-03 10:28:00,53.75464407415819
2024-01-03 10:29:00,54.04287479659887
2024-01-03 10:30:00,54.53706902136435
2024-01-03 10:31:00,54.16847485216903
2024-01-03 10:32:00,53.607137274016594
2024-01-03 10:33:00,53.92909552896113
2024-01-03 10:34:00,53.56377469682756
2024-01-03 10:35:00,52.51782714577345
2024-01-03 10:36:00,54.03511822246185
2024-01-03 10:37:00,55.27591472146197
2024-01-03 10:38:00,51.76218317189016
2024-01-03 10:39:00,53.41980146423194
2024-01-03 10:40:00,53.48890655721635
2024-01-03 10:41:00,52.90195353434625
2024-01-03 10:42:00,54.20580951426445
2024-01-03 10:43:00,53.973947318137284
2024-01-03 10:44:00,51.97664356252784
2024-01-03 10:45:00,52.37686489580667
2024-01-03 10:46:00,53.44284209788296
2024-01-03 10:47:00,53.364358208489755
2024-01-03 10:48:00,52.174314971812244
2024-01-03 10:49:00,53.77589214674197
2024-01-03 10:50:00,52.89714281449076
2024-01-03 10:51:00,52.3322490701043
2024-01-03 10:52:00,53.097329448468244
2024-01-03 10:53:00,51.671274928791526
2024-01-03 10:54:00,53.22356545775264
2024-01-03 10:55:00,52.433171666231665
2024-01-03 10:56:00,52.35904187669574
2024-01-03 10:57:00,55.60345765632788
2024-01-03 10:58:00,51.806637566476525
2024-01-03 10:59:00,52.54547561561142
2024-01-03 11:00:00,54.36280470606804
2024-01-03 11:01:00,52.17262090840924
2024-01-03 11:02:00,51.94734064986106
2024-01-03 11:03:00,52.75124365656647
2024-01-03 11:04:00,53.07881840571844
2024-01-03 11:05:00,53.58696716218372
2024-01-03 11:06:00,50.24906997736787
2024-01-03 11:07:00,52.322750810629294
2024-01-03 11:08:00,52.84117848940478
2024-01-03 11:09:00,52.349905806282756
2024-01-03 11:10:00,51.67439480671067
2024-01-03 11:11:00,52.16760508757897
2024-01-03 11:12:00,53.81855243059518
2024-01-03 11:13:00,51.5819518272324
2024-01-03 11:14:00,51.84458757308679
2024-01-03 11:15:00,51.4423767246279
2024-01-03 11:16:00,52.70762023572678
2024-01-03 11:17:00,50.26744675633495
2024-01-03 11:18:00,52.13434926842173
2024-01-03 11:19:00,52.36749426039691
2024-01-03 11:20:00,52.19943557531526
2024-01-03 11:21:00,52.27564053003457
2024-01-03 11:22:00,51.73955188237255
2024-01-03 11:23:00,52.72293207650605
2024-01-03 11:24:00,51.60231273652834
2024-01-03 11:25:00,51.79096050522732
2024-01-03 11:26:00,51.67442974223101
2024-01-03 11:27:00,49.961801137737545
2024-01-03 11:28:00,49.79089195898517
2024-01-03 11:29:00,49.785827529947234
2024-01-03 11:30:00,51.502656207017495
2024-01-03 11:31:00,51.55010795390145
2024-01-03 11:32:00,49.516902630502535
2024-01-03 11:33:00,49.59795137533358
2024-01-03 11:34:00,51.518521295923975
2024-01-03 11:35:00,50.969707287312175
2024-01-03 11:36:00,51.989863523233765
2024-01-03 11:37:00,50.15866501586893
2024-01-03 11:38:00,51.05896781863747
2024-01-03 11:39:00,52.24609373115409
2024-01-03 11:40:00,50.65194264113824
2024-01-03 11:41:00,51.86096816475118
2024-01-03 11:42:00,51.7791431461123
2024-01-03 11:43:00,50.92343685097418
2024-01-03 11:44:00,51.280537627741175
2024-01-03 11:45:00,49.507768429046095
2024-01-03 11:46:00,52.4212704360854
2024-01-03 11:47:00,50.73481823085219
2024-01-03 11:48:00,49.98132867822767
2024-01-03 11:49:00,50.057300259446826
2024-01-03 11:50:00,50.85008483496661
2024-01-03 11:51:00,50.57707089456568
2024-01-03 11:52:00,50.71190231363091
2024-01-03 11:53:00,50.284761777314756
2024-01-03 11:54:00,50.06185337818145
2024-01-03 11:55:00,50.67134629216329
2024-01-03 11:56:00,49.74582073513935
2024-01-03 11:57:00,48.73296319114477
2024-01-03 11:58:00,47.79146307879649
2024-01-03 11:59:00,49.24822882667654
2024-01-03 12:00:00,50.049947093604764
2024-01-03 12:01:00,49.79936644842472
2024-01-03 12:02:00,49.45226608518464
2024-01-03 12:03:00,51.104138033941155
2024-01-03 12:04:00,48.24964915056329
2024-01-03 12:05:00,48.73137104082858
2024-01-03 12:06:00,50.063766009207434
2024-01-03 12:07:00,50.09814404880188
2024-01-03 12:08:00,50.36776078838272
2024-01-03 12:09:00,49.16908589295766
2024-01-03 12:10:00,52.8073008142849
2024-01-03 12:11:00,47.927225127091
2024-01-03 12:12:00,48.23237808975965
2024-01-03 12:13:00,50.03444735122273
2024-01-03 12:14:00,49.437297032875975
2024-01-03 12:15:00,50.87345660889402
2024-01-03 12:16:00,50.49398976713057
2024-01-03 12:17:00,50.24491608673708
2024-01-03 12:18:00,49.02584029014026
2024-01-03 12:19:00,49.047551883491835
2024-01-03 12:20:00,21.582219234456563
2024-01-03 12:21:00,47.480035288656794
2024-01-03 12:22:00,49.593917050940036
2024-01-03 12:23:00,49.55402957502084
2024-01-03 12:24:00,49.011438508658586
2024-01-03 12:25:00,48.76783579645004
2024-01-03 12:26:00,47.822843933983485
2024-01-03 12:27:00,48.96052693618244
2024-01-03 12:28:00,49.826693350015454
2024-01-03 12:29:00,50.28724639647952
2024-01-03 12:30:00,48.69714426508888
2024-01-03 12:31:00,48.72027503471966
2024-01-03 12:32:00,47.86568020207546
2024-01-03 12:33:00,47.795470955837295
2024-01-03 12:34:00,49.85990515693347
2024-01-03 12:35:00,49.9014645893817
2024-01-03 12:36:00,49.40453267812366
2024-01-03 12:37:00,47.315632605399664
2024-01-03 12:38:00,49.136517897225914
2024-01-03 12:39:00,48.333604957153334
2024-01-03 12:40:00,48.65201625166903
2024-01-03 12:41:00,49.697990210506696
2024-01-03 12:42:00,48.300500577755635
2024-01-03 12:43:00,47.93977727569693
2024-01-03 12:44:00,46.58912231269803
2024-01-03 12:45:00,48.98839622396265
2024-01-03 12:46:00,47.48835146415379
2024-01-03 12:47:00,48.90848685727294
2024-01-03 12:48:00,48.13212294824995
2024-01-03 12:49:00,63.84115049130156
2024-01-03 12:50:00,47.07530136852896
2024-01-03 12:51:00,47.49881511699207
2024-01-03 12:52:00,47.84653166398277
2024-01-03 12:53:00,47.44671103469046
2024-01-03 12:54:00,46.51663450181837
2024-01-03 12:55:00,48.00666750142365
2024-01-03 12:56:00,47.63550957848451
2024-01-03 12:57:00,48.65923949675848
2024-01-03 12:58:00,48.21831568350659
2024-01-03 12:59:00,47.651951981086555
2024-01-03 13:00:00,49.293301053508586
2024-01-03 13:01:00,48.08331040714983
2024-01-03 13:02:00,48.50927342426431
2024-01-03 13:03:00,48.01567920020407
2024-01-03 13:04:00,47.2432252395298
2024-01-03 13:05:00,47.743788045545436
2024-01-03 13:06:00,47.661286190859755
2024-01-03 13:07:00,48.267785395098024
2024-01-03 13:08:00,47.7962812076174
2024-01-03 13:09:00,47.00558191530564
2024-01-03 13:10:00,48.401932054286775
2024-01-03 13:11:00,48.711452132266054
2024-01-03 13:12:00,47.140916143362155
2024-01-03 13:13:00,46.97799398676179
2024-01-03 13:14:00,45.50781041728514
2024-01-03 13:15:00,45.66007091950077
2024-01-03 13:16:00,46.24253369727393
2024-01-03 13:17:00,47.320729422589444
2024-01-03 13:18:00,48.349277146092255
2024-01-03 13:19:00,44.734613209919786
2024-01-03 13:20:00,46.335589095421426
2024-01-03 13:21:00,47.04886670712243
2024-01-03 13:22:00,46.70466511308451
2024-01-03 13:23:00,47.4003874356176
2024-01-03 13:24:00,46.965912858691816
2024-01-03 13:25:00,46.74953793859964
2024-01-03 13:26:00,46.85398363376735
2024-01-03 13:27:00,45.98619111299163
2024-01-03 13:28:00,45.90811236351396
2024-01-03 13:29:00,46.02735661534874
2024-01-03 13:30:00,47.1508724260122
2024-01-03 13:31:00,45.746446130653034
2024-01-03 13:32:00,47.441076618728005
2024-01-03 13:33:00,47.21642924713339
2024-01-03 13:34:00,47.31329308283529
2024-01-03 13:35:00,47.10688791285079
2024-01-03 13:36:00,45.1433595176191
2024-01-03 13:37:00,45.016000179770835
2024-01-03 13:38:00,44.46404531833187
2024-01-03 13:39:00,46.63526413407787
2024-01-03 13:40:00,46.71987085340758
2024-01-03 13:41:00,47.20872016916953
2024-01-03 13:42:00,45.17390047557333
2024-01-03 13:43:00,44.219970060932816
2024-01-03 13:44:00,46.275577866633064
2024-01-03 13:45:00,46.283234791620856
2024-01-03 13:46:00,46.51338850082941
2024-01-03 13:47:00,44.43014352098504
2024-01-03 13:48:00,44.70506811324942
2024-01-03 13:49:00,45.808391789625645
2024-01-03 13:50:00,46.630761433838856
2024-01-03 13:51:00,44.493293726264696
2024-01-03 13:52:00,44.77076258836242
2024-01-03 13:53:00,47.0650566762374
2024-01-03 13:54:00,43.611799202159865
2024-01-03 13:55:00,45.693203781709286
2024-01-03 13:56:00,45.26885982263672
2024-01-03 13:57:00,45.028050089777345
2024-01-03 13:58:00,45.736094284219405
2024-01-03 13:59:00,45.21056571816243
2024-01-03 14:00:00,46.27516541939629
2024-01-03 14:01:00,44.9348144468161
2024-01-03 14:02:00,44.73198138012082
2024-01-03 14:03:00,43.796061363530825
2024-01-03 14:04:00,44.85428155633881
2024-01-03 14:05:00,45.91254792516173
2024-01-03 14:06:00,44.59458594931412
2024-01-03 14:07:00,44.353194235665725
2024-01-03 14:08:00,44.482158307668236
2024-01-03 14:09:00,44.62405501814889
2024-01-03 14:10:00,44.857891403179295
2024-01-03 14:11:00,43.74272602262761
2024-01-03 14:12:00,43.56792261982111
2024-01-03 14:13:00,42.93237539628008
2024-01-03 14:14:00,44.63381206347403
2024-01-03 14:15:00,44.85618373786095
2024-01-03 14:16:00,44.83215276342023
2024-01-03 14:17:00,44.051638078250626
2024-01-03 14:18:00,43.9646660164874
2024-01-03 14:19:00,41.926476152943025
2024-01-03 14:20:00,44.10882293999719
2024-01-03 14:21:00,44.8050879511542
2024-01-03 14:22:00,42.262887400059306
2024-01-03 14:23:00,45.455228338657776
2024-01-03 14:24:00,44.067891351385136
2024-01-03 14:25:00,43.843155779060794
2024-01-03 14:26:00,43.88894534172836
2024-01-03 14:27:00,42.345410259175274
2024-01-03 14:28:00,43.96427220894064
2024-01-03 14:29:00,43.650631697152384
2024-01-03 14:30:00,44.29806946455893
2024-01-03 14:31:00,42.85597150059679
2024-01-03 14:32:00,45.08767213612796
2024-01-03 14:33:00,43.50292469962919
2024-01-03 14:34:00,43.425087342876076
2024-01-03 14:35:00,43.7770726741162
2024-01-03 14:36:00,43.42734290375248
2024-01-03 14:37:00,43.810015024203985
2024-01-03 14:38:00,43.07858460211495
2024-01-03 14:39:00,42.776056562210954
2024-01-03 14:40:00,45.21071846101417
2024-01-03 14:41:00,42.37976895160689
2024-01-03 14:42:00,43.043963478213655
2024-01-03 14:43:00,43.98587530433877
2024-01-03 14:44:00,43.761016153603826
2024-01-03 14:45:00,42.15287675767624
2024-01-03 14:46:00,43.734980650316054
2024-01-03 14:47:00,45.11234611416423
2024-01-03 14:48:00,45.1987599727255
2024-01-03 14:49:00,45.24576156748496
2024-01-03 14:50:00,43.599320563764145
2024-01-03 14:51:00,44.221114552168295
2024-01-03 14:52:00,44.486332639828504
2024-01-03 14:53:00,40.81363667912253
2024-01-03 14:54:00,43.954722171228255
2024-01-03 14:55:00,43.349539057375715
2024-01-03 14:56:00,43.98480457809686
2024-01-03 14:57:00,44.09828509729334
2024-01-03 14:58:00,43.36340417581009
2024-01-03 14:59:00,19.203354578949572
2024-01-03 15:00:00,44.94396090259046
2024-01-03 15:01:00,41.55702551560365
2024-01-03 15:02:00,59.05231920949677
2024-01-03 15:03:00,43.18022257093523
2024-01-03 15:04:00,42.8272538853731
2024-01-03 15:05:00,42.86006087290194
2024-01-03 15:06:00,43.85134661854757
2024-01-03 15:07:00,43.26889629879057
2024-01-03 15:08:00,41.828043826678616
2024-01-03 15:09:00,42.65403970435075
2024-01-03 15:10:00,42.701411272839664
2024-01-03 15:11:00,42.005556396814214
2024-01-03 15:12:00,42.169297663826846
2024-01-03 15:13:00,43.098471929819574
2024-01-03 15:14:00,42.063424448204486
2024-01-03 15:15:00,42.41061365145361
2024-01-03 15:16:00,42.48844243171078
2024-01-03 15:17:00,42.83070493107697
2024-01-03 15:18:00,41.743147576522716
2024-01-03 15:19:00,43.952419010154486
2024-01-03 15:20:00,42.70572606322823
2024-01-03 15:21:00,41.49104844614158
2024-01-03 15:22:00,43.576665346049325
2024-01-03 15:23:00,43.279273629723576
2024-01-03 15:24:00,42.18181000924756
2024-01-03 15:25:00,43.712623602856404
2024-01-03 15:26:00,42.406877181383734
2024-01-03 15:27:00,42.724655200703516
2024-01-03 15:28:00,41.21775768021839
2024-01-03 15:29:00,42.1846933326795
2024-01-03 15:30:00,43.32546242510172
2024-01-03 15:31:00,43.21753908774108
2024-01-03 15:32:00,42.00541254007562
2024-01-03 15:33:00,42.799513444312645
2024-01-03 15:34:00,40.71598128362309
2024-01-03 15:35:00,43.602400338950844
2024-01-03 15:36:00,41.13091126557729
2024-01-03 15:37:00,41.506807206359355
2024-01-03 15:38:00,42.728518541367485
2024-01-03 15:39:00,42.73841746489644
2024-01-03 15:40:00,43.428253799340574
2024-01-03 15:41:00,41.19368150652877
2024-01-03 15:42:00,43.24604862292057
2024-01-03 15:43:00,42.90468565804515
2024-01-03 15:44:00,41.72717113714855
2024-01-03 15:45:00,41.56431827182366
2024-01-03 15:46:00,40.40373547860286
2024-01-03 15:47:00,41.90726395168928
2024-01-03 15:48:00,40.60152848085635
2024-01-03 15:49:00,40.574554491789115
2024-01-03 15:50:00,41.371182226262675
2024-01-03 15:51:00,40.744582218258664
2024-01-03 15:52:00,42.114241953624855
2024-01-03 15:53:00,40.91364743984951
2024-01-03 15:54:00,42.41274271037463
2024-01-03 15:55:00,41.59554769821091
2024-01-03 15:56:00,40.20290341114912
2024-01-03 15:57:00,41.289646275333865
2024-01-03 15:58:00,40.49561953185587
2024-01-03 15:59:00,41.55174052605905
2024-01-03 16:00:00,40.851032970848394
2024-01-03 16:01:00,41.01139276972842
2024-01-03 16:02:00,41.58348866333856
2024-01-03 16:03:00,40.89220977240577
2024-01-03 16:04:00,41.16253264996665
2024-01-03 16:05:00,40.95356387030622
2024-01-03 16:06:00,40.83465941790645
2024-01-03 16:07:00,41.60510124547001
2024-01-03 16:08:00,41.771720113888584
2024-01-03 16:09:00,40.26083042630373
2024-01-03 16:10:00,41.191942996158424
2024-01-03 16:11:00,40.986112976102696
2024-01-03 16:12:00,12.446077233022741
2024-01-03 16:13:00,40.65927742919236
2024-01-03 16:14:00,41.910973426025464
2024-01-03 16:15:00,41.4356512586102
2024-01-03 16:16:00,40.52198371036787
2024-01-03 16:17:00,39.79044794165012
2024-01-03 16:18:00,41.00755996442375
2024-01-03 16:19:00,42.61747714539287
2024-01-03 16:20:00,41.292089763964775
2024-01-03 16:21:00,40.499808533530306
2024-01-03 16:22:00,40.22819460173202
2024-01-03 16:23:00,41.75332759185895
2024-01-03 16:24:00,40.31369441700009
2024-01-03 16:25:00,40.7094358878892
2024-01-03 16:26:00,41.36514733997275
2024-01-03 16:27:00,41.73121062278519
2024-01-03 16:28:00,40.648800571151156
2024-01-03 16:29:00,41.95934961974265
2024-01-03 16:30:00,42.06385637826321
2024-01-03 16:31:00,39.55010131052917
2024-01-03 16:32:00,42.08505534296303
2024-01-03 16:33:00,39.626824356056225
2024-01-03 16:34:00,40.55178465763754
2024-01-03 16:35:00,40.706931911814515
2024-01-03 16:36:00,42.38853140415816
2024-01-03 16:37:00,40.47670032966683
2024-01-03 16:38:00,40.87881979898578
2024-01-03 16:39:00,40.02328542976416
2024-01-03 16:40:00,41.60109816036789
2024-01-03 16:41:00,39.92827896181446
2024-01-03 16:42:00,40.56574304723717
2024-01-03 16:43:00,39.76253256097905
2024-01-03 16:44:00,40.30354632065832
2024-01-03 16:45:00,40.24411588741662
2024-01-03 16:46:00,40.793694672580145
2024-01-03 16:47:00,39.82793595141723
2024-01-03 16:48:00,41.06947172260886
2024-01-03 16:49:00,40.08714274122488
2024-01-03 16:50:00,40.32150548075645
2024-01-03 16:51:00,38.16636382961616
2024-01-03 16:52:00,41.434810866906126
2024-01-03 16:53:00,40.995246807935345
2024-01-03 16:54:00,56.399592696344385
2024-01-03 16:55:00,41.918584797742305
2024-01-03 16:56:00,40.96202813829836
2024-01-03 16:57:00,39.229709427622275
2024-01-03 16:58:00,40.341309984223855
2024-01-03 16:59:00,40.65606324671261
2024-01-03 17:00:00,66.18350370295667
2024-01-03 17:01:00,40.89826060527347
2024-01-03 17:02:00,39.765308344527455
2024-01-03 17:03:00,41.81497284299854
2024-01-03 17:04:00,41.354997839882984
2024-01-03 17:05:00,40.731413943091134
2024-01-03 17:06:00,41.53214015419176
2024-01-03 17:07:00,40.92669915068309
2024-01-03 17:08:00,40.05016478489488
2024-01-03 17:09:00,39.9658338706169
2024-01-03 17:10:00,40.40006569330213
2024-01-03 17:11:00,40.68554708931033
2024-01-03 17:12:00,41.22365971449842
2024-01-03 17:13:00,40.682424828726965
2024-01-03 17:14:00,39.91618798499914
2024-01-03 17:15:00,39.249625789442376
2024-01-03 17:16:00,39.89523733524398
2024-01-03 17:17:00,39.404279976068665
2024-01-03 17:18:00,39.103129290704814
2024-01-03 17:19:00,41.53674709409048
2024-01-03 17:20:00,38.35139367964308
2024-01-03 17:21:00,40.51077205839106
2024-01-03 17:22:00,41.55579835055507
2024-01-03 17:23:00,57.00232885163365
2024-01-03 17:24:00,41.111262331434375
2024-01-03 17:25:00,40.31422042575225
2024-01-03 17:26:00,39.61703150614331
2024-01-03 17:27:00,40.73447358805447
2024-01-03 17:28:00,38.34716722419336
2024-01-03 17:29:00,38.770070932521634
2024-01-03 17:30:00,39.654993431691906
2024-01-03 17:31:00,41.64308508351213
2024-01-03 17:32:00,39.825351511928595
2024-01-03 17:33:00,40.77788165513434
2024-01-03 17:34:00,39.93822402309615
2024-01-03 17:35:00,40.243019347407426
2024-01-03 17:36:00,41.121033359285676
2024-01-03 17:37:00,38.95156392662996
2024-01-03 17:38:00,40.1809754091922
2024-01-03 17:39:00,39.92491041978875
2024-01-03 17:40:00,40.33658256111193
2024-01-03 17:41:00,39.330940292056965
2024-01-03 17:42:00,40.96102462666973
2024-01-03 17:43:00,40.1147456493039
2024-01-03 17:44:00,40.78939345394642
2024-01-03 17:45:00,39.85508204946364
2024-01-03 17:46:00,38.88104060114236
2024-01-03 17:47:00,39.69619323371208
2024-01-03 17:48:00,41.96922416484756
2024-01-03 17:49:00,39.60149205594568
2024-01-03 17:50:00,39.36844846958387
2024-01-03 17:51:00,38.149860011592
2024-01-03 17:52:00,37.47080764432991
2024-01-03 17:53:00,40.16752388077104
2024-01-03 17:54:00,39.96000931497266
2024-01-03 17:55:00,38.23363860905636
2024-01-03 17:56:00,39.62048809027891
2024-01-03 17:57:00,40.01773411280033
2024-01-03 17:58:00,40.29884454374915
2024-01-03 17:59:00,38.5527672322532
2024-01-03 18:00:00,40.08210981125218
2024-01-03 18:01:00,38.77628249052523
2024-01-03 18:02:00,40.8123213416455
2024-01-03 18:03:00,40.05975174582656
2024-01-03 18:04:00,40.90194124129993
2024-01-03 18:05:00,40.50946145159733
2024-01-03 18:06:00,38.95820237764138
2024-01-03 18:07:00,10.861178442664425
2024-01-03 18:08:00,38.08311173105829
2024-01-03 18:09:00,39.24232162061383
2024-01-03 18:10:00,39.931139653022186
2024-01-03 18:11:00,40.06866094540485
2024-01-03 18:12:00,41.9446868673635
2024-01-03 18:13:00,39.24546166264568
2024-01-03 18:14:00,39.60435412119361
2024-01-03 18:15:00,38.85612688800471
2024-01-03 18:16:00,40.63942202408695
2024-01-03 18:17:00,39.99564657374809
2024-01-03 18:18:00,38.82041988461823
2024-01-03 18:19:00,39.1086084483986
2024-01-03 18:20:00,39.96335723798844
2024-01-03 18:21:00,39.10496559767728
2024-01-03 18:22:00,40.641715006637355
2024-01-03 18:23:00,40.59793496499241
2024-01-03 18:24:00,39.44684927990494
2024-01-03 18:25:00,40.82087962904885
2024-01-03 18:26:00,39.905462922872985
2024-01-03 18:27:00,39.39295789328274
2024-01-03 18:28:00,40.12373079211213
2024-01-03 18:29:00,39.630409088291955
2024-01-03 18:30:00,39.155643885883954
2024-01-03 18:31:00,40.81791569244969
2024-01-03 18:32:00,39.5432236976768
2024-01-03 18:33:00,39.07849698890969
2024-01-03 18:34:00,38.984278690725546
2024-01-03 18:35:00,39.285375897202776
2024-01-03 18:36:00,39.978839801643616
2024-01-03 18:37:00,39.98142291946098
2024-01-03 18:38:00,40.58197732413079
2024-01-03 18:39:00,39.347976394066215
2024-01-03 18:40:00,40.12442649214082
2024-01-03 18:41:00,40.10089576870138
2024-01-03 18:42:00,40.36045316004202
2024-01-03 18:43:00,41.03764271627698
2024-01-03 18:44:00,41.28969499782475
2024-01-03 18:45:00,39.652600975368046
2024-01-03 18:46:00,37.252506938259245
2024-01-03 18:47:00,40.92389760779596
2024-01-03 18:48:00,38.814893280194454
2024-01-03 18:49:00,41.662096506415985
2024-01-03 18:50:00,39.80483089062407
2024-01-03 18:51:00,40.18563589390175
2024-01-03 18:52:00,43.21644184703239
2024-01-03 18:53:00,39.54900282419721
2024-01-03 18:54:00,40.33767368560113
2024-01-03 18:55:00,38.87086219678721
2024-01-03 18:56:00,39.678780117468975
2024-01-03 18:57:00,42.11908385513846
2024-01-03 18:58:00,41.514503388116765
2024-01-03 18:59:00,40.86097875663625
2024-01-03 19:00:00,40.46674151494481
2024-01-03 19:01:00,39.001258948411
2024-01-03 19:02:00,42.17722609020561
2024-01-03 19:03:00,39.20350576494125
2024-01-03 19:04:00,38.81061894151913
2024-01-03 19:05:00,40.735269375062146
2024-01-03 19:06:00,39.537433420827355
2024-01-03 19:07:00,39.915751338680856
2024-01-03 19:08:00,39.05516023238775
2024-01-03 19:09:00,40.87888170704653
2024-01-03 19:10:00,40.17806891235158
2024-01-03 19:11:00,41.482380358652016
2024-01-03 19:12:00,39.36896172735715
2024-01-03 19:13:00,41.83189661381693
2024-01-03 19:14:00,41.44124204398404
2024-01-03 19:15:00,39.82376126942306
2024-01-03 19:16:00,42.09072035208022
2024-01-03 19:17:00,42.74334034324635
2024-01-03 19:18:00,40.88715588963162
2024-01-03 19:19:00,41.28112488468175
2024-01-03 19:20:00,41.68129450177738
2024-01-03 19:21:00,41.17027790634366
2024-01-03 19:22:00,40.22120269627634
2024-01-03 19:23:00,38.87258081538646
2024-01-03 19:24:00,41.75499928772487
2024-01-03 19:25:00,40.5054986748715
2024-01-03 19:26:00,58.84523849170533
2024-01-03 19:27:00,41.27595060060757
2024-01-03 19:28:00,41.31124592497377
2024-01-03 19:29:00,42.38787051975464
2024-01-03 19:30:00,40.09815683517246
2024-01-03 19:31:00,41.910392922358156
2024-01-03 19:32:00,41.1735294040657
2024-01-03 19:33:00,41.59661397572657
2024-01-03 19:34:00,40.362948972615726
2024-01-03 19:35:00,39.65128521787963
2024-01-03 19:36:00,41.17809927996771
2024-01-03 19:37:00,40.47065498801134
2024-01-03 19:38:00,39.87401882999701
2024-01-03 19:39:00,40.624569318448685
2024-01-03 19:40:00,41.72348377189331
2024-01-03 19:41:00,41.48798988338027
2024-01-03 19:42:00,41.23672081110372
2024-01-03 19:43:00,41.654132333101934
2024-01-03 19:44:00,41.60955610216396
2024-01-03 19:45:00,40.484044369049755
2024-01-03 19:46:00,40.94625585840941
2024-01-03 19:47:00,42.42610701817244
2024-01-03 19:48:00,40.79518118975351
2024-01-03 19:49:00,42.26435381814561
2024-01-03 19:50:00,41.64989512847626
2024-01-03 19:51:00,41.07450145205794
2024-01-03 19:52:00,43.662990863023175
2024-01-03 19:53:00,25.139630707108978
2024-01-03 19:54:00,41.458612390218484
2024-01-03 19:55:00,41.288393804981396
2024-01-03 19:56:00,42.0328132779628
2024-01-03 19:57:00,61.00328796952289
2024-01-03 19:58:00,41.30466958957217
2024-01-03 19:59:00,42.725099306644715
2024-01-03 20:00:00,42.15157952289987
2024-01-03 20:01:00,42.095079897894756
2024-01-03 20:02:00,42.132462675839406
2024-01-03 20:03:00,40.08675264294166
2024-01-03 20:04:00,39.98755772390418
2024-01-03 20:05:00,42.88983602650838
2024-01-03 20:06:00,40.897274816218605
2024-01-03 20:07:00,43.284501168773275
2024-01-03 20:08:00,40.07064954651585
2024-01-03 20:09:00,41.99622934072598
2024-01-03 20:10:00,41.98775044373337
2024-01-03 20:11:00,42.01757014742016
2024-01-03 20:12:00,45.1302503172749
2024-01-03 20:13:00,42.59078701137208
2024-01-03 20:14:00,41.88946139769095
2024-01-03 20:15:00,42.62264346156073
2024-01-03 20:16:00,42.724978573684844
2024-01-03 20:17:00,43.30724566498972
2024-01-03 20:18:00,40.39336493658032
2024-01-03 20:19:00,40.87450885821007
2024-01-03 20:20:00,42.47390556533993
2024-01-03 20:21:00,41.84392752261038
2024-01-03 20:22:00,42.28738241233298
2024-01-03 20:23:00,41.38040018447647
2024-01-03 20:24:00,40.23111019822958
2024-01-03 20:25:00,62.343479917294026
2024-01-03 20:26:00,41.12941981924659
2024-01-03 20:27:00,42.02989145873954
2024-01-03 20:28:00,42.32907568011935
2024-01-03 20:29:00,42.380970135405015
2024-01-03 20:30:00,71.26190590768564
2024-01-03 20:31:00,42.30479521666882
2024-01-03 20:32:00,41.0797314538304
2024-01-03 20:33:00,42.1664965965758
2024-01-03 20:34:00,41.90310970656326
2024-01-03 20:35:00,42.07695383215818
2024-01-03 20:36:00,43.15095398015577
2024-01-03 20:37:00,43.830890282388964
2024-01-03 20:38:00,41.376132773209946
2024-01-03 20:39:00,42.01640324858137
2024-01-03 20:40:00,42.662490636304184
2024-01-03 20:41:00,40.26876126115876
2024-01-03 20:42:00,41.821200705251755
2024-01-03 20:43:00,41.01556759083711
2024-01-03 20:44:00,42.591214743971975
2024-01-03 20:45:00,42.42064694357143
2024-01-03 20:46:00,43.890430988301745
2024-01-03 20:47:00,40.531711251384785
2024-01-03 20:48:00,42.98471925478575
2024-01-03 20:49:00,43.293299593412826
2024-01-03 20:50:00,41.05239485249656
2024-01-03 20:51:00,40.752709854687176
2024-01-03 20:52:00,42.55714991070472
2024-01-03 20:53:00,43.47270070665816
2024-01-03 20:54:00,41.76175248557068
2024-01-03 20:55:00,43.55717895995235
2024-01-03 20:56:00,42.60061864454417
2024-01-03 20:57:00,42.640435387498535
2024-01-03 20:58:00,44.47618681622082
2024-01-03 20:59:00,42.04572279234122
2024-01-03 21:00:00,43.39145781698454
2024-01-03 21:01:00,43.68507790229043
2024-01-03 21:02:00,42.85699339664906
2024-01-03 21:03:00,43.57762313735236
2024-01-03 21:04:00,43.05842343903049
2024-01-03 21:05:00,43.84248329574614
2024-01-03 21:06:00,43.37473909880582
2024-01-03 21:07:00,42.99706170484807
2024-01-03 21:08:00,42.46838233854542
2024-01-03 21:09:00,42.95543306708966
2024-01-03 21:10:00,41.98602383045645
2024-01-03 21:11:00,43.19559775473919
2024-01-03 21:12:00,43.10151224846479
2024-01-03 21:13:00,43.346745523246526
2024-01-03 21:14:00,42.04120023872466
2024-01-03 21:15:00,45.32822963456077
2024-01-03 21:16:00,42.90624389518216
2024-01-03 21:17:00,42.16521979388373
2024-01-03 21:18:00,41.92091360743126
2024-01-03 21:19:00,40.8297769299937
2024-01-03 21:20:00,43.59611866512584
2024-01-03 21:21:00,41.963236229768434
2024-01-03 21:22:00,44.21342969076463
2024-01-03 21:23:00,43.97142409942364
2024-01-03 21:24:00,43.861688492111206
2024-01-03 21:25:00,44.30184237142116
2024-01-03 21:26:00,42.25369199282114
2024-01-03 21:27:00,43.68904454499107
2024-01-03 21:28:00,44.318001877752415
2024-01-03 21:29:00,42.27532762491398
2024-01-03 21:30:00,44.3953924635412
2024-01-03 21:31:00,44.05471257692701
2024-01-03 21:32:00,43.58356054213929
2024-01-03 21:33:00,42.70063773396338
2024-01-03 21:34:00,45.15501784517345
2024-01-03 21:35:00,44.813035494895686
2024-01-03 21:36:00,44.79767131657163
2024-01-03 21:37:00,45.477062561954206
2024-01-03 21:38:00,44.32512523780513
2024-01-03 21:39:00,42.59980114232452
2024-01-03 21:40:00,26.65499541895568
2024-01-03 21:41:00,45.747796637820365
2024-01-03 21:42:00,43.928570547990866
2024-01-03 21:43:00,44.34268916341217
2024-01-03 21:44:00,45.26589224805481
2024-01-03 21:45:00,44.71955830348723
2024-01-03 21:46:00,43.630342564383874
2024-01-03 21:47:00,45.21950550195575
2024-01-03 21:48:00,43.38047295935232
2024-01-03 21:49:00,45.51514990564683
2024-01-03 21:50:00,44.4123330590628
2024-01-03 21:51:00,45.65711026477217
2024-01-03 21:52:00,43.841922975398255
2024-01-03 21:53:00,45.560149954696634
2024-01-03 21:54:00,44.449786546395536
2024-01-03 21:55:00,43.332956319599944
2024-01-03 21:56:00,45.35257971277011
2024-01-03 21:57:00,46.54227320004687
2024-01-03 21:58:00,45.74142605481633
2024-01-03 21:59:00,44.72194775054035
2024-01-03 22:00:00,45.13941915071729
2024-01-03 22:01:00,45.10277218891094
2024-01-03 22:02:00,45.40252411854282
2024-01-03 22:03:00,44.92757815360753
2024-01-03 22:04:00,45.82128661481723
2024-01-03 22:05:00,46.604924111231576
2024-01-03 22:06:00,46.630819809007704
2024-01-03 22:07:00,45.373105462184455
2024-01-03 22:08:00,45.40274691248474
2024-01-03 22:09:00,46.60728973872689
2024-01-03 22:10:00,44.81331554355888
2024-01-03 22:11:00,46.085916373571955
2024-01-03 22:12:00,45.59943333076691
2024-01-03 22:13:00,44.87415530419546
2024-01-03 22:14:00,44.40567871893699
2024-01-03 22:15:00,46.167649425138066
2024-01-03 22:16:00,45.04710139172746
2024-01-03 22:17:00,45.06911822095507
2024-01-03 22:18:00,46.22919275730278
2024-01-03 22:19:00,45.62312299190127
2024-01-03 22:20:00,45.25128606243119
2024-01-03 22:21:00,46.097252296573814
2024-01-03 22:22:00,45.70175259406881
2024-01-03 22:23:00,68.2250339357596
2024-01-03 22:24:00,45.961636702016165
2024-01-03 22:25:00,46.58146022233585
2024-01-03 22:26:00,45.5949133164274
2024-01-03 22:27:00,46.95718828046202
2024-01-03 22:28:00,47.047620038521806
2024-01-03 22:29:00,46.904186744887454
2024-01-03 22:30:00,46.06149774877115
2024-01-03 22:31:00,48.27863476944746
2024-01-03 22:32:00,47.1051573072218
2024-01-03 22:33:00,48.23117961498238
2024-01-03 22:34:00,47.117150482815326
2024-01-03 22:35:00,45.612892969205795
2024-01-03 22:36:00,47.011932683944586
2024-01-03 22:37:00,46.13171940083405
2024-01-03 22:38:00,45.13905524221134
2024-01-03 22:39:00,23.097819851397606
2024-01-03 22:40:00,48.33220025163045
2024-01-03 22:41:00,46.65879578792678
2024-01-03 22:42:00,46.994208734088836
2024-01-03 22:43:00,72.76790625706813
2024-01-03 22:44:00,46.49119170476328
2024-01-03 22:45:00,46.43006387190525
2024-01-03 22:46:00,47.90496017162573
2024-01-03 22:47:00,47.55603968651491
2024-01-03 22:48:00,43.80903316706888
2024-01-03 22:49:00,49.44287629357683
2024-01-03 22:50:00,47.82236961731207
2024-01-03 22:51:00,46.13677691692914
2024-01-03 22:52:00,48.31249380046593
2024-01-03 22:53:00,45.90007017469134
2024-01-03 22:54:00,45.84725046527035
2024-01-03 22:55:00,21.476684303611677
2024-01-03 22:56:00,47.0470217957598
2024-01-03 22:57:00,45.208724842997675
2024-01-03 22:58:00,46.88920454587018
2024-01-03 22:59:00,48.21822712990961
2024-01-03 23:00:00,47.31743990613199
2024-01-03 23:01:00,47.76367373496444
2024-01-03 23:02:00,48.44059312485183
2024-01-03 23:03:00,47.65699398202941
2024-01-03 23:04:00,49.16523324454118
2024-01-03 23:05:00,48.93389540488455
2024-01-03 23:06:00,49.33013696250628
2024-01-03 23:07:00,47.895733269189044
2024-01-03 23:08:00,48.10551466555098
2024-01-03 23:09:00,49.12640040530832
2024-01-03 23:10:00,47.390682930440306
2024-01-03 23:11:00,46.638880126604015
2024-01-03 23:12:00,48.35034816166818
2024-01-03 23:13:00,47.791176432594284
2024-01-03 23:14:00,27.982059617728673
2024-01-03 23:15:00,47.28399672230598
2024-01-03 23:16:00,48.80921897519024
2024-01-03 23:17:00,48.84110561082799
2024-01-03 23:18:00,48.06506930414512
2024-01-03 23:19:00,49.023784490472586
2024-01-03 23:20:00,48.50043592080731
2024-01-03 23:21:00,48.380063728183345
2024-01-03 23:22:00,50.62717041153239
2024-01-03 23:23:00,49.8127601436193
2024-01-03 23:24:00,47.22769678651108
2024-01-03 23:25:00,48.58062339287074
2024-01-03 23:26:00,49.19968504964928
2024-01-03 23:27:00,48.73183911858388
2024-01-03 23:28:00,48.458358284281545
2024-01-03 23:29:00,48.93947813535489
2024-01-03 23:30:00,48.70870349094989
2024-01-03 23:31:00,49.96965242335281
2024-01-03 23:32:00,47.90333796573835
2024-01-03 23:33:00,48.756738487477385
2024-01-03 23:34:00,48.919715800636325
2024-01-03 23:35:00,48.32327378362799
2024-01-03 23:36:00,47.09774980525686
2024-01-03 23:37:00,47.44006184587594
2024-01-03 23:38:00,48.94210514515927
2024-01-03 23:39:00,50.66044549925473
2024-01-03 23:40:00,48.838408790326696
2024-01-03 23:41:00,48.19676283752606
2024-01-03 23:42:00,49.13427642237731
2024-01-03 23:43:00,48.79327913185253
2024-01-03 23:44:00,49.950376423922826
2024-01-03 23:45:00,48.94083711777825
2024-01-03 23:46:00,47.77740568108133
2024-01-03 23:47:00,48.35579189361478
2024-01-03 23:48:00,47.216388208457175
2024-01-03 23:49:00,50.084316066315
2024-01-03 23:50:00,49.66217471262311
2024-01-03 23:51:00,51.024829469401666
2024-01-03 23:52:00,50.214795142930235
2024-01-03 23:53:00,49.82687803023886
2024-01-03 23:54:00,50.33974866352129
2024-01-03 23:55:00,48.467813792679124
2024-01-03 23:56:00,50.32948311537614
2024-01-03 23:57:00,47.08412140324298
2024-01-03 23:58:00,50.1115680544441
2024-01-03 23:59:00,49.70727165828783
2024-01-04 00:00:00,50.147113136652706
2024-01-04 00:01:00,50.40312077740892
2024-01-04 00:02:00,49.88392137819174
2024-01-04 00:03:00,52.12950030218216
2024-01-04 00:04:00,51.40789420998753
2024-01-04 00:05:00,49.487924264599734
2024-01-04 00:06:00,50.57151550124371
2024-01-04 00:07:00,50.276170699489526
2024-01-04 00:08:00,50.21036570220435
2024-01-04 00:09:00,49.52541500621447
2024-01-04 00:10:00,50.754060453824074
2024-01-04 00:11:00,51.14544255191809
2024-01-04 00:12:00,51.40700745271598
2024-01-04 00:13:00,50.69471527692659
2024-01-04 00:14:00,49.294643915134074
2024-01-04 00:15:00,51.08930432480666
2024-01-04 00:16:00,50.10756216402141
2024-01-04 00:17:00,50.60557163726663
2024-01-04 00:18:00,51.13214728675199
2024-01-04 00:19:00,49.113223884076795
2024-01-04 00:20:00,50.74719834815755
2024-01-04 00:21:00,52.566283982574106
2024-01-04 00:22:00,50.61868273011473
2024-01-04 00:23:00,50.36464326050853
2024-01-04 00:24:00,51.19600271635534
2024-01-04 00:25:00,50.381901957545246
2024-01-04 00:26:00,50.76824393981214
2024-01-04 00:27:00,51.67431012053304
2024-01-04 00:28:00,50.019688896851484
2024-01-04 00:29:00,51.32864642021777
2024-01-04 00:30:00,51.35583751553937
2024-01-04 00:31:00,51.582392615374886
2024-01-04 00:32:00,49.84031318684477
2024-01-04 00:33:00,50.09996181456953
2024-01-04 00:34:00,52.17256994306555
2024-01-04 00:35:00,53.009581767377675
2024-01-04 00:36:00,50.902404130079084
2024-01-04 00:37:00,52.49632989809118
2024-01-04 00:38:00,50.76255409361762
2024-01-04 00:39:00,33.33767407190333
2024-01-04 00:40:00,51.37930273391904
2024-01-04 00:41:00,51.85051041036111
2024-01-04 00:42:00,51.26686701583872
2024-01-04 00:43:00,51.036056803792064
2024-01-04 00:44:00,53.396144294641104
2024-01-04 00:45:00,50.20131059251681
2024-01-04 00:46:00,50.71107642128702
2024-01-04 00:47:00,52.22817993472572
2024-01-04 00:48:00,50.75335424672417
2024-01-04 00:49:00,52.753410104415906
2024-01-04 00:50:00,52.09681772762415
2024-01-04 00:51:00,50.16354798547045
2024-01-04 00:52:00,51.88195920647248
2024-01-04 00:53:00,52.83586423412804
2024-01-04 00:54:00,50.78635561684702
2024-01-04 00:55:00,53.4480173227363
2024-01-04 00:56:00,52.6059517241085
2024-01-04 00:57:00,52.30331183909891
2024-01-04 00:58:00,51.46885636826282
2024-01-04 00:59:00,53.181317895346275
2024-01-04 01:00:00,52.00094981669972
2024-01-04 01:01:00,28.74014769477176
2024-01-04 01:02:00,52.52816550956063
2024-01-04 01:03:00,50.87100859018103
2024-01-04 01:04:00,51.78075837659077
2024-01-04 01:05:00,51.97820380780495
2024-01-04 01:06:00,51.62808121027164
2024-01-04 01:07:00,51.436253381502105
2024-01-04 01:08:00,52.04910927655155
2024-01-04 01:09:00,52.731592024233755
2024-01-04 01:10:00,52.6336451024048
2024-01-04 01:11:00,51.97488844121074
2024-01-04 01:12:00,53.090090701944355
2024-01-04 01:13:00,54.681625788301126
2024-01-04 01:14:00,51.79623010136891
2024-01-04 01:15:00,53.17624299906631
2024-01-04 01:16:00,51.52550313648641
2024-01-04 01:17:00,51.80460636707583
2024-01-04 01:18:00,52.193949552549505
2024-01-04 01:19:00,55.12633721545815
2024-01-04 01:20:00,52.27643599217161
2024-01-04 01:21:00,53.293907088576894
2024-01-04 01:22:00,53.7772856205741
2024-01-04 01:23:00,52.68284064264572
2024-01-04 01:24:00,53.50713472572583
2024-01-04 01:25:00,52.885401682075994
2024-01-04 01:26:00,55.6290709522201
2024-01-04 01:27:00,53.96152380217796
2024-01-04 01:28:00,53.55860344017478
2024-01-04 01:29:00,54.17969910725867
2024-01-04 01:30:00,54.334666906113796
2024-01-04 01:31:00,54.26111344126416
2024-01-04 01:32:00,53.791212023618925
2024-01-04 01:33:00,55.06014858256376
2024-01-04 01:34:00,53.76682057948726
2024-01-04 01:35:00,53.15945700250622
2024-01-04 01:36:00,55.509606806658844
2024-01-04 01:37:00,54.01088158326816
2024-01-04 01:38:00,52.81346655169096
2024-01-04 01:39:00,51.80368457255985
2024-01-04 01:40:00,54.8484697182773
2024-01-04 01:41:00,54.558210190398285
2024-01-04 01:42:00,53.57707112567428
2024-01-04 01:43:00,55.14787493015311
2024-01-04 01:44:00,53.31898733366076
2024-01-04 01:45:00,54.00948911763431
2024-01-04 01:46:00,54.6741453183324
2024-01-04 01:47:00,54.726595219612925
2024-01-04 01:48:00,54.79752938441225
2024-01-04 01:49:00,55.30787897083317
2024-01-04 01:50:00,55.20152045065323
2024-01-04 01:51:00,55.200529280548665
2024-01-04 01:52:00,55.61767538677959
2024-01-04 01:53:00,54.04360911787771
2024-01-04 01:54:00,53.88847782108446
2024-01-04 01:55:00,56.51671564162572
2024-01-04 01:56:00,55.22108888162284
2024-01-04 01:57:00,54.48549214281095
2024-01-04 01:58:00,54.417901518494276
2024-01-04 01:59:00,57.362712490595925
2024-01-04 02:00:00,55.112791261502004
2024-01-04 02:01:00,55.01352468205142
2024-01-04 02:02:00,54.402403128513285
2024-01-04 02:03:00,55.648468030850644
2024-01-04 02:04:00,31.83475380667938
2024-01-04 02:05:00,55.02657183304798
2024-01-04 02:06:00,54.46204374199401
2024-01-04 02:07:00,56.037025466024446
2024-01-04 02:08:00,54.73549076809259
2024-01-04 02:09:00,55.75954779223778
2024-01-04 02:10:00,52.526668459506034
2024-01-04 02:11:00,54.80205528930389
2024-01-04 02:12:00,57.54747062001233
2024-01-04 02:13:00,55.89251879357963
2024-01-04 02:14:00,55.482906123740776
2024-01-04 02:15:00,56.340587122475576
2024-01-04 02:16:00,56.50884186590581
2024-01-04 02:17:00,55.658057784101054
2024-01-04 02:18:00,56.39173035121151
2024-01-04 02:19:00,57.846311052341434
2024-01-04 02:20:00,56.97003112840265
2024-01-04 02:21:00,55.178230749387225
2024-01-04 02:22:00,55.893841513922716
2024-01-04 02:23:00,56.031255378703705
2024-01-04 02:24:00,56.61269780915856
2024-01-04 02:25:00,55.76929040604985
2024-01-04 02:26:00,55.33862275138819
2024-01-04 02:27:00,55.49930269916598
2024-01-04 02:28:00,56.314733693313315
2024-01-04 02:29:00,56.58252857348889
2024-01-04 02:30:00,59.320010045378226
2024-01-04 02:31:00,56.11922467744945
2024-01-04 02:32:00,54.99269824912957
2024-01-04 02:33:00,57.57551148003529
2024-01-04 02:34:00,56.332044944610125
2024-01-04 02:35:00,55.88440333527006
2024-01-04 02:36:00,54.9074098405098
2024-01-04 02:37:00,57.966502248740916
2024-01-04 02:38:00,56.617330075091665
2024-01-04 02:39:00,55.063196499390315
2024-01-04 02:40:00,56.266984728845564
2024-01-04 02:41:00,56.75661265077827
2024-01-04 02:42:00,57.45339175878233
2024-01-04 02:43:00,56.926707654804694
2024-01-04 02:44:00,59.35500915896958
2024-01-04 02:45:00,57.4318059577053
2024-01-04 02:46:00,57.828185237806295
2024-01-04 02:47:00,56.65068338623403
2024-01-04 02:48:00,55.9739783926804
2024-01-04 02:49:00,56.53988304710654
2024-01-04 02:50:00,57.032631355015056
2024-01-04 02:51:00,56.53260325959453
2024-01-04 02:52:00,55.27317094638602
2024-01-04 02:53:00,57.168906335939944
2024-01-04 02:54:00,55.794287334934545
2024-01-04 02:55:00,55.46839106491829
2024-01-04 02:56:00,56.307352689919526
2024-01-04 02:57:00,56.4527795363076
2024-01-04 02:58:00,55.4217105007435
2024-01-04 02:59:00,56.65960349772099
2024-01-04 03:00:00,56.8332075812992
2024-01-04 03:01:00,56.91267599081416
2024-01-04 03:02:00,57.766973651139416
2024-01-04 03:03:00,57.42659315128488
2024-01-04 03:04:00,57.31440208492042
2024-01-04 03:05:00,56.84542815739218
2024-01-04 03:06:00,57.79035687956721
2024-01-04 03:07:00,58.58275506723613
2024-01-04 03:08:00,56.58541569797978
2024-01-04 03:09:00,56.87704352593987
2024-01-04 03:10:00,56.438041062498556
2024-01-04 03:11:00,58.58946358224079
2024-01-04 03:12:00,57.57365992347155
2024-01-04 03:13:00,58.264435235211735
2024-01-04 03:14:00,39.36998727401951
2024-01-04 03:15:00,56.925687153801434
2024-01-04 03:16:00,59.44434728966498
2024-01-04 03:17:00,59.03288374932042
2024-01-04 03:18:00,55.76915739006453
2024-01-04 03:19:00,57.332216133210565
2024-01-04 03:20:00,56.82782623534025
2024-01-04 03:21:00,57.61654224048097
2024-01-04 03:22:00,58.55318750818062
2024-01-04 03:23:00,59.18511235069345
2024-01-04 03:24:00,59.495608104785404
2024-01-04 03:25:00,58.001933545055756
2024-01-04 03:26:00,55.76070417558969
2024-01-04 03:27:00,58.15211851059864
2024-01-04 03:28:00,56.63460918731237
2024-01-04 03:29:00,59.06403458983726
2024-01-04 03:30:00,57.75350626038748
2024-01-04 03:31:00,57.632320152723686
2024-01-04 03:32:00,58.42749973409648
2024-01-04 03:33:00,57.87989134381966
2024-01-04 03:34:00,57.78487579339306
2024-01-04 03:35:00,56.859637779088416
2024-01-04 03:36:00,59.2082510625224
2024-01-04 03:37:00,57.145466617542105
2024-01-04 03:38:00,58.26060181706033
2024-01-04 03:39:00,59.70750177521597
2024-01-04 03:40:00,58.333536977128404
2024-01-04 03:41:00,58.04950182225003
2024-01-04 03:42:00,57.49238659038153
2024-01-04 03:43:00,58.620697369663425
2024-01-04 03:44:00,36.51496804638376
2024-01-04 03:45:00,60.041884958115936
2024-01-04 03:46:00,58.43369850605371
2024-01-04 03:47:00,58.43802014405556
2024-01-04 03:48:00,57.875095093326735
2024-01-04 03:49:00,59.26191675375671
2024-01-04 03:50:00,59.150104926736255
2024-01-04 03:51:00,82.78868050522543
2024-01-04 03:52:00,57.18137922349748
2024-01-04 03:53:00,57.64051576790691
2024-01-04 03:54:00,58.2275598459049
2024-01-04 03:55:00,56.82040516010025
2024-01-04 03:56:00,57.97785944343795
2024-01-04 03:57:00,58.864101793062744
2024-01-04 03:58:00,56.152147484210914
2024-01-04 03:59:00,58.35870274522058
2024-01-04 04:00:00,60.0121675176412
2024-01-04 04:01:00,58.164340718700856
2024-01-04 04:02:00,59.3839246567621
2024-01-04 04:03:00,58.677979267432406
2024-01-04 04:04:00,58.23560016278148
2024-01-04 04:05:00,58.15384114032193
2024-01-04 04:06:00,58.74283468190668
2024-01-04 04:07:00,59.851364775894574
2024-01-04 04:08:00,58.9458896054387
2024-01-04 04:09:00,58.801482884122585
2024-01-04 04:10:00,58.47971772245699
2024-01-04 04:11:00,57.65737494275489
2024-01-04 04:12:00,60.07343951136095
2024-01-04 04:13:00,57.622873855826164
2024-01-04 04:14:00,58.61160249466321
2024-01-04 04:15:00,58.848495781588596
2024-01-04 04:16:00,59.20801612015924
2024-01-04 04:17:00,59.64682054339088
2024-01-04 04:18:00,60.3195805816418
2024-01-04 04:19:00,32.62860823090916
2024-01-04 04:20:00,57.97135064995265
2024-01-04 04:21:00,60.413094754526156
2024-01-04 04:22:00,57.949275516790266
2024-01-04 04:23:00,79.64512047990652
2024-01-04 04:24:00,58.351802354536986
2024-01-04 04:25:00,59.00446551112879
2024-01-04 04:26:00,59.13509762239372
2024-01-04 04:27:00,59.13605430427822
2024-01-04 04:28:00,58.29286707073937
2024-01-04 04:29:00,58.6702966231519
2024-01-04 04:30:00,58.30802925372611
2024-01-04 04:31:00,59.691770248362886
2024-01-04 04:32:00,59.44908774844776
2024-01-04 04:33:00,59.88646434617135
2024-01-04 04:34:00,59.99364490271239
2024-01-04 04:35:00,59.7091927713851
2024-01-04 04:36:00,59.96538127462356
2024-01-04 04:37:00,58.403051164469375
2024-01-04 04:38:00,61.63455994889498
2024-01-04 04:39:00,59.27896454516026
2024-01-04 04:40:00,59.813773665032095
2024-01-04 04:41:00,60.331562129532664
2024-01-04 04:42:00,59.9407740451369
2024-01-04 04:43:00,58.45359536732352
2024-01-04 04:44:00,58.88111613780768
2024-01-04 04:45:00,58.933037316602
2024-01-04 04:46:00,61.02947720678752
2024-01-04 04:47:00,61.066816226633925
2024-01-04 04:48:00,60.50121205870442
2024-01-04 04:49:00,60.74890084527261
2024-01-04 04:50:00,59.572432024082346
2024-01-04 04:51:00,58.99513357194285
2024-01-04 04:52:00,58.50662564280159
2024-01-04 04:53:00,59.80169250246171
2024-01-04 04:54:00,60.21545654205022
2024-01-04 04:55:00,61.17005625469178
2024-01-04 04:56:00,58.12488912225803
2024-01-04 04:57:00,59.08440795097288
2024-01-04 04:58:00,58.32710486487723
2024-01-04 04:59:00,61.14623488190255
2024-01-04 05:00:00,60.89675616728098
2024-01-04 05:01:00,59.00860071687662
2024-01-04 05:02:00,60.16110394490944
2024-01-04 05:03:00,59.171077838027315
2024-01-04 05:04:00,58.92290532100038
2024-01-04 05:05:00,60.11900059167054
2024-01-04 05:06:00,59.44287086359472
2024-01-04 05:07:00,61.601426039103416
2024-01-04 05:08:00,60.093506666841925
2024-01-04 05:09:00,59.177486770337424
2024-01-04 05:10:00,58.855083434036615
2024-01-04 05:11:00,57.68148649091917
2024-01-04 05:12:00,61.683338709983275
2024-01-04 05:13:00,60.276872472369206
2024-01-04 05:14:00,60.34920086816871
2024-01-04 05:15:00,60.585252989716764
2024-01-04 05:16:00,59.95913051515399
2024-01-04 05:17:00,60.427994352672094
2024-01-04 05:18:00,61.84113687720492
2024-01-04 05:19:00,59.59755772298192
2024-01-04 05:20:00,60.22373451497235
2024-01-04 05:21:00,59.719445419537315
2024-01-04 05:22:00,61.48307578806527
2024-01-04 05:23:00,58.74482447071712
2024-01-04 05:24:00,59.586059635725874
2024-01-04 05:25:00,61.17392499429306
2024-01-04 05:26:00,60.73991446746429
2024-01-04 05:27:00,59.90020695127701
2024-01-04 05:28:00,60.96100466228039
2024-01-04 05:29:00,62.01141457174672
2024-01-04 05:30:00,60.27940592934238
2024-01-04 05:31:00,58.30850926781221
2024-01-04 05:32:00,81.93974043324108
2024-01-04 05:33:00,58.440003738447764
2024-01-04 05:34:00,60.94462501443085
2024-01-04 05:35:00,60.551171778233964
2024-01-04 05:36:00,59.65273659023621
2024-01-04 05:37:00,59.70715756047909
2024-01-04 05:38:00,61.26594269444493
2024-01-04 05:39:00,59.6415997118419
2024-01-04 05:40:00,58.78085748984579
2024-01-04 05:41:00,59.195545286332695
2024-01-04 05:42:00,60.45540667247176
2024-01-04 05:43:00,60.26573033939382
2024-01-04 05:44:00,59.87421452750669
2024-01-04 05:45:00,58.41173952460677
2024-01-04 05:46:00,58.66525084839275
2024-01-04 05:47:00,60.13345560987265
2024-01-04 05:48:00,58.585891430516654
2024-01-04 05:49:00,58.9107416191158
2024-01-04 05:50:00,59.840689022519285
2024-01-04 05:51:00,60.4148901622098
2024-01-04 05:52:00,60.19309475277587
2024-01-04 05:53:00,60.95035050638987
2024-01-04 05:54:00,60.82872653574098
2024-01-04 05:55:00,58.34387350980021
2024-01-04 05:56:00,58.75697930287541
2024-01-04 05:57:00,61.2787225338146
2024-01-04 05:58:00,60.01017780875393
2024-01-04 05:59:00,58.59484319331222
2024-01-04 06:00:00,60.30966541064277
2024-01-04 06:01:00,59.59713352752776
2024-01-04 06:02:00,60.49586021607551
2024-01-04 06:03:00,61.153762786806354
2024-01-04 06:04:00,59.122097989572
2024-01-04 06:05:00,59.56589641522918
2024-01-04 06:06:00,60.52548753741864
2024-01-04 06:07:00,61.00120345758801
2024-01-04 06:08:00,60.61518694007069
2024-01-04 06:09:00,59.94572497558266
2024-01-04 06:10:00,60.01432970777034
2024-01-04 06:11:00,59.68211563617205
2024-01-04 06:12:00,59.99627479341222
2024-01-04 06:13:00,59.20753138700218
2024-01-04 06:14:00,59.46302353134609
2024-01-04 06:15:00,60.51408296467621
2024-01-04 06:16:00,57.96822201187891
2024-01-04 06:17:00,58.03595971735142
2024-01-04 06:18:00,59.998958065150774
2024-01-04 06:19:00,60.66729670991097
2024-01-04 06:20:00,58.60920962328507
2024-01-04 06:21:00,60.988293484879335
2024-01-04 06:22:00,60.62918897859065
2024-01-04 06:23:00,61.31346801810127
2024-01-04 06:24:00,59.340901957878
2024-01-04 06:25:00,60.11066720347182
2024-01-04 06:26:00,57.82420170899338
2024-01-04 06:27:00,60.188678096720935
2024-01-04 06:28:00,59.92963235927872
2024-01-04 06:29:00,59.211488403342116
2024-01-04 06:30:00,59.88644696057215
2024-01-04 06:31:00,59.24375124067951
2024-01-04 06:32:00,60.23882639308053
2024-01-04 06:33:00,60.848106426010006
2024-01-04 06:34:00,60.586664763420636
2024-01-04 06:35:00,59.870344844368596
2024-01-04 06:36:00,60.54084734883623
2024-01-04 06:37:00,60.654087668044525
2024-01-04 06:38:00,59.109813212977635
2024-01-04 06:39:00,60.98929454046824
2024-01-04 06:40:00,58.27476027464705
2024-01-04 06:41:00,58.229819107772705
2024-01-04 06:42:00,59.96190980829682
2024-01-04 06:43:00,60.44870152957866
2024-01-04 06:44:00,57.89487842450692
2024-01-04 06:45:00,59.21901494166661
2024-01-04 06:46:00,61.523494012588166
2024-01-04 06:47:00,58.819372367119506
2024-01-04 06:48:00,59.959049537985415
2024-01-04 06:49:00,61.13995858404957
2024-01-04 06:50:00,59.70359642030078
2024-01-04 06:51:00,60.364369377547646
2024-01-04 06:52:00,60.217690429962026
2024-01-04 06:53:00,59.46379336414889
2024-01-04 06:54:00,58.560044803490115
2024-01-04 06:55:00,61.27605289404474
2024-01-04 06:56:00,59.679306604802925
2024-01-04 06:57:00,62.27794986133595
2024-01-04 06:58:00,59.93266770971723
2024-01-04 06:59:00,61.45390394914821
2024-01-04 07:00:00,60.10979142473354
2024-01-04 07:01:00,59.78380623564333
2024-01-04 07:02:00,59.27236204411684
2024-01-04 07:03:00,60.43392739351781
2024-01-04 07:04:00,60.66761653241254
2024-01-04 07:05:00,58.202695181275004
2024-01-04 07:06:00,58.521399495149275
2024-01-04 07:07:00,57.903255489600774
2024-01-04 07:08:00,60.3369358873496
2024-01-04 07:09:00,58.52155368941851
2024-01-04 07:10:00,58.68247890721821
2024-01-04 07:11:00,84.17882737760799
2024-01-04 07:12:00,59.358820019534605
2024-01-04 07:13:00,60.80637941864986
2024-01-04 07:14:00,57.52415941182608
2024-01-04 07:15:00,62.3255296835954
2024-01-04 07:16:00,60.36264149157894
2024-01-04 07:17:00,59.82099898070828
2024-01-04 07:18:00,57.819409874698664
2024-01-04 07:19:00,59.90166188555833
2024-01-04 07:20:00,59.70915793979791
2024-01-04 07:21:00,59.53822614827873
2024-01-04 07:22:00,58.786491950644674
2024-01-04 07:23:00,60.01318899064573
2024-01-04 07:24:00,59.74157886352637
2024-01-04 07:25:00,60.847752783538894
2024-01-04 07:26:00,58.05017072939582
2024-01-04 07:27:00,59.6387471333704
2024-01-04 07:28:00,59.97378542991643
2024-01-04 07:29:00,58.22029765403022
2024-01-04 07:30:00,57.07164105834088
2024-01-04 07:31:00,59.220000966715276
2024-01-04 07:32:00,56.597089321367996
2024-01-04 07:33:00,59.735359554163566
2024-01-04 07:34:00,59.55747719157962
2024-01-04 07:35:00,59.84143633875899
2024-01-04 07:36:00,60.18501186624658
2024-01-04 07:37:00,57.17080029716077
2024-01-04 07:38:00,57.96567998761858
2024-01-04 07:39:00,59.29197011744343
2024-01-04 07:40:00,60.53071957307142
2024-01-04 07:41:00,60.0290970093526
2024-01-04 07:42:00,59.82824908598951
2024-01-04 07:43:00,58.914595438964106
2024-01-04 07:44:00,58.238042685549146
2024-01-04 07:45:00,58.076467588329464
2024-01-04 07:46:00,59.30770137386617
2024-01-04 07:47:00,58.40229158270612
2024-01-04 07:48:00,59.63617700932812
2024-01-04 07:49:00,58.33855214864909
2024-01-04 07:50:00,57.32951249543588
2024-01-04 07:51:00,59.034959402550136
2024-01-04 07:52:00,60.176847313821156
2024-01-04 07:53:00,58.218299479156954
2024-01-04 07:54:00,58.13552327321954
2024-01-04 07:55:00,58.34134972010105
2024-01-04 07:56:00,60.110468206269246
2024-01-04 07:57:00,58.45090020437616
2024-01-04 07:58:00,60.40888428233062
2024-01-04 07:59:00,57.96268105735651
2024-01-04 08:00:00,57.271631685637225
2024-01-04 08:01:00,59.21725591479865
2024-01-04 08:02:00,59.06675007183346
2024-01-04 08:03:00,59.43781819749217
2024-01-04 08:04:00,59.42339413567652
2024-01-04 08:05:00,58.18462666393586
2024-01-04 08:06:00,57.55063931151061
2024-01-04 08:07:00,58.74923595844421
2024-01-04 08:08:00,57.0145770279976
2024-01-04 08:09:00,57.8486306739376
2024-01-04 08:10:00,59.061737752616324
2024-01-04 08:11:00,56.85691864922482
2024-01-04 08:12:00,58.004358568065584
2024-01-04 08:13:00,57.33560597487686
2024-01-04 08:14:00,59.40044054700094
2024-01-04 08:15:00,59.426836891452375
2024-01-04 08:16:00,56.5278558967577
2024-01-04 08:17:00,56.595790186280965
2024-01-04 08:18:00,57.03119119841943
2024-01-04 08:19:00,58.48053778981454
2024-01-04 08:20:00,57.964885349351285
2024-01-04 08:21:00,57.675455702010126
2024-01-04 08:22:00,58.98891635621567
2024-01-04 08:23:00,58.61998883431006
2024-01-04 08:24:00,60.10449761862192
2024-01-04 08:25:00,58.87843632250891
2024-01-04 08:26:00,56.024444350436994
2024-01-04 08:27:00,57.52236504403954
2024-01-04 08:28:00,57.643890691845456
2024-01-04 08:29:00,58.322029163121876
2024-01-04 08:30:00,59.72843950111336
2024-01-04 08:31:00,56.729108073343404
2024-01-04 08:32:00,58.34371041852607
2024-01-04 08:33:00,58.36115561317022
2024-01-04 08:34:00,58.11492641467258
2024-01-04 08:35:00,56.33694870645166
2024-01-04 08:36:00,56.88875810271443
2024-01-04 08:37:00,56.272549432840265
2024-01-04 08:38:00,57.13168037291473
2024-01-04 08:39:00,57.569501626701836
2024-01-04 08:40:00,58.30967797785785
2024-01-04 08:41:00,59.09478445166502
2024-01-04 08:42:00,58.51041204566397
2024-01-04 08:43:00,58.47383003108412
2024-01-04 08:44:00,55.491267110993235
2024-01-04 08:45:00,57.71576980878727
2024-01-04 08:46:00,56.187381361348386
2024-01-04 08:47:00,57.768799172294415
2024-01-04 08:48:00,56.13067166635827
2024-01-04 08:49:00,56.673933219646024
2024-01-04 08:50:00,56.57586726696348
2024-01-04 08:51:00,57.48484597097565
2024-01-04 08:52:00,58.14317590085405
2024-01-04 08:53:00,57.285500354873015
2024-01-04 08:54:00,57.03181602784045
2024-01-04 08:55:00,55.826535884771175
2024-01-04 08:56:00,57.89069399879188
2024-01-04 08:57:00,57.99117158002957
2024-01-04 08:58:00,58.20590706311461
2024-01-04 08:59:00,56.53265738666933
2024-01-04 09:00:00,56.025464406642236
2024-01-04 09:01:00,57.14467240864536
2024-01-04 09:02:00,57.753084799682895
2024-01-04 09:03:00,57.03660009226683
2024-01-04 09:04:00,57.011461273854195
2024-01-04 09:05:00,55.26434521365974
2024-01-04 09:06:00,57.03626437250399
2024-01-04 09:07:00,56.791110662271784
2024-01-04 09:08:00,56.886310188849585
2024-01-04 09:09:00,58.157798540288
2024-01-04 09:10:00,57.63324081525611
2024-01-04 09:11:00,56.46772784500803
2024-01-04 09:12:00,55.28270512927917
2024-01-04 09:13:00,56.60193388360903
2024-01-04 09:14:00,56.668933909542424
2024-01-04 09:15:00,58.18011843947055
2024-01-04 09:16:00,55.27391880409747
2024-01-04 09:17:00,58.08454396643072
2024-01-04 09:18:00,56.57926169456893
2024-01-04 09:19:00,57.108510246581105
2024-01-04 09:20:00,57.85721110561609
2024-01-04 09:21:00,56.11897011962949
2024-01-04 09:22:00,56.588196456733996
2024-01-04 09:23:00,56.6225488208713
2024-01-04 09:24:00,56.93048624213763
2024-01-04 09:25:00,55.92207590835403
2024-01-04 09:26:00,55.13033170743006
2024-01-04 09:27:00,57.63462427883111
2024-01-04 09:28:00,57.00262738612706
2024-01-04 09:29:00,56.04315220847855
2024-01-04 09:30:00,55.97183114375907
2024-01-04 09:31:00,55.4825948793255
2024-01-04 09:32:00,56.22180332823657
2024-01-04 09:33:00,57.38057079394762
2024-01-04 09:34:00,55.13231906332505
2024-01-04 09:35:00,56.065188938091154
2024-01-04 09:36:00,55.21567420108431
2024-01-04 09:37:00,54.9936970980169
2024-01-04 09:38:00,54.094168247046476
2024-01-04 09:39:00,55.37202483361744
2024-01-04 09:40:00,55.675326022861036
2024-01-04 09:41:00,55.3371059487922
2024-01-04 09:42:00,56.15870899537594
2024-01-04 09:43:00,54.6660490603089
2024-01-04 09:44:00,56.09484391823851
2024-01-04 09:45:00,56.63542003312475
2024-01-04 09:46:00,55.563197282167074
2024-01-04 09:47:00,55.41209521749403
2024-01-04 09:48:00,55.0958606300252
2024-01-04 09:49:00,54.768204677603464
2024-01-04 09:50:00,55.13254009254105
2024-01-04 09:51:00,54.76280645138481
2024-01-04 09:52:00,55.06442280669327
2024-01-04 09:53:00,53.17352881941141
2024-01-04 09:54:00,53.029445552161654
2024-01-04 09:55:00,54.68668834440211
2024-01-04 09:56:00,53.021657428534745
2024-01-04 09:57:00,54.5819293535861
2024-01-04 09:58:00,53.6772353099491
2024-01-04 09:59:00,53.918909874407596
2024-01-04 10:00:00,53.25662547952227
2024-01-04 10:01:00,54.73233254914184
2024-01-04 10:02:00,53.689922841355106
2024-01-04 10:03:00,55.54990441501543
2024-01-04 10:04:00,53.50832836218301
2024-01-04 10:05:00,54.29160727371652
2024-01-04 10:06:00,54.51333485939079
2024-01-04 10:07:00,56.66471197991019
2024-01-04 10:08:00,54.52272356257916
2024-01-04 10:09:00,54.66482755791082
2024-01-04 10:10:00,56.56106891581771
2024-01-04 10:11:00,52.76788764588166
2024-01-04 10:12:00,55.90375439162852
2024-01-04 10:13:00,54.120159809160384
2024-01-04 10:14:00,54.730703375738926
2024-01-04 10:15:00,54.59623953038756
2024-01-04 10:16:00,53.30202446746717
2024-01-04 10:17:00,53.363559997767766
2024-01-04 10:18:00,55.37386892610363
2024-01-04 10:19:00,54.8072810128452
2024-01-04 10:20:00,52.612422261441814
2024-01-04 10:21:00,53.99841071832236
2024-01-04 10:22:00,52.812435118824546
2024-01-04 10:23:00,54.1882921735961
2024-01-04 10:24:00,52.02057006720936
2024-01-04 10:25:00,54.82911655214519
2024-01-04 10:26:00,55.162888208214014
2024-01-04 10:27:00,52.984736836251955
2024-01-04 10:28:00,54.76666457159865
2024-01-04 10:29:00,53.282601949662954
2024-01-04 10:30:00,54.829387086732304
2024-01-04 10:31:00,52.65614899653579
2024-01-04 10:32:00,54.69899706448586
2024-01-04 10:33:00,53.29615821072386
2024-01-04 10:34:00,52.7046165362085
2024-01-04 10:35:00,54.92549230440965
2024-01-04 10:36:00,53.28227552084396
2024-01-04 10:37:00,53.09117368530741
2024-01-04 10:38:00,52.81522874147421
2024-01-04 10:39:00,54.59457481496337
2024-01-04 10:40:00,54.492981167703434
2024-01-04 10:41:00,52.42301288236939
2024-01-04 10:42:00,53.61881362483188
2024-01-04 10:43:00,53.133598052218545
2024-01-04 10:44:00,51.59883461084396
2024-01-04 10:45:00,53.012520384108555
2024-01-04 10:46:00,53.593187022506605
2024-01-04 10:47:00,53.704541479659454
2024-01-04 10:48:00,52.36351136093958
2024-01-04 10:49:00,51.09856179613257
2024-01-04 10:50:00,53.89625303905387
2024-01-04 10:51:00,54.308087754046284
2024-01-04 10:52:00,52.22863750163899
2024-01-04 10:53:00,50.465107488090744
2024-01-04 10:54:00,52.98773137525755
2024-01-04 10:55:00,51.62349452022785
2024-01-04 10:56:00,53.236253645030224
2024-01-04 10:57:00,53.4067082533836
2024-01-04 10:58:00,50.320244158745204
2024-01-04 10:59:00,51.241247471865485
2024-01-04 11:00:00,51.702570085632246
2024-01-04 11:01:00,52.883860762031276
2024-01-04 11:02:00,52.36879429044451
2024-01-04 11:03:00,33.35642208678363
2024-01-04 11:04:00,51.737481911128725
2024-01-04 11:05:00,53.47305575004897
2024-01-04 11:06:00,52.165421671155045
2024-01-04 11:07:00,52.451746398580255
2024-01-04 11:08:00,52.25483451522392
2024-01-04 11:09:00,53.13365172674855
2024-01-04 11:10:00,53.36107887266716
2024-01-04 11:11:00,52.82442607999891
2024-01-04 11:12:00,53.802750367626146
2024-01-04 11:13:00,53.738867833396704
2024-01-04 11:14:00,50.09879979721763
2024-01-04 11:15:00,50.381040974937186
2024-01-04 11:16:00,53.67738097398493
2024-01-04 11:17:00,32.1528536397584
2024-01-04 11:18:00,51.3157100578094
2024-01-04 11:19:00,50.55451715593101
2024-01-04 11:20:00,51.52887149069673
2024-01-04 11:21:00,49.26183785503634
2024-01-04 11:22:00,52.36965806244448
2024-01-04 11:23:00,51.12576423818082
2024-01-04 11:24:00,51.445063983280235
2024-01-04 11:25:00,49.85849198430936
2024-01-04 11:26:00,50.61610084599613
2024-01-04 11:27:00,51.923506142024685
2024-01-04 11:28:00,51.01830621818811
2024-01-04 11:29:00,51.016012154085885
2024-01-04 11:30:00,51.24384792686799
2024-01-04 11:31:00,50.4095240421141
2024-01-04 11:32:00,52.8495711814625
2024-01-04 11:33:00,52.05550332758857
2024-01-04 11:34:00,48.98834695377524
2024-01-04 11:35:00,51.73329720307004
2024-01-04 11:36:00,51.89836565872457
2024-01-04 11:37:00,53.56957758193508
2024-01-04 11:38:00,49.91891431355194
2024-01-04 11:39:00,50.192893994776
2024-01-04 11:40:00,51.521917281771536
2024-01-04 11:41:00,51.268645022798374
2024-01-04 11:42:00,50.820609913778284
2024-01-04 11:43:00,51.41387301416463
2024-01-04 11:44:00,50.91393078880037
2024-01-04 11:45:00,51.70340219422299
2024-01-04 11:46:00,50.79910469236723
2024-01-04 11:47:00,49.25267450307652
2024-01-04 11:48:00,50.61720939358894
2024-01-04 11:49:00,50.20999265847965
2024-01-04 11:50:00,49.21882056737509
2024-01-04 11:51:00,50.20107974393184
2024-01-04 11:52:00,50.30394349943127
2024-01-04 11:53:00,51.314671264310135
2024-01-04 11:54:00,52.3140921599147
2024-01-04 11:55:00,49.10671637804999
2024-01-04 11:56:00,51.09739922874686
2024-01-04 11:57:00,50.251820819243854
2024-01-04 11:58:00,50.03573272512351
2024-01-04 11:59:00,51.321050505116524
2024-01-04 12:00:00,49.37557882737059
2024-01-04 12:01:00,47.72721492781116
2024-01-04 12:02:00,75.94052417151894
2024-01-04 12:03:00,48.163756658686424
2024-01-04 12:04:00,48.46816265298398
2024-01-04 12:05:00,48.92054886459763
2024-01-04 12:06:00,50.176163976351084
2024-01-04 12:07:00,50.25328412871304
2024-01-04 12:08:00,49.84487523686584
2024-01-04 12:09:00,49.948139291963315
2024-01-04 12:10:00,49.22977826271259
2024-01-04 12:11:00,47.2925396968221
2024-01-04 12:12:00,50.44452158648881
2024-01-04 12:13:00,48.23979293916046
2024-01-04 12:14:00,48.536411245899664
2024-01-04 12:15:00,48.10560817643851
2024-01-04 12:16:00,50.02632641981199
2024-01-04 12:17:00,48.262869811337595
2024-01-04 12:18:00,49.194283617517684
2024-01-04 12:19:00,48.395358792229885
2024-01-04 12:20:00,47.8505599358512
2024-01-04 12:21:00,50.37862424330783
2024-01-04 12:22:00,49.083669178960065
2024-01-04 12:23:00,48.522201646982865
2024-01-04 12:24:00,48.826183790671266
2024-01-04 12:25:00,48.991356558398856
2024-01-04 12:26:00,46.347249377444584
2024-01-04 12:27:00,48.12024009442361
2024-01-04 12:28:00,47.355978949204506
2024-01-04 12:29:00,49.35710438691463
2024-01-04 12:30:00,51.22175124825853
2024-01-04 12:31:00,48.293492606623545
2024-01-04 12:32:00,48.52457480797127
2024-01-04 12:33:00,46.48452408842817
2024-01-04 12:34:00,50.272457543167775
2024-01-04 12:35:00,48.56173433457351
2024-01-04 12:36:00,49.21008042809059
2024-01-04 12:37:00,50.119137338544895
2024-01-04 12:38:00,47.196794407738814
2024-01-04 12:39:00,48.187842011022745
2024-01-04 12:40:00,45.93582412739162
2024-01-04 12:41:00,49.44706820010755
2024-01-04 12:42:00,47.605927587282196
2024-01-04 12:43:00,49.06917067077396
2024-01-04 12:44:00,48.12680353749564
2024-01-04 12:45:00,49.05687580349102
2024-01-04 12:46:00,47.7786394603043
2024-01-04 12:47:00,48.122326437241654
2024-01-04 12:48:00,49.88855488307048
2024-01-04 12:49:00,49.4190381836124
2024-01-04 12:50:00,47.836031766182316
2024-01-04 12:51:00,47.655597784389606
2024-01-04 12:52:00,48.01319969152528
2024-01-04 12:53:00,47.65248434129005
2024-01-04 12:54:00,46.81945121903865
2024-01-04 12:55:00,45.0943440415382
2024-01-04 12:56:00,48.8044534779512
2024-01-04 12:57:00,47.363827556230724
2024-01-04 12:58:00,48.6984168122977
2024-01-04 12:59:00,46.88569870071128
2024-01-04 13:00:00,47.89255860478803
2024-01-04 13:01:00,48.954754633889486
2024-01-04 13:02:00,46.33815523271811
2024-01-04 13:03:00,48.192843937274404
2024-01-04 13:04:00,48.55135595164901
2024-01-04 13:05:00,46.804834612535046
2024-01-04 13:06:00,64.17628784239207
2024-01-04 13:07:00,47.39159641873354
2024-01-04 13:08:00,47.12812532520901
2024-01-04 13:09:00,47.0382829172231
2024-01-04 13:10:00,48.39201121594765
2024-01-04 13:11:00,47.108851628558234
2024-01-04 13:12:00,47.25713816038754
2024-01-04 13:13:00,48.2139381497429
2024-01-04 13:14:00,47.26029750581124
2024-01-04 13:15:00,46.069313214250606
2024-01-04 13:16:00,47.78376472948767
2024-01-04 13:17:00,46.77264918267941
2024-01-04 13:18:00,46.9645038206237
2024-01-04 13:19:00,47.46508107707317
2024-01-04 13:20:00,46.770200178657625
2024-01-04 13:21:00,45.897258460934246
2024-01-04 13:22:00,47.847070359256556
2024-01-04 13:23:00,47.16230053550283
2024-01-04 13:24:00,47.375988326398804
2024-01-04 13:25:00,46.13498227425188
2024-01-04 13:26:00,45.33517627080256
2024-01-04 13:27:00,45.4568336041661
2024-01-04 13:28:00,47.92703434583922
2024-01-04 13:29:00,44.60135459986938
2024-01-04 13:30:00,47.46518438290345
2024-01-04 13:31:00,48.3412978683826
2024-01-04 13:32:00,46.151582623659316
2024-01-04 13:33:00,46.863688316395894
2024-01-04 13:34:00,47.87547498147989
2024-01-04 13:35:00,44.76001124637959
2024-01-04 13:36:00,47.213239112330754
2024-01-04 13:37:00,45.80166698319543
2024-01-04 13:38:00,46.420752591834535
2024-01-04 13:39:00,45.984243041122255
2024-01-04 13:40:00,45.16836714419816
2024-01-04 13:41:00,47.14480013597009
2024-01-04 13:42:00,45.43636933300565
2024-01-04 13:43:00,43.94094833894635
2024-01-04 13:44:00,45.147066006241985
2024-01-04 13:45:00,44.32138705395445
2024-01-04 13:46:00,68.95007491733077
2024-01-04 13:47:00,44.16858400305861
2024-01-04 13:48:00,45.47688468386855
2024-01-04 13:49:00,45.508302242166344
2024-01-04 13:50:00,45.864848716840065
2024-01-04 13:51:00,44.96152226754835
2024-01-04 13:52:00,44.48601986553805
2024-01-04 13:53:00,44.81181290293816
2024-01-04 13:54:00,43.920293106029014
2024-01-04 13:55:00,44.97406200652467
2024-01-04 13:56:00,43.34846067808271
2024-01-04 13:57:00,44.8378838641554
2024-01-04 13:58:00,44.266941157504505
2024-01-04 13:59:00,45.00549960402018
2024-01-04 14:00:00,44.606377455546905
2024-01-04 14:01:00,43.89184686592345
2024-01-04 14:02:00,45.91749057170392
2024-01-04 14:03:00,45.76386794646264
2024-01-04 14:04:00,46.08718820217285
2024-01-04 14:05:00,43.32890151159098
2024-01-04 14:06:00,42.79071223533118
2024-01-04 14:07:00,44.499139477749885
2024-01-04 14:08:00,44.11977321781664
2024-01-04 14:09:00,43.47203071337919
2024-01-04 14:10:00,44.04599989989096
2024-01-04 14:11:00,46.367307185387425
2024-01-04 14:12:00,44.203534111129954
2024-01-04 14:13:00,43.96828576801666
2024-01-04 14:14:00,46.108676759800375
2024-01-04 14:15:00,43.71519707989707
2024-01-04 14:16:00,45.327345792076024
2024-01-04 14:17:00,42.991423355642624
2024-01-04 14:18:00,43.612968220046525
2024-01-04 14:19:00,42.94727625498212
2024-01-04 14:20:00,43.98555098086814
2024-01-04 14:21:00,42.93983238085021
2024-01-04 14:22:00,45.24192229934839
2024-01-04 14:23:00,43.401680361162214
2024-01-04 14:24:00,45.20919523233375
2024-01-04 14:25:00,45.16468064664003
2024-01-04 14:26:00,43.65171950227976
2024-01-04 14:27:00,45.40388405430714
2024-01-04 14:28:00,43.65195317038185
2024-01-04 14:29:00,44.78086346295754
2024-01-04 14:30:00,44.26596696235271
2024-01-04 14:31:00,42.858850447305215
2024-01-04 14:32:00,43.23815722251363
2024-01-04 14:33:00,43.34743576741794
2024-01-04 14:34:00,42.40369734613483
2024-01-04 14:35:00,43.84370023623753
2024-01-04 14:36:00,45.45665715506943
2024-01-04 14:37:00,42.929021507631056
2024-01-04 14:38:00,46.03759752104922
2024-01-04 14:39:00,43.79879151140028
2024-01-04 14:40:00,44.953127421321526
2024-01-04 14:41:00,45.7822744872466
2024-01-04 14:42:00,44.05985643938347
2024-01-04 14:43:00,45.743091679355686
2024-01-04 14:44:00,44.19427036633185
2024-01-04 14:45:00,43.743190857493204
2024-01-04 14:46:00,42.351920800800315
2024-01-04 14:47:00,45.02986840620601
2024-01-04 14:48:00,43.073076637863245
2024-01-04 14:49:00,42.635323726930324
2024-01-04 14:50:00,45.03518251529017
2024-01-04 14:51:00,42.654749904284486
2024-01-04 14:52:00,44.870087255612276
2024-01-04 14:53:00,42.50806536011875
2024-01-04 14:54:00,43.19894952029036
2024-01-04 14:55:00,42.29674836415266
2024-01-04 14:56:00,41.85836674215318
2024-01-04 14:57:00,41.730874273889974
2024-01-04 14:58:00,43.457710585335
2024-01-04 14:59:00,43.588869364874974
2024-01-04 15:00:00,42.92147422230697
2024-01-04 15:01:00,44.11787337831754
2024-01-04 15:02:00,42.44079322541565
2024-01-04 15:03:00,43.67534766375218
2024-01-04 15:04:00,41.64624635929891
2024-01-04 15:05:00,41.64722968574783
2024-01-04 15:06:00,42.86115863205897
2024-01-04 15:07:00,43.04841553550508
2024-01-04 15:08:00,27.504702763872707
2024-01-04 15:09:00,41.62984282170399
2024-01-04 15:10:00,42.866900757695475
2024-01-04 15:11:00,41.67029507222285
2024-01-04 15:12:00,42.000675518273525
2024-01-04 15:13:00,41.28645987127584
2024-01-04 15:14:00,41.36770279885101
2024-01-04 15:15:00,41.60701749576113
2024-01-04 15:16:00,42.432284795615644
2024-01-04 15:17:00,43.70716569793523
2024-01-04 15:18:00,43.70692766104833
2024-01-04 15:19:00,44.52930446189438
2024-01-04 15:20:00,42.30405223031775
2024-01-04 15:21:00,43.2472122235208
2024-01-04 15:22:00,42.86994145257445
2024-01-04 15:23:00,42.89146610133275
2024-01-04 15:24:00,42.90439320979621
2024-01-04 15:25:00,40.3604470671306
2024-01-04 15:26:00,40.92477380208561
2024-01-04 15:27:00,41.24574341103602
2024-01-04 15:28:00,42.72124942493911
2024-01-04 15:29:00,41.8560606397446
2024-01-04 15:30:00,40.549091267051786
2024-01-04 15:31:00,41.63568289153432
2024-01-04 15:32:00,40.757846386012325
2024-01-04 15:33:00,43.6904066040054
2024-01-04 15:34:00,40.20983488075052
2024-01-04 15:35:00,40.574734686916194
2024-01-04 15:36:00,42.50205522304976
2024-01-04 15:37:00,41.922076052402645
2024-01-04 15:38:00,42.02399348843384
2024-01-04 15:39:00,43.47569408767128
2024-01-04 15:40:00,42.71171513003233
2024-01-04 15:41:00,43.352266540629074
2024-01-04 15:42:00,42.18576967638155
2024-01-04 15:43:00,40.60158315918497
2024-01-04 15:44:00,39.93147275614514
2024-01-04 15:45:00,42.868042276728254
2024-01-04 15:46:00,41.422922738742265
2024-01-04 15:47:00,41.38456798909313
2024-01-04 15:48:00,43.30790299031527
2024-01-04 15:49:00,40.75885630578706
2024-01-04 15:50:00,40.868549339353706
2024-01-04 15:51:00,41.07378671037568
2024-01-04 15:52:00,40.37650852721385
2024-01-04 15:53:00,41.358832377990986
2024-01-04 15:54:00,40.51726192703223
2024-01-04 15:55:00,41.667057974186335
2024-01-04 15:56:00,41.99081940530016
2024-01-04 15:57:00,40.844179464753616
2024-01-04 15:58:00,41.43972013858241
2024-01-04 15:59:00,41.36241489383541
2024-01-04 16:00:00,43.49054089553983
2024-01-04 16:01:00,40.504143358738
2024-01-04 16:02:00,39.92972719175775
2024-01-04 16:03:00,41.125744945762676
2024-01-04 16:04:00,41.43977664059902
2024-01-04 16:05:00,40.74722627988938
2024-01-04 16:06:00,41.54447521991888
2024-01-04 16:07:00,41.381053799177685
2024-01-04 16:08:00,40.34642049761413
2024-01-04 16:09:00,40.66602393648104
2024-01-04 16:10:00,41.68414261232238
2024-01-04 16:11:00,42.77291718437418
2024-01-04 16:12:00,39.66752997808814
2024-01-04 16:13:00,41.8701964707159
2024-01-04 16:14:00,40.211067964608304
2024-01-04 16:15:00,42.847610213353526
2024-01-04 16:16:00,41.14040278926494
2024-01-04 16:17:00,39.7684673950898
2024-01-04 16:18:00,40.282916446533655
2024-01-04 16:19:00,42.16004837300183
2024-01-04 16:20:00,43.277748092311136
2024-01-04 16:21:00,41.2034899546541
2024-01-04 16:22:00,41.52434220597956
2024-01-04 16:23:00,40.80516593794848
2024-01-04 16:24:00,40.335485785923005
2024-01-04 16:25:00,39.14790778815219
2024-01-04 16:26:00,42.093544104657774
2024-01-04 16:27:00,41.39825294655643
2024-01-04 16:28:00,41.16556255409105
2024-01-04 16:29:00,39.623112978991486
2024-01-04 16:30:00,40.688966834991156
2024-01-04 16:31:00,41.98666017223239
2024-01-04 16:32:00,40.95238174772801
2024-01-04 16:33:00,39.0653926547631
2024-01-04 16:34:00,39.06311319886513
2024-01-04 16:35:00,41.13446952421969
2024-01-04 16:36:00,39.639317226360255
2024-01-04 16:37:00,39.74107624534462
2024-01-04 16:38:00,41.37905691520067
2024-01-04 16:39:00,39.010796592783635
2024-01-04 16:40:00,40.59708676778257
2024-01-04 16:41:00,38.50854613187442
2024-01-04 16:42:00,40.592328445894324
2024-01-04 16:43:00,40.4291645310266
2024-01-04 16:44:00,40.986271998652036
2024-01-04 16:45:00,40.322402285847055
2024-01-04 16:46:00,42.01791309098124
2024-01-04 16:47:00,41.17367627773492
2024-01-04 16:48:00,39.61979031720889
2024-01-04 16:49:00,40.913251648378335
2024-01-04 16:50:00,39.74833475281168
2024-01-04 16:51:00,38.48697789627114
2024-01-04 16:52:00,38.41671005711274
2024-01-04 16:53:00,40.80987677623867
2024-01-04 16:54:00,40.41389544097041
2024-01-04 16:55:00,41.173055432578714
2024-01-04 16:56:00,40.109846891772285
2024-01-04 16:57:00,40.18479626956501
2024-01-04 16:58:00,41.08820977252594
2024-01-04 16:59:00,42.2025343014811
2024-01-04 17:00:00,40.341743709744264
2024-01-04 17:01:00,39.71438340873534
2024-01-04 17:02:00,40.094156631424156
2024-01-04 17:03:00,39.001922312365835
2024-01-04 17:04:00,39.34879317020288
2024-01-04 17:05:00,40.88632382357729
2024-01-04 17:06:00,40.72647298739304
2024-01-04 17:07:00,38.966554589875436
2024-01-04 17:08:00,39.667818304227296
2024-01-04 17:09:00,18.39643362015353
2024-01-04 17:10:00,42.02065949231021
2024-01-04 17:11:00,40.40753603388814
2024-01-04 17:12:00,40.296437657969555
2024-01-04 17:13:00,40.333274980667646
2024-01-04 17:14:00,40.48917529873436
2024-01-04 17:15:00,41.39124883571987
2024-01-04 17:16:00,39.322970563793284
2024-01-04 17:17:00,39.00042304871686
2024-01-04 17:18:00,39.767262562077754
2024-01-04 17:19:00,39.343154957974704
2024-01-04 17:20:00,39.98079750201776
2024-01-04 17:21:00,38.990604729537914
2024-01-04 17:22:00,40.93105740434394
2024-01-04 17:23:00,39.80668886368587
2024-01-04 17:24:00,41.610062904984375
2024-01-04 17:25:00,40.46522618611483
2024-01-04 17:26:00,39.132440429066335
2024-01-04 17:27:00,41.55131343709173
2024-01-04 17:28:00,11.686446842329751
2024-01-04 17:29:00,38.07164290991069
2024-01-04 17:30:00,40.2858704588393
2024-01-04 17:31:00,38.652477585995285
2024-01-04 17:32:00,40.08213983773082
2024-01-04 17:33:00,40.70256904106953
2024-01-04 17:34:00,39.66640186401378
2024-01-04 17:35:00,40.071256299337264
2024-01-04 17:36:00,58.98369034810128
2024-01-04 17:37:00,39.64429293390638
2024-01-04 17:38:00,39.437052553781065
2024-01-04 17:39:00,69.97857566292438
2024-01-04 17:40:00,37.74152992259518
2024-01-04 17:41:00,39.234001698051074
2024-01-04 17:42:00,40.74562909918727
2024-01-04 17:43:00,40.13380950131179
2024-01-04 17:44:00,40.726566858364265
2024-01-04 17:45:00,18.831532139258638
2024-01-04 17:46:00,39.804222258040745
2024-01-04 17:47:00,39.02066040056608
2024-01-04 17:48:00,39.23740968205469
2024-01-04 17:49:00,41.158517045869814
2024-01-04 17:50:00,40.52435524659755
2024-01-04 17:51:00,39.46743802565642
2024-01-04 17:52:00,39.41975550982979
2024-01-04 17:53:00,39.85910678307886
2024-01-04 17:54:00,38.38981751342128
2024-01-04 17:55:00,40.08517566639871
2024-01-04 17:56:00,40.978211475122265
2024-01-04 17:57:00,38.574262934425555
2024-01-04 17:58:00,40.31316295882221
2024-01-04 17:59:00,38.807552226648085
2024-01-04 18:00:00,40.47505680084394
2024-01-04 18:01:00,40.783354545395085
2024-01-04 18:02:00,39.7128600892092
2024-01-04 18:03:00,40.44905079715297
2024-01-04 18:04:00,40.705961754105786
2024-01-04 18:05:00,40.38049032799853
2024-01-04 18:06:00,40.17909312239698
2024-01-04 18:07:00,15.889314368313357
2024-01-04 18:08:00,39.814551459214236
2024-01-04 18:09:00,39.56317630286229
2024-01-04 18:10:00,38.98739121934147
2024-01-04 18:11:00,39.554755459510325
2024-01-04 18:12:00,39.352952485091734
2024-01-04 18:13:00,38.33191225614564
2024-01-04 18:14:00,38.9548917069284
2024-01-04 18:15:00,40.36263994109798
2024-01-04 18:16:00,41.584374639226766
2024-01-04 18:17:00,39.07025563090914
2024-01-04 18:18:00,40.52807630274872
2024-01-04 18:19:00,42.333095080030915
2024-01-04 18:20:00,38.657942934442815
2024-01-04 18:21:00,40.38323117957575
2024-01-04 18:22:00,37.462567826327394
2024-01-04 18:23:00,62.84948254103145
2024-01-04 18:24:00,40.00649302655875
2024-01-04 18:25:00,40.30619763181144
2024-01-04 18:26:00,40.17243959869189
2024-01-04 18:27:00,39.92767302027725
2024-01-04 18:28:00,40.94649613540861
2024-01-04 18:29:00,38.9963553419369
2024-01-04 18:30:00,39.53118566690498
2024-01-04 18:31:00,38.920021833648356
2024-01-04 18:32:00,38.528635694627084
2024-01-04 18:33:00,39.30007750129585
2024-01-04 18:34:00,40.31735131080183
2024-01-04 18:35:00,40.322376992970256
2024-01-04 18:36:00,38.14621103857091
2024-01-04 18:37:00,40.465408392646275
2024-01-04 18:38:00,40.54690156833246
2024-01-04 18:39:00,41.44608893581387
2024-01-04 18:40:00,41.34621732042768
2024-01-04 18:41:00,38.86129231363387
2024-01-04 18:42:00,40.58281267004798
2024-01-04 18:43:00,40.47242219472054
2024-01-04 18:44:00,39.21693068982129
2024-01-04 18:45:00,38.046854967141414
2024-01-04 18:46:00,40.426311704014516
2024-01-04 18:47:00,41.810357015786074
2024-01-04 18:48:00,40.32385694293274
2024-01-04 18:49:00,39.44245792322383
2024-01-04 18:50:00,40.56162615545384
2024-01-04 18:51:00,39.15824456565139
2024-01-04 18:52:00,41.97358984895308
2024-01-04 18:53:00,40.503726937231136
2024-01-04 18:54:00,40.546029435386735
2024-01-04 18:55:00,39.11094975616365
2024-01-04 18:56:00,38.73229438669808
2024-01-04 18:57:00,41.19989913436478
2024-01-04 18:58:00,40.29263269200879
2024-01-04 18:59:00,41.90694071082219
2024-01-04 19:00:00,40.640187519470636
2024-01-04 19:01:00,39.74421759771184
2024-01-04 19:02:00,40.431608681226294
2024-01-04 19:03:00,40.52697757701304
2024-01-04 19:04:00,42.51965248081256
2024-01-04 19:05:00,39.370497830453104
2024-01-04 19:06:00,40.767568710790705
2024-01-04 19:07:00,40.816175074623395
2024-01-04 19:08:00,39.33198211950165
2024-01-04 19:09:00,40.693541181348856
2024-01-04 19:10:00,40.38605021972793
2024-01-04 19:11:00,40.136361770400235
2024-01-04 19:12:00,39.50952202593918
2024-01-04 19:13:00,41.71399801077735
2024-01-04 19:14:00,38.57333433409085
2024-01-04 19:15:00,41.29814610116054
2024-01-04 19:16:00,39.86687896117393
2024-01-04 19:17:00,39.930264576513274
2024-01-04 19:18:00,39.42535853545485
2024-01-04 19:19:00,41.78322735665708
2024-01-04 19:20:00,40.83396262440456
2024-01-04 19:21:00,39.91064916309502
2024-01-04 19:22:00,40.75328132256522
2024-01-04 19:23:00,40.01793929165661
2024-01-04 19:24:00,42.312123502319956
2024-01-04 19:25:00,40.47664932163048
2024-01-04 19:26:00,40.05116017624407
2024-01-04 19:27:00,41.165785552196134
2024-01-04 19:28:00,40.27201478518723
2024-01-04 19:29:00,42.53705402903002
2024-01-04 19:30:00,41.257398626299235
2024-01-04 19:31:00,41.87505535909125
2024-01-04 19:32:00,39.19034804321389
2024-01-04 19:33:00,39.916901941885655
2024-01-04 19:34:00,41.6673380569881
2024-01-04 19:35:00,41.21054115453692
2024-01-04 19:36:00,24.485935620399466
2024-01-04 19:37:00,40.55443214463002
2024-01-04 19:38:00,40.56055670953826
2024-01-04 19:39:00,41.6531540712323
2024-01-04 19:40:00,41.77707420264464
2024-01-04 19:41:00,41.286875609830545
2024-01-04 19:42:00,39.78902746416948
2024-01-04 19:43:00,42.044818606810345
2024-01-04 19:44:00,42.06287523246053
2024-01-04 19:45:00,42.316099255128826
2024-01-04 19:46:00,41.410384728802164
2024-01-04 19:47:00,41.77504746045583
2024-01-04 19:48:00,41.80342783365705
2024-01-04 19:49:00,41.39450800722546
2024-01-04 19:50:00,40.40541021587495
2024-01-04 19:51:00,39.16354075426011
2024-01-04 19:52:00,42.811976652975154
2024-01-04 19:53:00,41.796918619435225
2024-01-04 19:54:00,42.768453021169805
2024-01-04 19:55:00,41.05272528332865
2024-01-04 19:56:00,41.91489836872136
2024-01-04 19:57:00,42.49428031874724
2024-01-04 19:58:00,40.792980246952204
2024-01-04 19:59:00,40.65876992037568
2024-01-04 20:00:00,41.56906889615607
2024-01-04 20:01:00,40.86601166312817
2024-01-04 20:02:00,42.20537409116592
2024-01-04 20:03:00,40.964150045191964
2024-01-04 20:04:00,41.53454684152161
2024-01-04 20:05:00,42.3386836119856
2024-01-04 20:06:00,41.5732287193944
2024-01-04 20:07:00,39.30873912468993
2024-01-04 20:08:00,40.76452679868214
2024-01-04 20:09:00,41.4510568017391
2024-01-04 20:10:00,42.436764655933224
2024-01-04 20:11:00,41.72416839634958
2024-01-04 20:12:00,43.68286522156362
2024-01-04 20:13:00,42.35895739789416
2024-01-04 20:14:00,40.599169039730306
2024-01-04 20:15:00,43.05897673663235
2024-01-04 20:16:00,41.18000544295395
2024-01-04 20:17:00,42.97288635955687
2024-01-04 20:18:00,42.60841629157793
2024-01-04 20:19:00,42.228646332280384
2024-01-04 20:20:00,41.71916200628924
2024-01-04 20:21:00,42.83356846649534
2024-01-04 20:22:00,41.16448161892078
2024-01-04 20:23:00,42.71999850753352
2024-01-04 20:24:00,43.114523951780846
2024-01-04 20:25:00,42.02282320847222
2024-01-04 20:26:00,42.1583307140566
2024-01-04 20:27:00,39.98788769000396
2024-01-04 20:28:00,41.412492043551325
2024-01-04 20:29:00,43.262798105782274
2024-01-04 20:30:00,43.3075661436755
2024-01-04 20:31:00,42.04052757335959
2024-01-04 20:32:00,42.77397375189334
2024-01-04 20:33:00,41.87264494110741
2024-01-04 20:34:00,39.25319474679382
2024-01-04 20:35:00,43.30416617641114
2024-01-04 20:36:00,43.03949675780087
2024-01-04 20:37:00,44.31631234717947
2024-01-04 20:38:00,40.726352966216105
2024-01-04 20:39:00,40.31347939967029
2024-01-04 20:40:00,42.468306358275974
2024-01-04 20:41:00,42.987828011432285
2024-01-04 20:42:00,44.37866184521966
2024-01-04 20:43:00,41.74317397057034
2024-01-04 20:44:00,41.66591756833943
2024-01-04 20:45:00,40.9321240529401
2024-01-04 20:46:00,41.81339952233586
2024-01-04 20:47:00,43.95273350404192
2024-01-04 20:48:00,43.45787770336003
2024-01-04 20:49:00,43.55200213025568
2024-01-04 20:50:00,44.73357137005948
2024-01-04 20:51:00,42.419941620992084
2024-01-04 20:52:00,41.37435335753103
2024-01-04 20:53:00,42.56212419333105
2024-01-04 20:54:00,41.3661639331336
2024-01-04 20:55:00,44.3984734056609
2024-01-04 20:56:00,40.32005827271372
2024-01-04 20:57:00,41.64860842657588
2024-01-04 20:58:00,42.96149308233073
2024-01-04 20:59:00,43.73295486365239
2024-01-04 21:00:00,41.98315207178572
2024-01-04 21:01:00,44.26098421821719
2024-01-04 21:02:00,42.50890855326947
2024-01-04 21:03:00,43.098429009029346
2024-01-04 21:04:00,42.17350808779353
2024-01-04 21:05:00,42.79403168551618
2024-01-04 21:06:00,43.23315637625043
2024-01-04 21:07:00,43.06380181181715
2024-01-04 21:08:00,42.61032912329743
2024-01-04 21:09:00,43.77822221067509
2024-01-04 21:10:00,42.523842070972144
2024-01-04 21:11:00,44.54085793686618
2024-01-04 21:12:00,43.62007441526775
2024-01-04 21:13:00,42.872617550632775
2024-01-04 21:14:00,42.92494495802822
2024-01-04 21:15:00,42.679742380698414
2024-01-04 21:16:00,43.22270455641987
2024-01-04 21:17:00,44.33978660493075
2024-01-04 21:18:00,41.72600862946375
2024-01-04 21:19:00,43.74463753044644
2024-01-04 21:20:00,44.950631089558826
2024-01-04 21:21:00,43.99032160719437
2024-01-04 21:22:00,41.744231981314016
2024-01-04 21:23:00,43.40950605690386
2024-01-04 21:24:00,44.24486301236892
2024-01-04 21:25:00,44.7168384531177
2024-01-04 21:26:00,42.82715314477735
2024-01-04 21:27:00,45.32099052274233
2024-01-04 21:28:00,43.573891172477495
2024-01-04 21:29:00,41.125934834807325
2024-01-04 21:30:00,45.54089545223099
2024-01-04 21:31:00,44.11049149769662
2024-01-04 21:32:00,43.589585364333
2024-01-04 21:33:00,44.36321750928711
2024-01-04 21:34:00,44.42469959567673
2024-01-04 21:35:00,44.92322320165053
2024-01-04 21:36:00,45.45766088676594
2024-01-04 21:37:00,44.07486358425231
2024-01-04 21:38:00,46.1554733024863
2024-01-04 21:39:00,44.347770173613405
2024-01-04 21:40:00,42.99526696803373
2024-01-04 21:41:00,43.26322669560491
2024-01-04 21:42:00,43.78915841829229
2024-01-04 21:43:00,43.331933123717924
2024-01-04 21:44:00,43.735252863183156
2024-01-04 21:45:00,45.88784357712216
2024-01-04 21:46:00,44.88923286127048
2024-01-04 21:47:00,28.819874020478867
2024-01-04 21:48:00,43.99101145623464
2024-01-04 21:49:00,45.507359468899075
2024-01-04 21:50:00,43.56341874383957
2024-01-04 21:51:00,45.985243977449976
2024-01-04 21:52:00,43.336749103041605
2024-01-04 21:53:00,43.72052568996208
2024-01-04 21:54:00,43.90438284352771
2024-01-04 21:55:00,43.146245656209075
2024-01-04 21:56:00,45.94890329452305
2024-01-04 21:57:00,42.922481309770816
2024-01-04 21:58:00,21.164942278747965
2024-01-04 21:59:00,44.23740763658165
2024-01-04 22:00:00,43.207234704438
2024-01-04 22:01:00,45.485064493170036
2024-01-04 22:02:00,47.28556548235518
2024-01-04 22:03:00,45.72193554949561
2024-01-04 22:04:00,44.65944627277674
2024-01-04 22:05:00,46.03832994310423
2024-01-04 22:06:00,45.215275699651926
2024-01-04 22:07:00,46.7469946879288
2024-01-04 22:08:00,45.51042058623587
2024-01-04 22:09:00,43.60674613727133
2024-01-04 22:10:00,45.573734186600966
2024-01-04 22:11:00,45.96937760863089
2024-01-04 22:12:00,47.17929422154257
2024-01-04 22:13:00,46.833484110958935
2024-01-04 22:14:00,47.18710895042214
2024-01-04 22:15:00,47.064215760744595
2024-01-04 22:16:00,46.694920951699046
2024-01-04 22:17:00,46.037804464180766
2024-01-04 22:18:00,44.86461221502803
2024-01-04 22:19:00,45.27178453110286
2024-01-04 22:20:00,47.128653336941404
2024-01-04 22:21:00,45.85885462698794
2024-01-04 22:22:00,46.13237717036514
2024-01-04 22:23:00,46.97697280584602
2024-01-04 22:24:00,46.72918838995824
2024-01-04 22:25:00,45.768832347526484
2024-01-04 22:26:00,46.74832458322295
2024-01-04 22:27:00,45.6265296821226
2024-01-04 22:28:00,46.66815889680636
2024-01-04 22:29:00,46.88226845381388
2024-01-04 22:30:00,45.19819142315132
2024-01-04 22:31:00,46.10623487283941
2024-01-04 22:32:00,47.436411588551096
2024-01-04 22:33:00,46.56354668698131
2024-01-04 22:34:00,45.49368780037103
2024-01-04 22:35:00,45.80277874663708
2024-01-04 22:36:00,45.41365351541346
2024-01-04 22:37:00,21.869943601209293
2024-01-04 22:38:00,48.596312178458234
2024-01-04 22:39:00,47.78337890442044
2024-01-04 22:40:00,47.1046022560227
2024-01-04 22:41:00,46.94636479654497
2024-01-04 22:42:00,46.07992181700195
2024-01-04 22:43:00,46.08166421474764
2024-01-04 22:44:00,45.938521292914814
2024-01-04 22:45:00,46.12657975452953
2024-01-04 22:46:00,46.99720754464019
2024-01-04 22:47:00,46.90805610675137
2024-01-04 22:48:00,47.402579707292674
2024-01-04 22:49:00,46.01831944572097
2024-01-04 22:50:00,46.73028840677351
2024-01-04 22:51:00,46.69380406316887
2024-01-04 22:52:00,47.92503258774812
2024-01-04 22:53:00,47.807668042100794
2024-01-04 22:54:00,48.69406149571596
2024-01-04 22:55:00,48.33473260663929
2024-01-04 22:56:00,46.85264347582199
2024-01-04 22:57:00,46.67802545867086
2024-01-04 22:58:00,49.34175183236461
2024-01-04 22:59:00,47.1668770148259
2024-01-04 23:00:00,47.18183302744499
2024-01-04 23:01:00,46.75067317160227
2024-01-04 23:02:00,46.5976265048747
2024-01-04 23:03:00,47.636879014876016
2024-01-04 23:04:00,46.82494871263475
2024-01-04 23:05:00,46.68215596686094
2024-01-04 23:06:00,47.38884293961826
2024-01-04 23:07:00,47.29568615896406
2024-01-04 23:08:00,48.05285656470626
2024-01-04 23:09:00,46.3815446158181
2024-01-04 23:10:00,47.607516161812015
2024-01-04 23:11:00,47.37623204409702
2024-01-04 23:12:00,48.048483939526484
2024-01-04 23:13:00,47.79803969764287
2024-01-04 23:14:00,48.0468958547672
2024-01-04 23:15:00,48.03140443725973
2024-01-04 23:16:00,47.23380677863093
2024-01-04 23:17:00,47.770788595165925
2024-01-04 23:18:00,47.45286043243929
2024-01-04 23:19:00,48.73629539133356
2024-01-04 23:20:00,47.9645908757548
2024-01-04 23:21:00,47.124381205066015
2024-01-04 23:22:00,48.54348720346297
2024-01-04 23:23:00,48.66469588717206
2024-01-04 23:24:00,32.03767180179261
2024-01-04 23:25:00,47.973737796618785
2024-01-04 23:26:00,46.38891076018584
2024-01-04 23:27:00,47.99505018631073
2024-01-04 23:28:00,48.38880957703112
2024-01-04 23:29:00,46.59618189839291
2024-01-04 23:30:00,46.74605532851317
2024-01-04 23:31:00,48.83227790560111
2024-01-04 23:32:00,50.721415238933034
2024-01-04 23:33:00,48.110144437345376
2024-01-04 23:34:00,47.91000099677066
2024-01-04 23:35:00,50.61477449021059
2024-01-04 23:36:00,48.69424831513353
2024-01-04 23:37:00,46.20942925826039
2024-01-04 23:38:00,47.966866016367426
2024-01-04 23:39:00,48.64274817140156
2024-01-04 23:40:00,50.504101313868446
2024-01-04 23:41:00,47.97870667942326
2024-01-04 23:42:00,48.32645838594463
2024-01-04 23:43:00,49.59446454797263
2024-01-04 23:44:00,48.56068890603127
2024-01-04 23:45:00,48.90281122778973
2024-01-04 23:46:00,48.77108016534646
2024-01-04 23:47:00,49.03487144573644
2024-01-04 23:48:00,49.46789011451776
2024-01-04 23:49:00,51.863955836562326
2024-01-04 23:50:00,49.63191768678849
2024-01-04 23:51:00,48.67909879781881
2024-01-04 23:52:00,48.951470239143426
2024-01-04 23:53:00,49.9572082719494
2024-01-04 23:54:00,51.04853815323071
2024-01-04 23:55:00,48.82219445178009
2024-01-04 23:56:00,49.85760613797935
2024-01-04 23:57:00,50.429327198957346
2024-01-04 23:58:00,49.82630861489382
2024-01-04 23:59:00,51.14721731228077
2024-01-05 00:00:00,50.016249764273645
2024-01-05 00:01:00,50.28921215125495
2024-01-05 00:02:00,50.13607592789928
2024-01-05 00:03:00,72.35008232756537
2024-01-05 00:04:00,51.66713182281793
2024-01-05 00:05:00,50.18244587922954
2024-01-05 00:06:00,49.4484939385891
2024-01-05 00:07:00,49.65566510998702
2024-01-05 00:08:00,51.18441377407661
2024-01-05 00:09:00,49.962907206028305
2024-01-05 00:10:00,50.07304328579614
2024-01-05 00:11:00,50.764300155813025
2024-01-05 00:12:00,49.56833253117788
2024-01-05 00:13:00,49.94463121537207
2024-01-05 00:14:00,48.68783614769344
2024-01-05 00:15:00,50.290041537482736
2024-01-05 00:16:00,50.78620192797333
2024-01-05 00:17:00,52.19702939955504
2024-01-05 00:18:00,51.848245994044824
2024-01-05 00:19:00,51.91946015408997
2024-01-05 00:20:00,51.06068631846488
2024-01-05 00:21:00,50.87834670693455
2024-01-05 00:22:00,53.12668042331545
2024-01-05 00:23:00,51.50454442071373
2024-01-05 00:24:00,50.819154982432885
2024-01-05 00:25:00,53.17986992173578
2024-01-05 00:26:00,49.97744473937639
2024-01-05 00:27:00,50.46848199830716
2024-01-05 00:28:00,74.13998073688204
2024-01-05 00:29:00,49.97476590220953
2024-01-05 00:30:00,50.83323209605543
2024-01-05 00:31:00,52.33575519133221
2024-01-05 00:32:00,51.978743806949055
2024-01-05 00:33:00,52.192501617920605
2024-01-05 00:34:00,52.316003726040606
2024-01-05 00:35:00,51.543334980653036
2024-01-05 00:36:00,52.25919604445691
2024-01-05 00:37:00,53.25304768651921
2024-01-05 00:38:00,52.53200738188747
2024-01-05 00:39:00,51.54647359180862
2024-01-05 00:40:00,50.60462856468118
2024-01-05 00:41:00,51.49301997756606
2024-01-05 00:42:00,51.550243574639545
2024-01-05 00:43:00,50.39849292581584
2024-01-05 00:44:00,51.466544810909504
2024-01-05 00:45:00,51.1921413973881
2024-01-05 00:46:00,52.63442200944062
2024-01-05 00:47:00,35.51650834086466
2024-01-05 00:48:00,51.53906187939504
2024-01-05 00:49:00,52.05572428870237
2024-01-05 00:50:00,51.60847751554395
2024-01-05 00:51:00,51.61380055872347
2024-01-05 00:52:00,51.37691822877589
2024-01-05 00:53:00,50.6496673937944
2024-01-05 00:54:00,53.637450366035445
2024-01-05 00:55:00,52.58906051235128
2024-01-05 00:56:00,51.72369235864036
2024-01-05 00:57:00,53.40262777875952
2024-01-05 00:58:00,51.93495607372465
2024-01-05 00:59:00,51.8707095980913
2024-01-05 01:00:00,51.8868908226392
2024-01-05 01:01:00,51.851069109415356
2024-01-05 01:02:00,53.022840714427765
2024-01-05 01:03:00,52.27840313385975
2024-01-05 01:04:00,53.66973381543546
2024-01-05 01:05:00,53.86073807020662
2024-01-05 01:06:00,52.991356679193
2024-01-05 01:07:00,53.2904926744942
2024-01-05 01:08:00,53.47762182192489
2024-01-05 01:09:00,53.04768504758619
2024-01-05 01:10:00,52.586009240800415
2024-01-05 01:11:00,54.637609072257895
2024-01-05 01:12:00,52.00138290623401
2024-01-05 01:13:00,54.26312469680915
2024-01-05 01:14:00,53.11804312083158
2024-01-05 01:15:00,53.29787626299017
2024-01-05 01:16:00,54.49257986030029
2024-01-05 01:17:00,54.29755486697873
2024-01-05 01:18:00,53.63494095060728
2024-01-05 01:19:00,53.40008781563558
2024-01-05 01:20:00,52.554956293351346
2024-01-05 01:21:00,53.08216712581345
2024-01-05 01:22:00,53.55312202873434
2024-01-05 01:23:00,52.70960059682724
2024-01-05 01:24:00,52.89989937332945
2024-01-05 01:25:00,52.64036524653437
2024-01-05 01:26:00,53.82481976464879
2024-01-05 01:27:00,53.88832342495304
2024-01-05 01:28:00,51.939085263222395
2024-01-05 01:29:00,53.10402322848067
2024-01-05 01:30:00,55.293996777532314
2024-01-05 01:31:00,54.977832321228654
2024-01-05 01:32:00,54.4267773222989
2024-01-05 01:33:00,53.92075238812023
2024-01-05 01:34:00,55.68676558983551
2024-01-05 01:35:00,53.03495932698539
2024-01-05 01:36:00,53.20973424279886
2024-01-05 01:37:00,52.46357907766975
2024-01-05 01:38:00,54.43104928715922
2024-01-05 01:39:00,56.33178357903121
2024-01-05 01:40:00,52.657114858443116
2024-01-05 01:41:00,52.76759393640585
2024-01-05 01:42:00,54.09803997243983
2024-01-05 01:43:00,55.38347018275778
2024-01-05 01:44:00,53.74444332807098
2024-01-05 01:45:00,53.40445442146919
2024-01-05 01:46:00,54.158103273151866
2024-01-05 01:47:00,54.20708437753263
2024-01-05 01:48:00,54.25372080956518
2024-01-05 01:49:00,77.1120386142353
2024-01-05 01:50:00,54.2928850412245
2024-01-05 01:51:00,53.412781002616576
2024-01-05 01:52:00,53.790710527939176
2024-01-05 01:53:00,57.112064543355636
2024-01-05 01:54:00,53.93321475268389
2024-01-05 01:55:00,56.56559559745868
2024-01-05 01:56:00,53.97471154463678
2024-01-05 01:57:00,53.616345553641686
2024-01-05 01:58:00,54.224439787771985
2024-01-05 01:59:00,55.57947472268098
2024-01-05 02:00:00,54.5224159620366
2024-01-05 02:01:00,54.85892952542076
2024-01-05 02:02:00,55.479083757917785
2024-01-05 02:03:00,55.717159875304304
2024-01-05 02:04:00,53.155637948243964
2024-01-05 02:05:00,52.861368730808124
2024-01-05 02:06:00,55.400888827371276
2024-01-05 02:07:00,55.56072359457734
2024-01-05 02:08:00,56.82535685479468
2024-01-05 02:09:00,54.3887039242742
2024-01-05 02:10:00,55.3960428876237
2024-01-05 02:11:00,55.434554279733874
2024-01-05 02:12:00,56.5458742751979
2024-01-05 02:13:00,54.50058002730815
2024-01-05 02:14:00,55.68208388187086
2024-01-05 02:15:00,56.1813716320049
2024-01-05 02:16:00,54.84948504099141
2024-01-05 02:17:00,55.50773525385783
2024-01-05 02:18:00,56.26189793139336
2024-01-05 02:19:00,54.72677996761905
2024-01-05 02:20:00,55.24483360370632
2024-01-05 02:21:00,57.7494816556684
2024-01-05 02:22:00,54.52021971997141
2024-01-05 02:23:00,57.16023726564901
2024-01-05 02:24:00,57.11661781118848
2024-01-05 02:25:00,58.681152814113894
2024-01-05 02:26:00,55.68503650675007
2024-01-05 02:27:00,56.54919387797405
2024-01-05 02:28:00,55.445548709136276
2024-01-05 02:29:00,56.9525683443156
2024-01-05 02:30:00,55.57970186510039
2024-01-05 02:31:00,56.770145969848635
2024-01-05 02:32:00,55.76732934164346
2024-01-05 02:33:00,58.203230767701925
2024-01-05 02:34:00,56.831552218613396
2024-01-05 02:35:00,55.49140322245612
2024-01-05 02:36:00,56.43166501969577
2024-01-05 02:37:00,57.16906456489924
2024-01-05 02:38:00,58.504700518017486
2024-01-05 02:39:00,56.97871906460111
2024-01-05 02:40:00,55.94282203213315
2024-01-05 02:41:00,56.858090491077135
2024-01-05 02:42:00,57.460070988515604
2024-01-05 02:43:00,58.32216362754239
2024-01-05 02:44:00,55.699842651346934
2024-01-05 02:45:00,57.10167111811914
2024-01-05 02:46:00,56.35654480911796
2024-01-05 02:47:00,57.619270589430364
2024-01-05 02:48:00,56.16754783392638
2024-01-05 02:49:00,56.114676452731416
2024-01-05 02:50:00,57.68282975009038
2024-01-05 02:51:00,56.68769712433976
2024-01-05 02:52:00,55.81185750980281
2024-01-05 02:53:00,56.894814111950105
2024-01-05 02:54:00,57.08730632358351
2024-01-05 02:55:00,55.75456207092585
2024-01-05 02:56:00,55.75301339457768
2024-01-05 02:57:00,57.02827899637306
2024-01-05 02:58:00,55.2445540600221
2024-01-05 02:59:00,57.228133274425424
2024-01-05 03:00:00,57.36251919159912
2024-01-05 03:01:00,56.5380340758208
2024-01-05 03:02:00,57.18451441478228
2024-01-05 03:03:00,55.88974999965183
2024-01-05 03:04:00,56.4028986543866
2024-01-05 03:05:00,56.54639042701726
2024-01-05 03:06:00,57.670667771879685
2024-01-05 03:07:00,57.614845722106175
2024-01-05 03:08:00,58.16333771991649
2024-01-05 03:09:00,58.99440488015293
2024-01-05 03:10:00,36.88389442298002
2024-01-05 03:11:00,56.92495928046862
2024-01-05 03:12:00,57.56332089884926
2024-01-05 03:13:00,57.526167157172985
2024-01-05 03:14:00,58.40105798264728
2024-01-05 03:15:00,57.03010742141271
2024-01-05 03:16:00,29.053915506104524
2024-01-05 03:17:00,58.84366407468741
2024-01-05 03:18:00,57.31464207528519
2024-01-05 03:19:00,57.83732416395164
2024-01-05 03:20:00,56.8342282833877
2024-01-05 03:21:00,58.678380800601076
2024-01-05 03:22:00,57.55704277172088
2024-01-05 03:23:00,55.63078835250513
2024-01-05 03:24:00,56.91567260711949
2024-01-05 03:25:00,56.407306573245194
2024-01-05 03:26:00,57.501734851851666
2024-01-05 03:27:00,56.850861484748016
2024-01-05 03:28:00,56.0340808838762
2024-01-05 03:29:00,56.584417820224616
2024-01-05 03:30:00,58.04806318847309
2024-01-05 03:31:00,57.247223618755804
2024-01-05 03:32:00,58.16691573810226
2024-01-05 03:33:00,58.74761041135557
2024-01-05 03:34:00,57.16117589889992
2024-01-05 03:35:00,58.81592525904693
2024-01-05 03:36:00,57.910913786880045
2024-01-05 03:37:00,59.53393313420887
2024-01-05 03:38:00,58.134493646222396
2024-01-05 03:39:00,60.274028672518604
2024-01-05 03:40:00,58.69375679380007
2024-01-05 03:41:00,57.472186929116496
2024-01-05 03:42:00,56.867195619848275
2024-01-05 03:43:00,58.406512232207064
2024-01-05 03:44:00,58.368591040284635
2024-01-05 03:45:00,59.12064488141693
2024-01-05 03:46:00,57.428275903828784
2024-01-05 03:47:00,57.82778383090175
2024-01-05 03:48:00,58.242076162658925
2024-01-05 03:49:00,58.57960797114955
2024-01-05 03:50:00,59.686569144372356
2024-01-05 03:51:00,59.09936987229878
2024-01-05 03:52:00,57.57050458381334
2024-01-05 03:53:00,58.72927564705506
2024-01-05 03:54:00,59.43094578912104
2024-01-05 03:55:00,58.878266133449976
2024-01-05 03:56:00,59.24435747870218
2024-01-05 03:57:00,59.332304688847074
2024-01-05 03:58:00,59.77917449892342
2024-01-05 03:59:00,59.11312519754179
2024-01-05 04:00:00,60.00298394185219
2024-01-05 04:01:00,58.078562630155524
2024-01-05 04:02:00,58.1331875641291
2024-01-05 04:03:00,60.05706220606527
2024-01-05 04:04:00,57.44429690481612
2024-01-05 04:05:00,55.88240590682006
2024-01-05 04:06:00,60.0263335435931
2024-01-05 04:07:00,59.441801078026
2024-01-05 04:08:00,32.0472312056067
2024-01-05 04:09:00,59.260349900628704
2024-01-05 04:10:00,57.930679324021284
2024-01-05 04:11:00,58.802687202138806
2024-01-05 04:12:00,58.35968954803643
2024-01-05 04:13:00,59.765858760231005
2024-01-05 04:14:00,59.52018237603295
2024-01-05 04:15:00,59.98371399968275
2024-01-05 04:16:00,58.30227017021925
2024-01-05 04:17:00,59.665431957203076
2024-01-05 04:18:00,59.35990752842797
2024-01-05 04:19:00,57.89395210568802
2024-01-05 04:20:00,59.2275166123824
2024-01-05 04:21:00,59.37654885727482
2024-01-05 04:22:00,58.79686326790516
2024-01-05 04:23:00,60.305080402823634
2024-01-05 04:24:00,59.22454770163577
2024-01-05 04:25:00,58.83120895420453
2024-01-05 04:26:00,59.07393868611754
2024-01-05 04:27:00,59.97005269726827
2024-01-05 04:28:00,61.26545139750517
2024-01-05 04:29:00,60.45651806134786
2024-01-05 04:30:00,60.19471129343762
2024-01-05 04:31:00,58.10823016431937
2024-01-05 04:32:00,60.371290428989504
2024-01-05 04:33:00,60.35885076854358
2024-01-05 04:34:00,60.10969389870124
2024-01-05 04:35:00,58.04965701792473
2024-01-05 04:36:00,58.81836203360605
2024-01-05 04:37:00,58.986495145240134
2024-01-05 04:38:00,60.31052145537896
2024-01-05 04:39:00,58.631362370400105
2024-01-05 04:40:00,59.47946138708555
2024-01-05 04:41:00,61.09711673912055
2024-01-05 04:42:00,58.09388906942618
2024-01-05 04:43:00,58.81041261662147
2024-01-05 04:44:00,58.943049853929764
2024-01-05 04:45:00,60.988252419498004
2024-01-05 04:46:00,58.946416888222906
2024-01-05 04:47:00,60.40304724291245
2024-01-05 04:48:00,58.35840906699206
2024-01-05 04:49:00,59.30455920021597
2024-01-05 04:50:00,58.97734128040337
2024-01-05 04:51:00,60.07939449473137
2024-01-05 04:52:00,59.93797805816164
2024-01-05 04:53:00,59.95566308128553
2024-01-05 04:54:00,57.96536420803878
2024-01-05 04:55:00,57.369529890358095
2024-01-05 04:56:00,60.30885967250971
2024-01-05 04:57:00,39.00309890438473
2024-01-05 04:58:00,60.79146421917463
2024-01-05 04:59:00,57.93542240312538
2024-01-05 05:00:00,59.85429314178269
2024-01-05 05:01:00,59.521538401223324
2024-01-05 05:02:00,59.08400889404717
2024-01-05 05:03:00,56.69056883221527
2024-01-05 05:04:00,58.528470554691786
2024-01-05 05:05:00,60.99518093015474
2024-01-05 05:06:00,60.99820826927209
2024-01-05 05:07:00,61.445850818146226
2024-01-05 05:08:00,59.00179506868566
2024-01-05 05:09:00,59.845602483427626
2024-01-05 05:10:00,82.39111969433135
2024-01-05 05:11:00,58.704924732083796
2024-01-05 05:12:00,60.12343951124249
2024-01-05 05:13:00,61.2574975932048
2024-01-05 05:14:00,59.33033280005337
2024-01-05 05:15:00,60.00342495650757
2024-01-05 05:16:00,60.075190293442176
2024-01-05 05:17:00,61.14842182702493
2024-01-05 05:18:00,60.78210151412761
2024-01-05 05:19:00,60.06457872471616
2024-01-05 05:20:00,60.58396594565942
2024-01-05 05:21:00,59.88665630231948
2024-01-05 05:22:00,59.784672641499284
2024-01-05 05:23:00,59.31060649021996
2024-01-05 05:24:00,62.193704621065194
2024-01-05 05:25:00,60.882672407863865
2024-01-05 05:26:00,60.78984248610535
2024-01-05 05:27:00,61.071535657513415
2024-01-05 05:28:00,58.05790499098924
2024-01-05 05:29:00,59.87954809729525
2024-01-05 05:30:00,60.401707878194834
2024-01-05 05:31:00,56.7508945477042
2024-01-05 05:32:00,60.11346563627843
2024-01-05 05:33:00,60.08596079350961
2024-01-05 05:34:00,59.020833119783546
2024-01-05 05:35:00,59.687004392215194
2024-01-05 05:36:00,61.00737608955069
2024-01-05 05:37:00,62.34023696128918
2024-01-05 05:38:00,61.2131637279163
2024-01-05 05:39:00,60.423095259364224
2024-01-05 05:40:00,59.039933144868115
2024-01-05 05:41:00,60.53930613942876
2024-01-05 05:42:00,60.59916488981942
2024-01-05 05:43:00,59.26214993465574
2024-01-05 05:44:00,61.5939643308419
2024-01-05 05:45:00,60.05159071858058
2024-01-05 05:46:00,59.404587590690134
2024-01-05 05:47:00,60.034370490846904
2024-01-05 05:48:00,60.76848594254136
2024-01-05 05:49:00,60.32823465207804
2024-01-05 05:50:00,60.77870932560881
2024-01-05 05:51:00,60.743033749118815
2024-01-05 05:52:00,60.7569834438023
2024-01-05 05:53:00,75.08344436263788
2024-01-05 05:54:00,59.47733437355421
2024-01-05 05:55:00,60.512122684764286
2024-01-05 05:56:00,60.28917678038492
2024-01-05 05:57:00,59.53266927122474
2024-01-05 05:58:00,77.65061510376484
2024-01-05 05:59:00,61.96904948333675
2024-01-05 06:00:00,59.0885027975913
2024-01-05 06:01:00,61.20127367603543
2024-01-05 06:02:00,59.29823094795426
2024-01-05 06:03:00,59.433454549833066
2024-01-05 06:04:00,61.01920537159432
2024-01-05 06:05:00,60.33118668915657
2024-01-05 06:06:00,59.67298244233007
2024-01-05 06:07:00,57.976734391780425
2024-01-05 06:08:00,59.33845242858034
2024-01-05 06:09:00,61.096405076389765
2024-01-05 06:10:00,57.02096444779255
2024-01-05 06:11:00,60.41307447285446
2024-01-05 06:12:00,60.67369548776245
2024-01-05 06:13:00,60.34871748896136
2024-01-05 06:14:00,60.19574045934772
2024-01-05 06:15:00,59.389304095341146
2024-01-05 06:16:00,58.91746405758562
2024-01-05 06:17:00,60.06810740407187
2024-01-05 06:18:00,60.30265194850252
2024-01-05 06:19:00,59.13751300946169
2024-01-05 06:20:00,62.18163487645829
2024-01-05 06:21:00,59.43314483976475
2024-01-05 06:22:00,60.4729684557549
2024-01-05 06:23:00,59.35575297033907
2024-01-05 06:24:00,60.54717862809094
2024-01-05 06:25:00,59.87008533587698
2024-01-05 06:26:00,59.92080221666036
2024-01-05 06:27:00,56.606388817742186
2024-01-05 06:28:00,58.24097743772749
2024-01-05 06:29:00,61.14385357682527
2024-01-05 06:30:00,59.37361529806936
2024-01-05 06:31:00,60.87029292149384
2024-01-05 06:32:00,83.51292975282834
2024-01-05 06:33:00,59.50294471535084
2024-01-05 06:34:00,60.352252552697244
2024-01-05 06:35:00,59.59858827076124
2024-01-05 06:36:00,59.75023195114173
2024-01-05 06:37:00,60.16543546537899
2024-01-05 06:38:00,60.01990644587282
2024-01-05 06:39:00,60.229631015618864
2024-01-05 06:40:00,59.43088172550508
2024-01-05 06:41:00,60.75459266491274
2024-01-05 06:42:00,57.745039028698656
2024-01-05 06:43:00,62.11594851010267
2024-01-05 06:44:00,60.344397384971046
2024-01-05 06:45:00,61.01744478241902
2024-01-05 06:46:00,60.831467044751264
2024-01-05 06:47:00,59.336567411303804
2024-01-05 06:48:00,58.59617872839912
2024-01-05 06:49:00,59.85573398350855
2024-01-05 06:50:00,59.59875503960748
2024-01-05 06:51:00,60.41510024875565
2024-01-05 06:52:00,58.69910546393349
2024-01-05 06:53:00,60.45736208435446
2024-01-05 06:54:00,60.09365561597039
2024-01-05 06:55:00,59.53537571047535
2024-01-05 06:56:00,59.08131227125951
2024-01-05 06:57:00,57.845592381975756
2024-01-05 06:58:00,59.80129420478023
2024-01-05 06:59:00,58.175040393798724
2024-01-05 07:00:00,60.38236165492875
2024-01-05 07:01:00,59.138613488985214
2024-01-05 07:02:00,58.90824568117742
2024-01-05 07:03:00,60.57088112964999
2024-01-05 07:04:00,59.407764405015044
2024-01-05 07:05:00,59.709274762458335
2024-01-05 07:06:00,59.138650603494426
2024-01-05 07:07:00,58.838343503447
2024-01-05 07:08:00,58.55545997419065
2024-01-05 07:09:00,58.64178672453874
2024-01-05 07:10:00,60.45662876094157
2024-01-05 07:11:00,59.95905820217446
2024-01-05 07:12:00,59.76887597587763
2024-01-05 07:13:00,58.76321037646066
2024-01-05 07:14:00,61.12152332393817
2024-01-05 07:15:00,60.342082553699456
2024-01-05 07:16:00,58.87661793699644
2024-01-05 07:17:00,58.3126371904948
2024-01-05 07:18:00,59.266004118397156
2024-01-05 07:19:00,58.614268098520306
2024-01-05 07:20:00,59.367443398091424
2024-01-05 07:21:00,59.66600638078916
2024-01-05 07:22:00,59.280056384660384
2024-01-05 07:23:00,59.836052707753815
2024-01-05 07:24:00,59.344552372244394
2024-01-05 07:25:00,60.050032075841656
2024-01-05 07:26:00,58.58201570511305
2024-01-05 07:27:00,59.78718900296741
2024-01-05 07:28:00,57.19191752780599
2024-01-05 07:29:00,60.02942902398254
2024-01-05 07:30:00,58.43641911284792
2024-01-05 07:31:00,58.146250779972604
2024-01-05 07:32:00,59.565668186892246
2024-01-05 07:33:00,59.257545260654105
2024-01-05 07:34:00,58.333924959911094
2024-01-05 07:35:00,57.36554738943423
2024-01-05 07:36:00,57.005383994341024
2024-01-05 07:37:00,57.71573674240009
2024-01-05 07:38:00,59.13280824681378
2024-01-05 07:39:00,59.3957041458111
2024-01-05 07:40:00,60.45560810621806
2024-01-05 07:41:00,60.25305685324069
2024-01-05 07:42:00,60.32280725762283
2024-01-05 07:43:00,58.41630857708632
2024-01-05 07:44:00,58.000349237492486
2024-01-05 07:45:00,59.48791540027179
2024-01-05 07:46:00,60.724456955524445
2024-01-05 07:47:00,57.84805779952475
2024-01-05 07:48:00,59.4372256217733
2024-01-05 07:49:00,57.855246683656404
2024-01-05 07:50:00,57.770179484130026
2024-01-05 07:51:00,58.35894742402511
2024-01-05 07:52:00,57.89472671769417
2024-01-05 07:53:00,58.289511586336914
2024-01-05 07:54:00,59.69553292622807
2024-01-05 07:55:00,59.38089804294802
2024-01-05 07:56:00,58.63323444581221
2024-01-05 07:57:00,60.12550982428463
2024-01-05 07:58:00,59.9738310890188
2024-01-05 07:59:00,58.766141649619364
2024-01-05 08:00:00,60.12593579403156
2024-01-05 08:01:00,59.7447542381544
2024-01-05 08:02:00,59.35841303895227
2024-01-05 08:03:00,58.01124612314498
2024-01-05 08:04:00,59.328544507661995
2024-01-05 08:05:00,58.29867146416862
2024-01-05 08:06:00,58.88283190608013
2024-01-05 08:07:00,57.77510035352589
2024-01-05 08:08:00,57.674440565166066
2024-01-05 08:09:00,58.71822510558163
2024-01-05 08:10:00,57.54822996277618
2024-01-05 08:11:00,57.64875651124001
2024-01-05 08:12:00,59.27519657903322
2024-01-05 08:13:00,59.42649034528296
2024-01-05 08:14:00,59.87426634894236
2024-01-05 08:15:00,57.87412248553512
2024-01-05 08:16:00,57.139739756421406
2024-01-05 08:17:00,58.12571134900105
2024-01-05 08:18:00,58.25465733956786
2024-01-05 08:19:00,58.312050358177174
2024-01-05 08:20:00,58.65520495939269
2024-01-05 08:21:00,58.462874361688286
2024-01-05 08:22:00,58.741263542760855
2024-01-05 08:23:00,59.41926263614736
2024-01-05 08:24:00,57.25190835465074
2024-01-05 08:25:00,58.08199361895046
2024-01-05 08:26:00,57.340148031552985
2024-01-05 08:27:00,57.29618803428719
2024-01-05 08:28:00,58.90804389423179
2024-01-05 08:29:00,57.160338446743594
2024-01-05 08:30:00,58.49960398918113
2024-01-05 08:31:00,58.84059798839969
2024-01-05 08:32:00,59.09332830002184
2024-01-05 08:33:00,59.93180137450174
2024-01-05 08:34:00,57.318381205806716
2024-01-05 08:35:00,56.885679239572276
2024-01-05 08:36:00,60.25085551994455
2024-01-05 08:37:00,57.99390038961072
2024-01-05 08:38:00,58.048275733577924
2024-01-05 08:39:00,57.15809494878263
2024-01-05 08:40:00,57.43238970951005
2024-01-05 08:41:00,57.72813650175426
2024-01-05 08:42:00,56.15280331216925
2024-01-05 08:43:00,58.016918338218815
2024-01-05 08:44:00,56.77752987676215
2024-01-05 08:45:00,57.391212169600124
2024-01-05 08:46:00,58.65467554587796
2024-01-05 08:47:00,57.55375416272476
2024-01-05 08:48:00,57.550025559346295
2024-01-05 08:49:00,57.76066340621681
2024-01-05 08:50:00,57.1848471149095
2024-01-05 08:51:00,58.57514475656279
2024-01-05 08:52:00,58.04088928607284
2024-01-05 08:53:00,57.70764839785439
2024-01-05 08:54:00,57.756490164476666
2024-01-05 08:55:00,54.73648834327589
2024-01-05 08:56:00,56.74812652247155
2024-01-05 08:57:00,56.75641246946076
2024-01-05 08:58:00,56.729521721587176
2024-01-05 08:59:00,58.03683897955318
2024-01-05 09:00:00,57.10012554636361
2024-01-05 09:01:00,55.47292708001418
2024-01-05 09:02:00,57.589016945097285
2024-01-05 09:03:00,57.11513050054108
2024-01-05 09:04:00,56.6631810791564
2024-01-05 09:05:00,56.92483878279688
2024-01-05 09:06:00,56.49229298206768
2024-01-05 09:07:00,55.604096942271845
2024-01-05 09:08:00,57.460537195593865
2024-01-05 09:09:00,56.51935593344601
2024-01-05 09:10:00,57.61971033012982
2024-01-05 09:11:00,58.347182978735255
2024-01-05 09:12:00,56.11610405964925
2024-01-05 09:13:00,56.677719807813695
2024-01-05 09:14:00,56.666776310000756
2024-01-05 09:15:00,56.88558108068119
2024-01-05 09:16:00,57.07449639431114
2024-01-05 09:17:00,57.835592601006034
2024-01-05 09:18:00,56.020821995279356
2024-01-05 09:19:00,54.76473848806857
2024-01-05 09:20:00,55.59663933305605
2024-01-05 09:21:00,55.191733895989906
2024-01-05 09:22:00,56.898977428626296
2024-01-05 09:23:00,55.8069450362352
2024-01-05 09:24:00,55.72913280939633
2024-01-05 09:25:00,54.198277274057766
2024-01-05 09:26:00,55.42482363172716
2024-01-05 09:27:00,56.084170674636695
2024-01-05 09:28:00,56.524591353091324
2024-01-05 09:29:00,57.43714370468347
2024-01-05 09:30:00,56.41111530217982
2024-01-05 09:31:00,55.769744544818806
2024-01-05 09:32:00,57.02360226309236
2024-01-05 09:33:00,56.01308185266866
2024-01-05 09:34:00,54.74648887730144
2024-01-05 09:35:00,54.577709181063945
2024-01-05 09:36:00,83.54548161889666
2024-01-05 09:37:00,55.679911001238644
2024-01-05 09:38:00,55.68444275398951
2024-01-05 09:39:00,53.42481049331507
2024-01-05 09:40:00,55.13320198878368
2024-01-05 09:41:00,54.70671645589616
2024-01-05 09:42:00,54.44221356825116
2024-01-05 09:43:00,55.17209442220442
2024-01-05 09:44:00,57.49932662994978
2024-01-05 09:45:00,56.517409584411375
2024-01-05 09:46:00,56.689980067003404
2024-01-05 09:47:00,55.42365361370906
2024-01-05 09:48:00,54.5300476120499
2024-01-05 09:49:00,54.360539208103724
2024-01-05 09:50:00,55.194285136590224
2024-01-05 09:51:00,26.21724124057579
2024-01-05 09:52:00,57.48785293313149
2024-01-05 09:53:00,55.15615657748009
2024-01-05 09:54:00,57.32532997343298
2024-01-05 09:55:00,55.86344400034992
2024-01-05 09:56:00,55.43529105502603
2024-01-05 09:57:00,56.07327047442773
2024-01-05 09:58:00,56.760186472509275
2024-01-05 09:59:00,53.42011818956431
2024-01-05 10:00:00,55.61153906778842
2024-01-05 10:01:00,55.55170127725258
2024-01-05 10:02:00,56.993756811777516
2024-01-05 10:03:00,54.305505229590665
2024-01-05 10:04:00,57.39572509545769
2024-01-05 10:05:00,54.83359696882465
2024-01-05 10:06:00,54.37960632411407
2024-01-05 10:07:00,55.24319175740431
2024-01-05 10:08:00,53.648469875934055
2024-01-05 10:09:00,55.323242328610505
2024-01-05 10:10:00,55.27344351985859
2024-01-05 10:11:00,53.72882493610105
2024-01-05 10:12:00,55.95526765749995
2024-01-05 10:13:00,55.616745737787205
2024-01-05 10:14:00,54.208002124904965
2024-01-05 10:15:00,54.24766699971452
2024-01-05 10:16:00,53.031446854602414
2024-01-05 10:17:00,54.544778161830955
2024-01-05 10:18:00,55.78055501645088
2024-01-05 10:19:00,55.0594460597483
2024-01-05 10:20:00,54.512060035599944
2024-01-05 10:21:00,54.79652254370277
2024-01-05 10:22:00,56.0190176312451
2024-01-05 10:23:00,77.51244188375699
2024-01-05 10:24:00,52.85896290321249
2024-01-05 10:25:00,54.44442447523714
2024-01-05 10:26:00,53.670276177813705
2024-01-05 10:27:00,53.931159825315284
2024-01-05 10:28:00,54.21917739788835
2024-01-05 10:29:00,54.981496439872274
2024-01-05 10:30:00,53.29021113857019
2024-01-05 10:31:00,55.882582493500955
2024-01-05 10:32:00,52.558144512869056
2024-01-05 10:33:00,53.84311044352223
2024-01-05 10:34:00,54.16514261475808
2024-01-05 10:35:00,52.6905900279457
2024-01-05 10:36:00,53.334145818030386
2024-01-05 10:37:00,52.71028704027399
2024-01-05 10:38:00,53.225231303005735
2024-01-05 10:39:00,52.54080446593407
2024-01-05 10:40:00,52.44725039193263
2024-01-05 10:41:00,54.24555969666739
2024-01-05 10:42:00,72.00550520289741
2024-01-05 10:43:00,54.50435087265881
2024-01-05 10:44:00,52.623554299902544
2024-01-05 10:45:00,52.09194860474302
2024-01-05 10:46:00,52.5935860751975
2024-01-05 10:47:00,53.83502774247385
2024-01-05 10:48:00,53.925247064762296
2024-01-05 10:49:00,53.080553029286726
2024-01-05 10:50:00,52.94042005508094
2024-01-05 10:51:00,54.56456363598676
2024-01-05 10:52:00,50.56337767133621
2024-01-05 10:53:00,52.31796157154576
2024-01-05 10:54:00,53.917771268481495
2024-01-05 10:55:00,51.865209120084785
2024-01-05 10:56:00,53.13257230291563
2024-01-05 10:57:00,51.37445556304709
2024-01-05 10:58:00,50.86787904143101
2024-01-05 10:59:00,53.608049923980516
2024-01-05 11:00:00,51.903327395622014
2024-01-05 11:01:00,52.687246901718666
2024-01-05 11:02:00,52.77087960895005
2024-01-05 11:03:00,51.374102030423266
2024-01-05 11:04:00,52.117321939003666
2024-01-05 11:05:00,52.48792595523874
2024-01-05 11:06:00,52.9724312911687
2024-01-05 11:07:00,54.12164005150015
2024-01-05 11:08:00,54.27400600397054
2024-01-05 11:09:00,53.89645798226687
2024-01-05 11:10:00,51.15320307338721
2024-01-05 11:11:00,51.04949033294252
2024-01-05 11:12:00,52.30046161119994
2024-01-05 11:13:00,52.6968242611167
2024-01-05 11:14:00,51.25656926372811
2024-01-05 11:15:00,53.362266934379605
2024-01-05 11:16:00,52.97516768881314
2024-01-05 11:17:00,52.14025576680183
2024-01-05 11:18:00,50.32851075025827
2024-01-05 11:19:00,52.26731691445776
2024-01-05 11:20:00,51.34159083872963
2024-01-05 11:21:00,51.80437043220336
2024-01-05 11:22:00,50.72312983235924
2024-01-05 11:23:00,53.53415836725514
2024-01-05 11:24:00,50.88769613250463
2024-01-05 11:25:00,51.07715025821011
2024-01-05 11:26:00,50.653174629625305
2024-01-05 11:27:00,51.96852179925458
2024-01-05 11:28:00,50.71225655844378
2024-01-05 11:29:00,50.062426918216275
2024-01-05 11:30:00,49.19566376651759
2024-01-05 11:31:00,51.08136047159734
2024-01-05 11:32:00,50.69873128237883
2024-01-05 11:33:00,50.06387949289268
2024-01-05 11:34:00,50.95989143386648
2024-01-05 11:35:00,33.46091589201888
2024-01-05 11:36:00,49.91779310553882
2024-01-05 11:37:00,50.030384283025846
2024-01-05 11:38:00,50.39679754867559
2024-01-05 11:39:00,52.90512005662564
2024-01-05 11:40:00,51.20171083571264
2024-01-05 11:41:00,51.122886946470494
2024-01-05 11:42:00,50.85847129439923
2024-01-05 11:43:00,50.283718058368926
2024-01-05 11:44:00,52.24441864490332
2024-01-05 11:45:00,51.53821474293966
2024-01-05 11:46:00,49.949366520313674
2024-01-05 11:47:00,50.71287681456281
2024-01-05 11:48:00,51.844308767103016
2024-01-05 11:49:00,49.33158590632844
2024-01-05 11:50:00,50.81730720784504
2024-01-05 11:51:00,68.9714174379127
2024-01-05 11:52:00,51.3243337678713
2024-01-05 11:53:00,48.70114713979547
2024-01-05 11:54:00,50.79494664991897
2024-01-05 11:55:00,48.197586515998914
2024-01-05 11:56:00,49.70053264291182
2024-01-05 11:57:00,51.00864971689612
2024-01-05 11:58:00,49.6684676712346
2024-01-05 11:59:00,51.23179315611648
2024-01-05 12:00:00,47.89746242587183
2024-01-05 12:01:00,49.756980930584135
2024-01-05 12:02:00,48.66303012297907
2024-01-05 12:03:00,49.87244414116113
2024-01-05 12:04:00,49.82323066756475
2024-01-05 12:05:00,49.36425795809328
2024-01-05 12:06:00,49.585735831684836
2024-01-05 12:07:00,49.65227452618982
2024-01-05 12:08:00,51.11061222466919
2024-01-05 12:09:00,48.14019910471856
2024-01-05 12:10:00,51.50484522323696
2024-01-05 12:11:00,51.52935123501856
2024-01-05 12:12:00,47.611319163547535
2024-01-05 12:13:00,49.675453806745836
2024-01-05 12:14:00,48.97250055363086
2024-01-05 12:15:00,48.84894019318471
2024-01-05 12:16:00,47.417986189387
2024-01-05 12:17:00,50.674307807155344
2024-01-05 12:18:00,50.00658377686633
2024-01-05 12:19:00,50.075128931441995
2024-01-05 12:20:00,48.91268144153635
2024-01-05 12:21:00,49.34572027690218
2024-01-05 12:22:00,49.07249359996565
2024-01-05 12:23:00,48.793603866381645
2024-01-05 12:24:00,48.82995189451642
2024-01-05 12:25:00,48.81552317710659
2024-01-05 12:26:00,48.23861444595291
2024-01-05 12:27:00,49.80344856373485
2024-01-05 12:28:00,48.89490057711988
2024-01-05 12:29:00,49.452442814263264
2024-01-05 12:30:00,50.31155361843866
2024-01-05 12:31:00,48.148770926353656
2024-01-05 12:32:00,47.51853835208056
2024-01-05 12:33:00,47.84276376201412
2024-01-05 12:34:00,48.04625845041567
2024-01-05 12:35:00,49.60761475644058
2024-01-05 12:36:00,48.846221695580475
2024-01-05 12:37:00,49.71322615802486
2024-01-05 12:38:00,47.77823074568479
2024-01-05 12:39:00,48.037796387260876
2024-01-05 12:40:00,49.085380634203126
2024-01-05 12:41:00,49.231117451934736
2024-01-05 12:42:00,48.908600955298475
2024-01-05 12:43:00,47.171122574629166
2024-01-05 12:44:00,47.845294638207314
2024-01-05 12:45:00,48.10944981922221
2024-01-05 12:46:00,47.121817690558196
2024-01-05 12:47:00,48.25604059580759
2024-01-05 12:48:00,46.397852693516626
2024-01-05 12:49:00,47.30253237134789
2024-01-05 12:50:00,46.620346609283004
2024-01-05 12:51:00,45.96299078672279
2024-01-05 12:52:00,48.00398818405132
2024-01-05 12:53:00,49.34163906889446
2024-01-05 12:54:00,47.71226276529132
2024-01-05 12:55:00,46.98587926928539
2024-01-05 12:56:00,47.33464128850027
2024-01-05 12:57:00,46.42360796092575
2024-01-05 12:58:00,47.32639246567424
2024-01-05 12:59:00,45.57558618953312
2024-01-05 13:00:00,48.15561691344765
2024-01-05 13:01:00,47.861006939804646
2024-01-05 13:02:00,46.564032663400496
2024-01-05 13:03:00,48.07198421354287
2024-01-05 13:04:00,47.71696781310078
2024-01-05 13:05:00,48.715622601449915
2024-01-05 13:06:00,48.118764742218886
2024-01-05 13:07:00,45.60294729573612
2024-01-05 13:08:00,45.688857844331025
2024-01-05 13:09:00,48.04023741210208
2024-01-05 13:10:00,47.8406913315787
2024-01-05 13:11:00,47.48084653824534
2024-01-05 13:12:00,48.63667775297275
2024-01-05 13:13:00,46.45233928168677
2024-01-05 13:14:00,45.540478236254465
2024-01-05 13:15:00,46.33983455940822
2024-01-05 13:16:00,47.30843575265078
2024-01-05 13:17:00,45.94760848814487
2024-01-05 13:18:00,45.1809965184702
2024-01-05 13:19:00,46.69057637188631
2024-01-05 13:20:00,45.83519741448012
2024-01-05 13:21:00,46.595927616901584
2024-01-05 13:22:00,46.26484745255279
2024-01-05 13:23:00,47.382889453625516
2024-01-05 13:24:00,45.25980288322252
2024-01-05 13:25:00,46.41052008806639
2024-01-05 13:26:00,44.9051184141162
2024-01-05 13:27:00,45.46156501482567
2024-01-05 13:28:00,45.93140450736601
2024-01-05 13:29:00,46.16866802313762
2024-01-05 13:30:00,45.92650598840547
2024-01-05 13:31:00,45.721582990276985
2024-01-05 13:32:00,46.94925597369168
2024-01-05 13:33:00,47.631301875942555
2024-01-05 13:34:00,46.1117351409698
2024-01-05 13:35:00,44.49723390415194
2024-01-05 13:36:00,47.573657171704745
2024-01-05 13:37:00,44.23215513475981
2024-01-05 13:38:00,46.61834426183886
2024-01-05 13:39:00,44.775418700310965
2024-01-05 13:40:00,47.18794668078885
2024-01-05 13:41:00,46.50648935850119
2024-01-05 13:42:00,45.82100580443724
2024-01-05 13:43:00,45.3049188724334
2024-01-05 13:44:00,43.60204379424875
2024-01-05 13:45:00,44.3129139540064
2024-01-05 13:46:00,46.20608919870253
2024-01-05 13:47:00,44.94019359014818
2024-01-05 13:48:00,44.89395735749156
2024-01-05 13:49:00,43.70715580234384
2024-01-05 13:50:00,45.813881608013325
2024-01-05 13:51:00,45.73266140178644
2024-01-05 13:52:00,46.691028408458244
2024-01-05 13:53:00,47.04234966347201
2024-01-05 13:54:00,45.540377638049
2024-01-05 13:55:00,44.949339460794214
2024-01-05 13:56:00,44.30311538971994
2024-01-05 13:57:00,46.07494011828217
2024-01-05 13:58:00,46.719132241635144
2024-01-05 13:59:00,45.103836311719746
2024-01-05 14:00:00,44.9344036698784
2024-01-05 14:01:00,44.21521250041349
2024-01-05 14:02:00,42.13641386301186
2024-01-05 14:03:00,44.480726415051244
2024-01-05 14:04:00,45.694372589846694
2024-01-05 14:05:00,46.38670875819479
2024-01-05 14:06:00,44.67329017904855
2024-01-05 14:07:00,45.01434848205462
2024-01-05 14:08:00,43.51064984460092
2024-01-05 14:09:00,44.18916069803132
2024-01-05 14:10:00,44.81492301970247
2024-01-05 14:11:00,45.1658879106006
2024-01-05 14:12:00,45.104024799803796
2024-01-05 14:13:00,41.968241820636244
2024-01-05 14:14:00,43.971184623530775
2024-01-05 14:15:00,44.852535805419556
2024-01-05 14:16:00,46.32014732219309
2024-01-05 14:17:00,43.741482194370846
2024-01-05 14:18:00,45.00937852241036
2024-01-05 14:19:00,46.44450396335085
2024-01-05 14:20:00,45.24943201420346
2024-01-05 14:21:00,43.09541814814606
2024-01-05 14:22:00,42.73177239406971
2024-01-05 14:23:00,44.32362932126579
2024-01-05 14:24:00,44.252312561214985
2024-01-05 14:25:00,43.070085941613534
2024-01-05 14:26:00,45.17231146675196
2024-01-05 14:27:00,44.513219468838216
2024-01-05 14:28:00,44.04916835949596
2024-01-05 14:29:00,44.71985127046083
2024-01-05 14:30:00,43.67125616353742
2024-01-05 14:31:00,44.4196000556192
2024-01-05 14:32:00,44.306134002159745
2024-01-05 14:33:00,45.88471430515611
2024-01-05 14:34:00,44.17797421559868
2024-01-05 14:35:00,44.30614637769595
2024-01-05 14:36:00,44.90114480436675
2024-01-05 14:37:00,44.898948905512704
2024-01-05 14:38:00,44.105512586443695
2024-01-05 14:39:00,43.67479241120658
2024-01-05 14:40:00,43.98533582316601
2024-01-05 14:41:00,42.6663723304167
2024-01-05 14:42:00,43.04043964009849
2024-01-05 14:43:00,42.67720622370086
2024-01-05 14:44:00,43.19636110157409
2024-01-05 14:45:00,42.967015702165426
2024-01-05 14:46:00,43.621330804865174
2024-01-05 14:47:00,44.12228667871513
2024-01-05 14:48:00,44.64373809920539
2024-01-05 14:49:00,43.65014518403791
2024-01-05 14:50:00,42.906021760342355
2024-01-05 14:51:00,41.71565935423031
2024-01-05 14:52:00,43.62559932410249
2024-01-05 14:53:00,44.237640921080555
2024-01-05 14:54:00,42.902349426623765
2024-01-05 14:55:00,42.298778110528836
2024-01-05 14:56:00,43.677505494457286
2024-01-05 14:57:00,44.75056501357328
2024-01-05 14:58:00,43.906702478564995
2024-01-05 14:59:00,42.016207166536866
2024-01-05 15:00:00,42.795357559850636
2024-01-05 15:01:00,43.01944669126602
2024-01-05 15:02:00,42.465038608290314
2024-01-05 15:03:00,43.7491518788502
2024-01-05 15:04:00,40.894714568411715
2024-01-05 15:05:00,42.61683388335924
2024-01-05 15:06:00,44.40004447229991
2024-01-05 15:07:00,42.85807058003611
2024-01-05 15:08:00,41.1765504925978
2024-01-05 15:09:00,43.06954453935482
2024-01-05 15:10:00,43.22415978787672
2024-01-05 15:11:00,42.60562792324599
2024-01-05 15:12:00,41.512361161429354
2024-01-05 15:13:00,42.13894560347574
2024-01-05 15:14:00,42.27129070713361
2024-01-05 15:15:00,43.20863564975136
2024-01-05 15:16:00,41.77275098785665
2024-01-05 15:17:00,42.52026773549725
2024-01-05 15:18:00,43.0900469509482
2024-01-05 15:19:00,41.93045001858729
2024-01-05 15:20:00,42.04756012151539
2024-01-05 15:21:00,42.32325180224233
2024-01-05 15:22:00,41.51887013120375
2024-01-05 15:23:00,41.69187868052971
2024-01-05 15:24:00,42.28445844665599
2024-01-05 15:25:00,42.56820220725518
2024-01-05 15:26:00,41.76169108604434
2024-01-05 15:27:00,40.73691775805974
2024-01-05 15:28:00,42.104694282491316
2024-01-05 15:29:00,43.00767085430206
2024-01-05 15:30:00,42.128504538970084
2024-01-05 15:31:00,41.18079119675141
2024-01-05 15:32:00,42.89133360768809
2024-01-05 15:33:00,42.440876252134686
2024-01-05 15:34:00,42.98986515610241
2024-01-05 15:35:00,41.14605067735895
2024-01-05 15:36:00,40.60647728929332
2024-01-05 15:37:00,41.21013367041263
2024-01-05 15:38:00,42.157018656929644
2024-01-05 15:39:00,41.137245636621536
2024-01-05 15:40:00,19.153489141557742
2024-01-05 15:41:00,40.13026131244332
2024-01-05 15:42:00,39.60916060324905
2024-01-05 15:43:00,41.01441091215305
2024-01-05 15:44:00,40.88397963829076
2024-01-05 15:45:00,40.355388988038705
2024-01-05 15:46:00,41.60539238969816
2024-01-05 15:47:00,12.456828808409163
2024-01-05 15:48:00,42.178563593667214
2024-01-05 15:49:00,40.059621299933944
2024-01-05 15:50:00,43.50480201996539
2024-01-05 15:51:00,42.38426341805694
2024-01-05 15:52:00,42.16441346828992
2024-01-05 15:53:00,41.999096374244345
2024-01-05 15:54:00,40.65296331925635
2024-01-05 15:55:00,40.512772942056344
2024-01-05 15:56:00,40.27326217499379
2024-01-05 15:57:00,42.07966251326681
2024-01-05 15:58:00,41.08499863262602
2024-01-05 15:59:00,42.09875798944212
2024-01-05 16:00:00,40.94153646474612
2024-01-05 16:01:00,40.7449896482404
2024-01-05 16:02:00,43.07785988529459
2024-01-05 16:03:00,42.11311513832308
2024-01-05 16:04:00,41.59215656962471
2024-01-05 16:05:00,40.3354360483904
2024-01-05 16:06:00,41.26352919191846
2024-01-05 16:07:00,41.23567323118224
2024-01-05 16:08:00,39.79918390347535
2024-01-05 16:09:00,40.312466333561844
2024-01-05 16:10:00,40.180435562985444
2024-01-05 16:11:00,40.72005790541845
2024-01-05 16:12:00,41.60091901813781
2024-01-05 16:13:00,41.97260366619521
2024-01-05 16:14:00,38.51056050674827
2024-01-05 16:15:00,40.33530241179198
2024-01-05 16:16:00,43.747734918288245
2024-01-05 16:17:00,41.11356483859373
2024-01-05 16:18:00,42.44295735305428
2024-01-05 16:19:00,41.12300346834478
2024-01-05 16:20:00,40.70584838389293
2024-01-05 16:21:00,41.949026536559806
2024-01-05 16:22:00,41.174740499661425
2024-01-05 16:23:00,43.19281360607519
2024-01-05 16:24:00,41.65800839497813
2024-01-05 16:25:00,40.729330951729544
2024-01-05 16:26:00,40.261501392372274
2024-01-05 16:27:00,41.901679057729794
2024-01-05 16:28:00,40.46715627049636
2024-01-05 16:29:00,41.29219036538934
2024-01-05 16:30:00,41.03059147956592
2024-01-05 16:31:00,41.22965883978475
2024-01-05 16:32:00,70.10310559874696
2024-01-05 16:33:00,40.27316113083994
2024-01-05 16:34:00,40.93404531005992
2024-01-05 16:35:00,40.95320652342935
2024-01-05 16:36:00,38.91802906964468
2024-01-05 16:37:00,41.12284142916202
2024-01-05 16:38:00,39.783607491468494
2024-01-05 16:39:00,39.658930110109544
2024-01-05 16:40:00,39.72965785982501
2024-01-05 16:41:00,39.8247784746144
2024-01-05 16:42:00,39.99964034670281
2024-01-05 16:43:00,42.251812298058006
2024-01-05 16:44:00,39.87670260954388
2024-01-05 16:45:00,40.268255675597096
2024-01-05 16:46:00,39.731163866402014
2024-01-05 16:47:00,40.14224790489765
2024-01-05 16:48:00,40.636028683775365
2024-01-05 16:49:00,41.03180480880909
2024-01-05 16:50:00,40.03385757816965
2024-01-05 16:51:00,41.011150064453965
2024-01-05 16:52:00,41.05974077938474
2024-01-05 16:53:00,41.656587864951334
2024-01-05 16:54:00,39.81875355961717
2024-01-05 16:55:00,38.95683462261352
2024-01-05 16:56:00,39.722820147050435
2024-01-05 16:57:00,40.81002622079449
2024-01-05 16:58:00,40.89898196318126
2024-01-05 16:59:00,39.0968324888699
2024-01-05 17:00:00,39.85887917358996
2024-01-05 17:01:00,40.475181086135855
2024-01-05 17:02:00,38.379829704802766
2024-01-05 17:03:00,40.4475924505978
2024-01-05 17:04:00,41.56805378780043
2024-01-05 17:05:00,38.7217580060944
2024-01-05 17:06:00,41.40953722425436
2024-01-05 17:07:00,39.753963987998844
2024-01-05 17:08:00,39.38156718052959
2024-01-05 17:09:00,41.640779072500585
2024-01-05 17:10:00,40.005405970717355
2024-01-05 17:11:00,40.25811143482875
2024-01-05 17:12:00,38.99774817347782
2024-01-05 17:13:00,40.4463090821399
2024-01-05 17:14:00,19.002789999865605
2024-01-05 17:15:00,39.21938051955149
2024-01-05 17:16:00,38.81049252772136
2024-01-05 17:17:00,41.00734591794022
2024-01-05 17:18:00,42.038321355963866
2024-01-05 17:19:00,39.340208843488895
2024-01-05 17:20:00,40.232185510736
2024-01-05 17:21:00,40.49435731320475
2024-01-05 17:22:00,39.124345540756856
2024-01-05 17:23:00,41.891740411003695
2024-01-05 17:24:00,39.82459918997126
2024-01-05 17:25:00,41.389066174875914
2024-01-05 17:26:00,41.342401079944075
2024-01-05 17:27:00,39.38523510583987
2024-01-05 17:28:00,39.84868597856376
2024-01-05 17:29:00,40.91083252538692
2024-01-05 17:30:00,38.856836224928365
2024-01-05 17:31:00,40.20543467427906
2024-01-05 17:32:00,40.73954847599849
2024-01-05 17:33:00,39.213084203379566
2024-01-05 17:34:00,40.107673686862
2024-01-05 17:35:00,39.68716175590196
2024-01-05 17:36:00,40.56696567694655
2024-01-05 17:37:00,40.56403521529488
2024-01-05 17:38:00,40.41687674331081
2024-01-05 17:39:00,38.19217084448187
2024-01-05 17:40:00,38.47187736811144
2024-01-05 17:41:00,39.93076615794611
2024-01-05 17:42:00,41.27638021182534
2024-01-05 17:43:00,38.22793581906599
2024-01-05 17:44:00,42.649565561576786
2024-01-05 17:45:00,38.48069145009853
2024-01-05 17:46:00,39.19494381628546
2024-01-05 17:47:00,41.235888425232496
2024-01-05 17:48:00,38.21638274976643
2024-01-05 17:49:00,40.925313609290086
2024-01-05 17:50:00,39.191188743349606
2024-01-05 17:51:00,39.89585165245492
2024-01-05 17:52:00,41.80808396826218
2024-01-05 17:53:00,38.05478595269619
2024-01-05 17:54:00,40.476449613870464
2024-01-05 17:55:00,37.96724450110508
2024-01-05 17:56:00,38.21347512165205
2024-01-05 17:57:00,39.69117357696283
2024-01-05 17:58:00,41.45675586243257
2024-01-05 17:59:00,39.78465795914817
2024-01-05 18:00:00,40.598926750006186
2024-01-05 18:01:00,39.42136746513958
2024-01-05 18:02:00,38.706171221490614
2024-01-05 18:03:00,40.393195005599146
2024-01-05 18:04:00,39.26970802268596
2024-01-05 18:05:00,40.6819996736619
2024-01-05 18:06:00,40.42333893016618
2024-01-05 18:07:00,39.04908966637284
2024-01-05 18:08:00,39.36292171916516
2024-01-05 18:09:00,39.000831675569984
2024-01-05 18:10:00,40.6111788119556
2024-01-05 18:11:00,40.25148528583796
2024-01-05 18:12:00,39.406361263689725
2024-01-05 18:13:00,39.37114270192389
2024-01-05 18:14:00,39.846519323476876
2024-01-05 18:15:00,39.76436492918957
2024-01-05 18:16:00,40.78824261106245
2024-01-05 18:17:00,40.191863360748044
2024-01-05 18:18:00,40.29281674131604
2024-01-05 18:19:00,39.458578497865794
2024-01-05 18:20:00,41.080941228555275
2024-01-05 18:21:00,40.32261447496204
2024-01-05 18:22:00,41.74455221195524
2024-01-05 18:23:00,40.955897293573706
2024-01-05 18:24:00,40.696790625495325
2024-01-05 18:25:00,41.515475440690054
2024-01-05 18:26:00,40.397201817429405
2024-01-05 18:27:00,41.7678220399885
2024-01-05 18:28:00,67.80480903959466
2024-01-05 18:29:00,41.13208733379563
2024-01-05 18:30:00,38.429525361932285
2024-01-05 18:31:00,40.02227194350852
2024-01-05 18:32:00,40.45081137437762
2024-01-05 18:33:00,38.62375213999162
2024-01-05 18:34:00,40.19906040769246
2024-01-05 18:35:00,40.54815704179801
2024-01-05 18:36:00,40.28342395645029
2024-01-05 18:37:00,38.15438895394358
2024-01-05 18:38:00,39.56200619476187
2024-01-05 18:39:00,38.54844777535909
2024-01-05 18:40:00,38.98561501024985
2024-01-05 18:41:00,41.303832914119326
2024-01-05 18:42:00,40.24170068347592
2024-01-05 18:43:00,39.03155966719798
2024-01-05 18:44:00,40.42876544409984
2024-01-05 18:45:00,39.359999792753975
2024-01-05 18:46:00,41.249305250267085
2024-01-05 18:47:00,40.10648687711074
2024-01-05 18:48:00,41.27262951408583
2024-01-05 18:49:00,40.23232331205563
2024-01-05 18:50:00,39.72782800436276
2024-01-05 18:51:00,39.120950608608425
2024-01-05 18:52:00,40.55173487731624
2024-01-05 18:53:00,41.297191707986606
2024-01-05 18:54:00,41.92002735736195
2024-01-05 18:55:00,41.414828189250656
2024-01-05 18:56:00,40.23954824321819
2024-01-05 18:57:00,39.4117964321633
2024-01-05 18:58:00,40.58754367605337
2024-01-05 18:59:00,40.186875345556714
2024-01-05 19:00:00,40.27503200595711
2024-01-05 19:01:00,41.91696304513127
2024-01-05 19:02:00,39.550672206173076
2024-01-05 19:03:00,40.77331808233021
2024-01-05 19:04:00,42.298884953360904
2024-01-05 19:05:00,40.64497050475236
2024-01-05 19:06:00,40.91796965898413
2024-01-05 19:07:00,41.85168881052935
2024-01-05 19:08:00,40.39701786772528
2024-01-05 19:09:00,38.35514366328786
2024-01-05 19:10:00,40.922207918329995
2024-01-05 19:11:00,42.11798193448688
2024-01-05 19:12:00,40.165402286529215
2024-01-05 19:13:00,40.46994678314131
2024-01-05 19:14:00,39.440018644390705
2024-01-05 19:15:00,40.60683403235311
2024-01-05 19:16:00,40.63548208737404
2024-01-05 19:17:00,41.392674770333336
2024-01-05 19:18:00,41.094422879725514
2024-01-05 19:19:00,41.28587176905474
2024-01-05 19:20:00,40.201388142649
2024-01-05 19:21:00,41.501779602689496
2024-01-05 19:22:00,40.71572339272589
2024-01-05 19:23:00,40.350065426950785
2024-01-05 19:24:00,41.17193410627706
2024-01-05 19:25:00,42.52869753449741
2024-01-05 19:26:00,67.89704279373969
2024-01-05 19:27:00,41.9151180193728
2024-01-05 19:28:00,40.00375774278277
2024-01-05 19:29:00,40.83189281877759
2024-01-05 19:30:00,39.42471471157851
2024-01-05 19:31:00,41.90862390355281
2024-01-05 19:32:00,38.33966289626585
2024-01-05 19:33:00,41.06915214442752
2024-01-05 19:34:00,41.827831435567475
2024-01-05 19:35:00,41.22004461285978
2024-01-05 19:36:00,42.268161210650895
2024-01-05 19:37:00,41.252296623342055
2024-01-05 19:38:00,41.62677139822206
2024-01-05 19:39:00,41.88862784495252
2024-01-05 19:40:00,40.5575861828314
2024-01-05 19:41:00,40.6022744659975
2024-01-05 19:42:00,39.76922062653885
2024-01-05 19:43:00,41.41825644391735
2024-01-05 19:44:00,39.43235563882848
2024-01-05 19:45:00,41.25800123418529
2024-01-05 19:46:00,40.64499416290614
2024-01-05 19:47:00,41.29010196778352
2024-01-05 19:48:00,39.86073351932212
2024-01-05 19:49:00,40.77764374168261
2024-01-05 19:50:00,41.52610851128558
2024-01-05 19:51:00,41.860330279285414
2024-01-05 19:52:00,42.89073514893561
2024-01-05 19:53:00,41.10531376349038
2024-01-05 19:54:00,41.2822896299881
2024-01-05 19:55:00,41.137903287551254
2024-01-05 19:56:00,39.94200331915786
2024-01-05 19:57:00,42.280939394189005
2024-01-05 19:58:00,41.38426060061366
2024-01-05 19:59:00,40.47054109709201
2024-01-05 20:00:00,40.6897327836081
2024-01-05 20:01:00,41.861465815808266
2024-01-05 20:02:00,41.29355696226825
2024-01-05 20:03:00,40.385417014211704
2024-01-05 20:04:00,42.34513989227314
2024-01-05 20:05:00,43.15051884473383
2024-01-05 20:06:00,41.58323911234263
2024-01-05 20:07:00,40.9666434726748
2024-01-05 20:08:00,39.622980198717954
2024-01-05 20:09:00,40.46843250887581
2024-01-05 20:10:00,42.422985066815485
2024-01-05 20:11:00,40.5982532979715
2024-01-05 20:12:00,40.270177588083946
2024-01-05 20:13:00,41.76368896283937
2024-01-05 20:14:00,42.41073083103125
2024-01-05 20:15:00,40.45450278472673
2024-01-05 20:16:00,40.515790621957585
2024-01-05 20:17:00,41.492541572134044
2024-01-05 20:18:00,41.69225152602213
2024-01-05 20:19:00,42.275586659035305
2024-01-05 20:20:00,42.59702821673009
2024-01-05 20:21:00,42.42983369312203
2024-01-05 20:22:00,42.044966366761905
2024-01-05 20:23:00,40.06642475389478
2024-01-05 20:24:00,41.80434589261775
2024-01-05 20:25:00,42.44927851367402
2024-01-05 20:26:00,40.57031941869232
2024-01-05 20:27:00,41.777038385339864
2024-01-05 20:28:00,41.1608037093934
2024-01-05 20:29:00,41.15537347611524
2024-01-05 20:30:00,41.977115510706234
2024-01-05 20:31:00,43.734673606039564
2024-01-05 20:32:00,42.19869918773594
2024-01-05 20:33:00,43.24602641052439
2024-01-05 20:34:00,41.719594732611505
2024-01-05 20:35:00,42.8173382042582
2024-01-05 20:36:00,42.02960196768393
2024-01-05 20:37:00,44.20170737000707
2024-01-05 20:38:00,41.28735705360751
2024-01-05 20:39:00,42.52207584721145
2024-01-05 20:40:00,42.22138482732827
2024-01-05 20:41:00,41.99153635540479
2024-01-05 20:42:00,42.92671058952092
2024-01-05 20:43:00,41.238576436059866
2024-01-05 20:44:00,41.9571102753248
2024-01-05 20:45:00,42.443186251977345
2024-01-05 20:46:00,43.18556068020658
2024-01-05 20:47:00,42.331630451879285
2024-01-05 20:48:00,42.47392019893333
2024-01-05 20:49:00,41.482580474473835
2024-01-05 20:50:00,41.644203771214286
2024-01-05 20:51:00,42.4799426637967
2024-01-05 20:52:00,42.59797814489416
2024-01-05 20:53:00,42.70198931021287
2024-01-05 20:54:00,43.229312706129804
2024-01-05 20:55:00,42.34192441872038
2024-01-05 20:56:00,43.505777663818584
2024-01-05 20:57:00,42.32379969414263
2024-01-05 20:58:00,42.74154268348384
2024-01-05 20:59:00,43.03499696616501
2024-01-05 21:00:00,40.76165967293082
2024-01-05 21:01:00,42.57273664510908
2024-01-05 21:02:00,41.815410041964554
2024-01-05 21:03:00,42.673912725883454
2024-01-05 21:04:00,42.612448953418884
2024-01-05 21:05:00,19.219008079343155
2024-01-05 21:06:00,42.48774573666541
2024-01-05 21:07:00,43.389478923081654
2024-01-05 21:08:00,43.02073862033579
2024-01-05 21:09:00,43.26659193751019
2024-01-05 21:10:00,42.12499786588709
2024-01-05 21:11:00,43.930607488353935
2024-01-05 21:12:00,43.16790276214494
2024-01-05 21:13:00,44.68608714876029
2024-01-05 21:14:00,43.66955697590579
2024-01-05 21:15:00,44.08704332020512
2024-01-05 21:16:00,43.17903744055432
2024-01-05 21:17:00,43.88682972266207
2024-01-05 21:18:00,43.38516190096454
2024-01-05 21:19:00,43.77719697561743
2024-01-05 21:20:00,44.48428624925538
2024-01-05 21:21:00,44.24349360241082
2024-01-05 21:22:00,43.55720749799833
2024-01-05 21:23:00,44.778069304792815
2024-01-05 21:24:00,44.35392167596444
2024-01-05 21:25:00,43.30875538985383
2024-01-05 21:26:00,43.04083041092928
2024-01-05 21:27:00,42.14088250674933
2024-01-05 21:28:00,43.518867643463565
2024-01-05 21:29:00,43.33527089630518
2024-01-05 21:30:00,42.89034526072379
2024-01-05 21:31:00,19.687456268704665
2024-01-05 21:32:00,45.1620415469503
2024-01-05 21:33:00,44.13991475494267
2024-01-05 21:34:00,44.4169027823579
2024-01-05 21:35:00,43.382436752519915
2024-01-05 21:36:00,46.17985563871859
2024-01-05 21:37:00,46.65417011202099
2024-01-05 21:38:00,45.27779665867996
2024-01-05 21:39:00,42.9386877351529
2024-01-05 21:40:00,45.79090855924579
2024-01-05 21:41:00,43.93603230459231
2024-01-05 21:42:00,44.03702388464947
2024-01-05 21:43:00,44.468414768252956
2024-01-05 21:44:00,43.75228346770818
2024-01-05 21:45:00,46.52293778801298
2024-01-05 21:46:00,44.56317624633582
2024-01-05 21:47:00,42.82233285069235
2024-01-05 21:48:00,44.34383413732976
2024-01-05 21:49:00,45.87423562577668
2024-01-05 21:50:00,43.63925181952041
2024-01-05 21:51:00,44.1183391608643
2024-01-05 21:52:00,45.78499220383062
2024-01-05 21:53:00,45.10322000584654
2024-01-05 21:54:00,46.37941359075285
2024-01-05 21:55:00,44.74388185026425
2024-01-05 21:56:00,45.01087568903275
2024-01-05 21:57:00,44.746126629397644
2024-01-05 21:58:00,45.72962172071975
2024-01-05 21:59:00,44.50788864566403
2024-01-05 22:00:00,44.76156006725272
2024-01-05 22:01:00,42.95159691555454
2024-01-05 22:02:00,44.76603286682264
2024-01-05 22:03:00,47.2566021990051
2024-01-05 22:04:00,47.308195517503535
2024-01-05 22:05:00,67.10807336723848
2024-01-05 22:06:00,42.692791784628426
2024-01-05 22:07:00,45.407030082957824
2024-01-05 22:08:00,46.2749603219788
2024-01-05 22:09:00,46.125721127740185
2024-01-05 22:10:00,46.254992381681106
2024-01-05 22:11:00,46.09622995295499
2024-01-05 22:12:00,46.494478501201
2024-01-05 22:13:00,45.657111891647176
2024-01-05 22:14:00,45.76008922908895
2024-01-05 22:15:00,46.85848105528651
2024-01-05 22:16:00,45.85243554248847
2024-01-05 22:17:00,46.13270314784145
2024-01-05 22:18:00,48.245527993930324
2024-01-05 22:19:00,45.858936833521916
2024-01-05 22:20:00,45.48116226376884
2024-01-05 22:21:00,44.53114825649531
2024-01-05 22:22:00,46.89159827521457
2024-01-05 22:23:00,45.924410468672754
2024-01-05 22:24:00,47.13756868681668
2024-01-05 22:25:00,45.7396151647741
2024-01-05 22:26:00,46.364370996557206
2024-01-05 22:27:00,45.85535603394508
2024-01-05 22:28:00,47.66466152860077
2024-01-05 22:29:00,44.77518439496301
2024-01-05 22:30:00,47.81420943840153
2024-01-05 22:31:00,46.38777553263463
2024-01-05 22:32:00,46.66711826240852
2024-01-05 22:33:00,47.19743165244325
2024-01-05 22:34:00,45.494794000119676
2024-01-05 22:35:00,45.855982860710036
2024-01-05 22:36:00,46.30536971635204
2024-01-05 22:37:00,28.38173605168833
2024-01-05 22:38:00,45.98517015430767
2024-01-05 22:39:00,46.419251768175556
2024-01-05 22:40:00,46.684083212170606
2024-01-05 22:41:00,47.50583457653835
2024-01-05 22:42:00,46.771208285267655
2024-01-05 22:43:00,46.49819891618721
2024-01-05 22:44:00,46.02354601528704
2024-01-05 22:45:00,46.138100318285026
2024-01-05 22:46:00,47.977342274010326
2024-01-05 22:47:00,45.94375011064214
2024-01-05 22:48:00,46.81439460653629
2024-01-05 22:49:00,47.13107469991605
2024-01-05 22:50:00,46.66687265532259
2024-01-05 22:51:00,48.375848732965714
2024-01-05 22:52:00,46.480626387501346
2024-01-05 22:53:00,47.159967503636025
2024-01-05 22:54:00,46.00888594547269
2024-01-05 22:55:00,46.130033071318124
2024-01-05 22:56:00,46.20722670487192
2024-01-05 22:57:00,46.71394465018698
2024-01-05 22:58:00,46.44248252176469
2024-01-05 22:59:00,47.780535129210215
2024-01-05 23:00:00,47.2331294005935
2024-01-05 23:01:00,46.49357381788122
2024-01-05 23:02:00,48.66792925790699
2024-01-05 23:03:00,46.531267829210734
2024-01-05 23:04:00,48.516406285374224
2024-01-05 23:05:00,48.64930968196064
2024-01-05 23:06:00,46.63303592972679
2024-01-05 23:07:00,48.20705000131696
2024-01-05 23:08:00,48.10386903732414
2024-01-05 23:09:00,49.328532620146234
2024-01-05 23:10:00,46.86348314972773
2024-01-05 23:11:00,45.836846438809104
2024-01-05 23:12:00,47.25767846784048
2024-01-05 23:13:00,48.34389411003696
2024-01-05 23:14:00,46.704204438759476
2024-01-05 23:15:00,48.69848136655665
2024-01-05 23:16:00,48.09826182440881
2024-01-05 23:17:00,49.66517294964437
2024-01-05 23:18:00,48.17791718543813
2024-01-05 23:19:00,48.944928602011224
2024-01-05 23:20:00,49.373040713190335
2024-01-05 23:21:00,48.96567897599094
2024-01-05 23:22:00,46.250573112662536
2024-01-05 23:23:00,47.15856881829856
2024-01-05 23:24:00,50.68301292091655
2024-01-05 23:25:00,47.09850572151118
2024-01-05 23:26:00,48.405156818032644
2024-01-05 23:27:00,47.702830109327415
2024-01-05 23:28:00,48.37307117027471
2024-01-05 23:29:00,48.92827915698075
2024-01-05 23:30:00,49.59570312668973
2024-01-05 23:31:00,48.604031986820786
2024-01-05 23:32:00,49.04107279573924
2024-01-05 23:33:00,49.315569384415134
2024-01-05 23:34:00,50.55513256760385
2024-01-05 23:35:00,50.915969485055406
2024-01-05 23:36:00,48.47728708440175
2024-01-05 23:37:00,49.20766339585396
2024-01-05 23:38:00,51.08398492555385
2024-01-05 23:39:00,47.90403453767662
2024-01-05 23:40:00,47.61918664078461
2024-01-05 23:41:00,49.253875025613794
2024-01-05 23:42:00,49.46554674852801
2024-01-05 23:43:00,49.736663855072784
2024-01-05 23:44:00,49.166854171729746
2024-01-05 23:45:00,49.68865670282482
2024-01-05 23:46:00,48.54191405329669
2024-01-05 23:47:00,50.31996870530071
2024-01-05 23:48:00,48.61123681713203
2024-01-05 23:49:00,49.07510454391302
2024-01-05 23:50:00,49.45385731946876
2024-01-05 23:51:00,50.045722311235046
2024-01-05 23:52:00,49.78688756209703
2024-01-05 23:53:00,30.372173853690466
2024-01-05 23:54:00,49.57650786156525
2024-01-05 23:55:00,49.441968703451906
2024-01-05 23:56:00,49.273601834888744
2024-01-05 23:57:00,50.28247162859308
2024-01-05 23:58:00,49.95311069194161
2024-01-05 23:59:00,48.02519045101764
2024-01-06 00:00:00,49.60404890811945
2024-01-06 00:01:00,48.86928855415945
2024-01-06 00:02:00,49.56696501137574
2024-01-06 00:03:00,50.43185512698627
2024-01-06 00:04:00,50.36494235845197
2024-01-06 00:05:00,51.91303941794188
2024-01-06 00:06:00,68.04726103444547
2024-01-06 00:07:00,50.00580918652821
2024-01-06 00:08:00,49.11036891352218
2024-01-06 00:09:00,50.97402530871369
2024-01-06 00:10:00,50.662924699553294
2024-01-06 00:11:00,49.82601968340962
2024-01-06 00:12:00,49.29749327907539
2024-01-06 00:13:00,50.25082697301578
2024-01-06 00:14:00,51.99661403188428
2024-01-06 00:15:00,50.370057234599884
2024-01-06 00:16:00,52.199967622865294
2024-01-06 00:17:00,51.62086810082476
2024-01-06 00:18:00,50.234530765948044
2024-01-06 00:19:00,52.05616996315569
2024-01-06 00:20:00,49.996919110321265
2024-01-06 00:21:00,51.4808618254787
2024-01-06 00:22:00,51.21370660648179
2024-01-06 00:23:00,51.3228381109891
2024-01-06 00:24:00,51.711738047411934
2024-01-06 00:25:00,50.849119134839285
2024-01-06 00:26:00,51.399328707433575
2024-01-06 00:27:00,52.455013302190125
2024-01-06 00:28:00,51.74893209363579
2024-01-06 00:29:00,51.66072308295069
2024-01-06 00:30:00,52.63161080531837
2024-01-06 00:31:00,52.68416309884326
2024-01-06 00:32:00,50.031470506293125
2024-01-06 00:33:00,52.04073962870765
2024-01-06 00:34:00,51.072252111221225
2024-01-06 00:35:00,51.17227670446281
2024-01-06 00:36:00,53.63449905526683
2024-01-06 00:37:00,50.78380578344799
2024-01-06 00:38:00,51.23531448914584
2024-01-06 00:39:00,50.490949506313
2024-01-06 00:40:00,50.03632614561717
2024-01-06 00:41:00,52.01424099483307
2024-01-06 00:42:00,51.208600265169714
2024-01-06 00:43:00,51.69067158697215
2024-01-06 00:44:00,52.33842465974269
2024-01-06 00:45:00,52.176468781062184
2024-01-06 00:46:00,52.20302102717683
2024-01-06 00:47:00,52.78602165289963
2024-01-06 00:48:00,53.872701764561775
2024-01-06 00:49:00,52.86657627817978
2024-01-06 00:50:00,52.57406504241591
2024-01-06 00:51:00,51.27466770913395
2024-01-06 00:52:00,52.48935944517225
2024-01-06 00:53:00,52.86598267293182
2024-01-06 00:54:00,52.72578282486392
2024-01-06 00:55:00,51.63624677375238
2024-01-06 00:56:00,52.04347713722076
2024-01-06 00:57:00,51.79432931160202
2024-01-06 00:58:00,53.3694646938138
2024-01-06 00:59:00,52.18808573802565
2024-01-06 01:00:00,52.46874295411225
2024-01-06 01:01:00,51.72325734785036
2024-01-06 01:02:00,51.1544367316182
2024-01-06 01:03:00,52.90015139536931
2024-01-06 01:04:00,53.16317134757133
2024-01-06 01:05:00,51.35496821942698
2024-01-06 01:06:00,52.89221613221541
2024-01-06 01:07:00,54.09232977456299
2024-01-06 01:08:00,52.06691804681585
2024-01-06 01:09:00,52.20264818648147
2024-01-06 01:10:00,52.945461839162995
2024-01-06 01:11:00,53.2080457399219
2024-01-06 01:12:00,51.45061633228761
2024-01-06 01:13:00,51.91281956207088
2024-01-06 01:14:00,53.58565587339228
2024-01-06 01:15:00,52.549724174634385
2024-01-06 01:16:00,52.13904945073908
2024-01-06 01:17:00,54.321838387021494
2024-01-06 01:18:00,54.28278360623845
2024-01-06 01:19:00,53.67882413648899
2024-01-06 01:20:00,52.551944716394296
2024-01-06 01:21:00,54.578722074550775
2024-01-06 01:22:00,53.401061184151835
2024-01-06 01:23:00,52.830707921124
2024-01-06 01:24:00,53.2204159173185
2024-01-06 01:25:00,52.37789794341039
2024-01-06 01:26:00,54.42921658966928
2024-01-06 01:27:00,53.37860266192826
2024-01-06 01:28:00,53.601999051064006
2024-01-06 01:29:00,56.094090092817936
2024-01-06 01:30:00,34.38956007239284
2024-01-06 01:31:00,54.02080902390581
2024-01-06 01:32:00,54.202955917631755
2024-01-06 01:33:00,51.727392871349096
2024-01-06 01:34:00,54.17380250718068
2024-01-06 01:35:00,54.29823428754751
2024-01-06 01:36:00,54.956856477369854
2024-01-06 01:37:00,51.12176665868304
2024-01-06 01:38:00,54.40812911901652
2024-01-06 01:39:00,55.429654787386724
2024-01-06 01:40:00,55.18019097514476
2024-01-06 01:41:00,55.66431478485082
2024-01-06 01:42:00,55.48027316952161
2024-01-06 01:43:00,53.907242212659476
2024-01-06 01:44:00,54.61766135825787
2024-01-06 01:45:00,55.0697220729034
2024-01-06 01:46:00,55.502550742098556
2024-01-06 01:47:00,54.086901531815116
2024-01-06 01:48:00,53.95306176221537
2024-01-06 01:49:00,53.635537102597084
2024-01-06 01:50:00,54.717195671732085
2024-01-06 01:51:00,55.636182136580544
2024-01-06 01:52:00,53.19040493616235
2024-01-06 01:53:00,55.77666839036247
2024-01-06 01:54:00,55.59351520079883
2024-01-06 01:55:00,58.40131696355815
2024-01-06 01:56:00,57.15376195018207
2024-01-06 01:57:00,53.621783018199395
2024-01-06 01:58:00,53.72099612214852
2024-01-06 01:59:00,54.659100480279875
2024-01-06 02:00:00,54.83883717940639
2024-01-06 02:01:00,54.20251595079165
2024-01-06 02:02:00,54.44554931465975
2024-01-06 02:03:00,55.37579661563432
2024-01-06 02:04:00,55.70421945824477
2024-01-06 02:05:00,55.05997814644025
2024-01-06 02:06:00,55.94760365851055
2024-01-06 02:07:00,56.93657362687924
2024-01-06 02:08:00,55.62539250563614
2024-01-06 02:09:00,54.42493476881044
2024-01-06 02:10:00,55.78473815462571
2024-01-06 02:11:00,53.39365402580823
2024-01-06 02:12:00,54.272388048144414
2024-01-06 02:13:00,54.57369296055843
2024-01-06 02:14:00,54.526003242378465
2024-01-06 02:15:00,53.35327887076206
2024-01-06 02:16:00,55.79919115169716
2024-01-06 02:17:00,54.600971537560895
2024-01-06 02:18:00,56.51738802797108
2024-01-06 02:19:00,57.80615265724771
2024-01-06 02:20:00,54.90603931149963
2024-01-06 02:21:00,56.294400748720534
2024-01-06 02:22:00,55.678405397302996
2024-01-06 02:23:00,57.565761770897886
2024-01-06 02:24:00,55.72916908847597
2024-01-06 02:25:00,55.962200796757145
2024-01-06 02:26:00,54.673237960565395
2024-01-06 02:27:00,56.41165720889768
2024-01-06 02:28:00,55.39007059771018
2024-01-06 02:29:00,55.11952440096583
2024-01-06 02:30:00,56.681673902667015
2024-01-06 02:31:00,57.719961871809694
2024-01-06 02:32:00,56.79526405630078
2024-01-06 02:33:00,57.407240450133514
2024-01-06 02:34:00,55.7722180894001
2024-01-06 02:35:00,55.91286206411814
2024-01-06 02:36:00,56.135598170931935
2024-01-06 02:37:00,56.67712233835324
2024-01-06 02:38:00,56.11934562998797
2024-01-06 02:39:00,56.98212706209619
2024-01-06 02:40:00,56.468437815761284
2024-01-06 02:41:00,55.2331735751661
2024-01-06 02:42:00,56.65234451657788
2024-01-06 02:43:00,57.95047049414184
2024-01-06 02:44:00,56.00914689458624
2024-01-06 02:45:00,56.284242229869676
2024-01-06 02:46:00,55.49190301671162
2024-01-06 02:47:00,57.73340701496324
2024-01-06 02:48:00,55.73174484333982
2024-01-06 02:49:00,56.0432523488148
2024-01-06 02:50:00,58.44229004265346
2024-01-06 02:51:00,55.28178982035021
2024-01-06 02:52:00,57.20723309003156
2024-01-06 02:53:00,54.33980826185373
2024-01-06 02:54:00,85.29878068326649
2024-01-06 02:55:00,57.298083313248014
2024-01-06 02:56:00,56.468360651695534
2024-01-06 02:57:00,54.901149135046985
2024-01-06 02:58:00,55.90269639357206
2024-01-06 02:59:00,55.801827769084355
2024-01-06 03:00:00,56.534314883939416
2024-01-06 03:01:00,57.04824284832912
2024-01-06 03:02:00,56.8275598989774
2024-01-06 03:03:00,56.375227302958805
2024-01-06 03:04:00,56.972412271633985
2024-01-06 03:05:00,56.99884627125807
2024-01-06 03:06:00,56.829024166185654
2024-01-06 03:07:00,57.845207925280086
2024-01-06 03:08:00,57.24495927299683
2024-01-06 03:09:00,57.1825512580375
2024-01-06 03:10:00,56.86548130696222
2024-01-06 03:11:00,56.2797304542714
2024-01-06 03:12:00,55.40174222707548
2024-01-06 03:13:00,55.430534172139645
2024-01-06 03:14:00,56.81053168771046
2024-01-06 03:15:00,57.31070672882867
2024-01-06 03:16:00,59.16039104631185
2024-01-06 03:17:00,55.34071174066612
2024-01-06 03:18:00,58.212440242093365
2024-01-06 03:19:00,58.4212449191996
2024-01-06 03:20:00,57.66294871136581
2024-01-06 03:21:00,57.97930006010506
2024-01-06 03:22:00,59.0302754926241
2024-01-06 03:23:00,57.67694260296459
2024-01-06 03:24:00,57.343685227765896
2024-01-06 03:25:00,57.72241512720145
2024-01-06 03:26:00,58.15878915134333
2024-01-06 03:27:00,59.617577647376784
2024-01-06 03:28:00,58.207166025158884
2024-01-06 03:29:00,58.259188392915426
2024-01-06 03:30:00,58.30303708309139
2024-01-06 03:31:00,57.68402319260963
2024-01-06 03:32:00,58.15859314965943
2024-01-06 03:33:00,57.895231068738404
2024-01-06 03:34:00,58.09391310143388
2024-01-06 03:35:00,57.15513049471029
2024-01-06 03:36:00,59.894056033476744
2024-01-06 03:37:00,60.035338847257854
2024-01-06 03:38:00,57.27075987257087
2024-01-06 03:39:00,58.63842301960692
2024-01-06 03:40:00,58.058511039101546
2024-01-06 03:41:00,57.39996985406273
2024-01-06 03:42:00,56.122863285145236
2024-01-06 03:43:00,57.86777841664856
2024-01-06 03:44:00,57.78701482136965
2024-01-06 03:45:00,58.64897460024092
2024-01-06 03:46:00,57.61283651300738
2024-01-06 03:47:00,57.09274617004129
2024-01-06 03:48:00,57.94413564835465
2024-01-06 03:49:00,56.83947857850687
2024-01-06 03:50:00,57.36993167916753
2024-01-06 03:51:00,58.12103119146023
2024-01-06 03:52:00,57.40253805081358
2024-01-06 03:53:00,58.24924313514201
2024-01-06 03:54:00,57.79211088583904
2024-01-06 03:55:00,58.51650807777065
2024-01-06 03:56:00,83.81454143122369
2024-01-06 03:57:00,58.17777184936578
2024-01-06 03:58:00,58.93291678876014
2024-01-06 03:59:00,58.731387193496964
2024-01-06 04:00:00,59.31035226647857
2024-01-06 04:01:00,59.288372582747826
2024-01-06 04:02:00,34.212752723209945
2024-01-06 04:03:00,58.75087781403853
2024-01-06 04:04:00,58.968765567916456
2024-01-06 04:05:00,59.03369457223039
2024-01-06 04:06:00,59.615259405109825
2024-01-06 04:07:00,59.36324112927542
2024-01-06 04:08:00,60.548111139138804
2024-01-06 04:09:00,81.60854936690922
2024-01-06 04:10:00,59.42143690515614
2024-01-06 04:11:00,58.01782926924428
2024-01-06 04:12:00,58.178150905079
2024-01-06 04:13:00,57.61406204069634
2024-01-06 04:14:00,58.771291261825496
2024-01-06 04:15:00,59.438783266123835
2024-01-06 04:16:00,60.07844803979351
2024-01-06 04:17:00,57.467221858061755
2024-01-06 04:18:00,60.59961166145877
2024-01-06 04:19:00,60.87288173774442
2024-01-06 04:20:00,60.15332074517362
2024-01-06 04:21:00,60.1602112824467
2024-01-06 04:22:00,58.22281222349226
2024-01-06 04:23:00,58.491817952191255
2024-01-06 04:24:00,60.766052961445766
2024-01-06 04:25:00,60.58560797471544
2024-01-06 04:26:00,59.087041622598505
2024-01-06 04:27:00,60.92994660553202
2024-01-06 04:28:00,59.34969307718661
2024-01-06 04:29:00,59.84211490932665
2024-01-06 04:30:00,60.33478319255082
2024-01-06 04:31:00,60.39318897246811
2024-01-06 04:32:00,60.79892574828191
2024-01-06 04:33:00,59.0874913788774
2024-01-06 04:34:00,59.97285720506375
2024-01-06 04:35:00,61.264170707944004
2024-01-06 04:36:00,57.54530048997091
2024-01-06 04:37:00,59.008799125392805
2024-01-06 04:38:00,59.39725647034893
2024-01-06 04:39:00,59.86644991966337
2024-01-06 04:40:00,60.51556688738237
2024-01-06 04:41:00,58.07992418675135
2024-01-06 04:42:00,59.95364260852401
2024-01-06 04:43:00,57.94267396877355
2024-01-06 04:44:00,59.77649360144512
2024-01-06 04:45:00,60.72430367117166
2024-01-06 04:46:00,59.918386065516664
2024-01-06 04:47:00,60.477051771599434
2024-01-06 04:48:00,58.8613007832155
2024-01-06 04:49:00,59.873653324284376
2024-01-06 04:50:00,58.55995040081071
2024-01-06 04:51:00,60.21482471796536
2024-01-06 04:52:00,59.020119225474666
2024-01-06 04:53:00,58.01032957046012
2024-01-06 04:54:00,58.966519099866844
2024-01-06 04:55:00,61.51250786366352
2024-01-06 04:56:00,58.379838172806714
2024-01-06 04:57:00,60.451194802691575
2024-01-06 04:58:00,37.14809926245371
2024-01-06 04:59:00,59.70507443706745
2024-01-06 05:00:00,59.170516296693144
2024-01-06 05:01:00,60.31450895009817
2024-01-06 05:02:00,60.42026602850028
2024-01-06 05:03:00,60.597859997693696
2024-01-06 05:04:00,61.31421143730561
2024-01-06 05:05:00,58.328166283252784
2024-01-06 05:06:00,61.2848760052529
2024-01-06 05:07:00,61.32984332460343
2024-01-06 05:08:00,57.947790625848064
2024-01-06 05:09:00,58.85936345411224
2024-01-06 05:10:00,61.06614877433886
2024-01-06 05:11:00,60.075087524625076
2024-01-06 05:12:00,61.01774978061844
2024-01-06 05:13:00,59.189340781717945
2024-01-06 05:14:00,60.18393876987758
2024-01-06 05:15:00,58.68196638777721
2024-01-06 05:16:00,59.5785883194657
2024-01-06 05:17:00,57.97658605486394
2024-01-06 05:18:00,59.83152475904357
2024-01-06 05:19:00,59.74974039638642
2024-01-06 05:20:00,59.787434438893456
2024-01-06 05:21:00,61.73692369917648
2024-01-06 05:22:00,58.96424577886088
2024-01-06 05:23:00,59.10687779647531
2024-01-06 05:24:00,59.18801432926304
2024-01-06 05:25:00,60.032482542254236
2024-01-06 05:26:00,59.993955462311874
2024-01-06 05:27:00,60.291460149381805
2024-01-06 05:28:00,59.438015397519926
2024-01-06 05:29:00,59.306024525617524
2024-01-06 05:30:00,37.2866597662971
2024-01-06 05:31:00,59.74671586430614
2024-01-06 05:32:00,59.2108729240725
2024-01-06 05:33:00,58.87986865604732
2024-01-06 05:34:00,59.18589185933583
2024-01-06 05:35:00,59.51941235456441
2024-01-06 05:36:00,58.67664355723552
2024-01-06 05:37:00,59.90358158474279
2024-01-06 05:38:00,58.762119545373814
2024-01-06 05:39:00,60.51709179020925
2024-01-06 05:40:00,59.985105859286
2024-01-06 05:41:00,59.46867639359959
2024-01-06 05:42:00,59.888353338081515
2024-01-06 05:43:00,59.28559061520117
2024-01-06 05:44:00,62.161868198477194
2024-01-06 05:45:00,61.21816050102516
2024-01-06 05:46:00,61.351254519470416
2024-01-06 05:47:00,59.99764027504395
2024-01-06 05:48:00,59.924167354106785
2024-01-06 05:49:00,58.769106067973674
2024-01-06 05:50:00,57.71697754153602
2024-01-06 05:51:00,60.29242419644335
2024-01-06 05:52:00,61.47170742748904
2024-01-06 05:53:00,60.69768759979748
2024-01-06 05:54:00,60.607365405518145
2024-01-06 05:55:00,59.17346375982311
2024-01-06 05:56:00,61.820549973299826
2024-01-06 05:57:00,59.85803106745928
2024-01-06 05:58:00,61.05016704723743
2024-01-06 05:59:00,59.489561255096184
2024-01-06 06:00:00,61.276232291437466
2024-01-06 06:01:00,58.962437884043034
2024-01-06 06:02:00,61.692342025228285
2024-01-06 06:03:00,59.26550025406032
2024-01-06 06:04:00,61.830382830520556
2024-01-06 06:05:00,59.77381281171044
2024-01-06 06:06:00,60.69894693219247
2024-01-06 06:07:00,59.31807760676956
2024-01-06 06:08:00,59.98889010952639
2024-01-06 06:09:00,36.61488990406592
2024-01-06 06:10:00,61.11285118117122
2024-01-06 06:11:00,59.70826834772247
2024-01-06 06:12:00,60.105674355544096
2024-01-06 06:13:00,59.656496862081475
2024-01-06 06:14:00,60.31355779242869
2024-01-06 06:15:00,58.7169889179989
2024-01-06 06:16:00,59.40021525261665
2024-01-06 06:17:00,60.83989269746762
2024-01-06 06:18:00,59.48729879621699
2024-01-06 06:19:00,58.99814739161452
2024-01-06 06:20:00,61.09253711417106
2024-01-06 06:21:00,60.541365652346165
2024-01-06 06:22:00,61.576617205566556
2024-01-06 06:23:00,61.63858177468901
2024-01-06 06:24:00,60.103725790651296
2024-01-06 06:25:00,60.05426152345145
2024-01-06 06:26:00,61.537317708681485
2024-01-06 06:27:00,59.570569041102445
2024-01-06 06:28:00,58.04896743407064
2024-01-06 06:29:00,58.21217540446924
2024-01-06 06:30:00,60.834328363160246
2024-01-06 06:31:00,59.215585790122596
2024-01-06 06:32:00,58.321765419677035
2024-01-06 06:33:00,58.7277830977989
2024-01-06 06:34:00,60.376227331907245
2024-01-06 06:35:00,59.18457566182369
2024-01-06 06:36:00,59.19251445566844
2024-01-06 06:37:00,60.09574893393813
2024-01-06 06:38:00,61.02820031680217
2024-01-06 06:39:00,60.68384181576663
2024-01-06 06:40:00,59.25147614676368
2024-01-06 06:41:00,60.94593536771041
2024-01-06 06:42:00,59.78900276756041
2024-01-06 06:43:00,56.858479332517135
2024-01-06 06:44:00,59.85696818110018
2024-01-06 06:45:00,59.02540904445274
2024-01-06 06:46:00,61.16955088505609
2024-01-06 06:47:00,60.972615539575074
2024-01-06 06:48:00,60.06498107530423
2024-01-06 06:49:00,58.991459215260875
2024-01-06 06:50:00,60.30210735635556
2024-01-06 06:51:00,61.1992771543142
2024-01-06 06:52:00,58.36165582324832
2024-01-06 06:53:00,59.081396025107075
2024-01-06 06:54:00,58.226168193998625
2024-01-06 06:55:00,59.547459148183556
2024-01-06 06:56:00,60.09455902455256
2024-01-06 06:57:00,62.71728563677583
2024-01-06 06:58:00,59.31738852624957
2024-01-06 06:59:00,57.51253625421847
2024-01-06 07:00:00,41.15968970507397
2024-01-06 07:01:00,60.23835011889904
2024-01-06 07:02:00,58.65299410611285
2024-01-06 07:03:00,58.43522196734796
2024-01-06 07:04:00,58.03803135630041
2024-01-06 07:05:00,60.86853446640265
2024-01-06 07:06:00,58.472914489857395
2024-01-06 07:07:00,59.41495715081217
2024-01-06 07:08:00,61.01811309123637
2024-01-06 07:09:00,59.952863299089785
2024-01-06 07:10:00,59.05275680250079
2024-01-06 07:11:00,61.446643441485655
2024-01-06 07:12:00,59.59141292909045
2024-01-06 07:13:00,58.163601220833606
2024-01-06 07:14:00,59.863037812018476
2024-01-06 07:15:00,58.86137215444551
2024-01-06 07:16:00,60.25728261177837
2024-01-06 07:17:00,58.559526089516815
2024-01-06 07:18:00,59.4683246465439
2024-01-06 07:19:00,59.44971657648231
2024-01-06 07:20:00,59.532159573845874
2024-01-06 07:21:00,58.59166757260255
2024-01-06 07:22:00,57.13313579498664
2024-01-06 07:23:00,60.50236342241149
2024-01-06 07:24:00,59.42044257239908
2024-01-06 07:25:00,58.80209008493712
2024-01-06 07:26:00,59.63867503060946
2024-01-06 07:27:00,59.117834157247806
2024-01-06 07:28:00,58.924871167755335
2024-01-06 07:29:00,60.81254953972428
2024-01-06 07:30:00,60.920059183447314
2024-01-06 07:31:00,84.60815630256647
2024-01-06 07:32:00,59.07335034239612
2024-01-06 07:33:00,58.74479266981151
2024-01-06 07:34:00,58.42809847803668
2024-01-06 07:35:00,58.07334605493657
2024-01-06 07:36:00,58.25935435739357
2024-01-06 07:37:00,58.286593997997656
2024-01-06 07:38:00,60.309553247555485
2024-01-06 07:39:00,59.000200810743465
2024-01-06 07:40:00,57.69240676916203
2024-01-06 07:41:00,59.13917721025087
2024-01-06 07:42:00,59.454756992112294
2024-01-06 07:43:00,59.79065695927304
2024-01-06 07:44:00,59.57863539876699
2024-01-06 07:45:00,59.54345028887372
2024-01-06 07:46:00,57.67880265177659
2024-01-06 07:47:00,59.236581844005265
2024-01-06 07:48:00,60.274915961797056
2024-01-06 07:49:00,59.75121020881713
2024-01-06 07:50:00,58.779946939318656
2024-01-06 07:51:00,58.27226326059315
2024-01-06 07:52:00,60.03464256628761
2024-01-06 07:53:00,58.4460579863047
2024-01-06 07:54:00,57.18162172671434
2024-01-06 07:55:00,59.17519564739149
2024-01-06 07:56:00,60.08258589405658
2024-01-06 07:57:00,59.0091516977324
2024-01-06 07:58:00,57.137762951079104
2024-01-06 07:59:00,59.26936635805367
2024-01-06 08:00:00,57.698143416528474
2024-01-06 08:01:00,57.560767929953066
2024-01-06 08:02:00,58.81628463440502
2024-01-06 08:03:00,58.79980800978519
2024-01-06 08:04:00,59.43438882790633
2024-01-06 08:05:00,57.18239343615432
2024-01-06 08:06:00,56.99363679501166
2024-01-06 08:07:00,60.73241372662199
2024-01-06 08:08:00,59.87565568362747
2024-01-06 08:09:00,59.84436234442866
2024-01-06 08:10:00,58.85530414959728
2024-01-06 08:11:00,59.51226276893536
2024-01-06 08:12:00,58.31931987771396
2024-01-06 08:13:00,58.449532144078894
2024-01-06 08:14:00,57.83121466302372
2024-01-06 08:15:00,59.309659484114974
2024-01-06 08:16:00,58.695651618943174
2024-01-06 08:17:00,58.62464184890188
2024-01-06 08:18:00,57.44693958231456
2024-01-06 08:19:00,56.83717593294035
2024-01-06 08:20:00,57.72131008716518
2024-01-06 08:21:00,59.89922219484625
2024-01-06 08:22:00,57.23913997135458
2024-01-06 08:23:00,58.28652852035139
2024-01-06 08:24:00,58.25505441786878
2024-01-06 08:25:00,57.433050090174916
2024-01-06 08:26:00,57.067801453251676
2024-01-06 08:27:00,57.573411285499176
2024-01-06 08:28:00,56.661189269498976
2024-01-06 08:29:00,57.402487219727924
2024-01-06 08:30:00,58.927522961526506
2024-01-06 08:31:00,55.77195719342033
2024-01-06 08:32:00,58.130838240607794
2024-01-06 08:33:00,58.61006300148429
2024-01-06 08:34:00,58.27811774263301
2024-01-06 08:35:00,30.029077076864723
2024-01-06 08:36:00,57.089042823537106
2024-01-06 08:37:00,58.20504384693387
2024-01-06 08:38:00,57.84129241050952
2024-01-06 08:39:00,58.77411608899418
2024-01-06 08:40:00,57.5881911727952
2024-01-06 08:41:00,55.99429915983476
2024-01-06 08:42:00,58.25792322520234
2024-01-06 08:43:00,57.26336628351578
2024-01-06 08:44:00,58.08564684303664
2024-01-06 08:45:00,57.8914372807797
2024-01-06 08:46:00,56.20919444590642
2024-01-06 08:47:00,58.91359482382024
2024-01-06 08:48:00,57.04325284762237
2024-01-06 08:49:00,57.35449414721665
2024-01-06 08:50:00,57.79530424665942
2024-01-06 08:51:00,57.39217888327168
2024-01-06 08:52:00,56.606390362996684
2024-01-06 08:53:00,56.683960066476494
2024-01-06 08:54:00,57.24407007817126
2024-01-06 08:55:00,57.92620892109898
2024-01-06 08:56:00,55.48567523872408
2024-01-06 08:57:00,57.06114974163159
2024-01-06 08:58:00,57.542413473601094
2024-01-06 08:59:00,57.28172506298086
2024-01-06 09:00:00,57.717112365669216
2024-01-06 09:01:00,58.00710276128701
2024-01-06 09:02:00,56.60130011634136
2024-01-06 09:03:00,56.042773924440546
2024-01-06 09:04:00,58.17114317797677
2024-01-06 09:05:00,57.35924867974781
2024-01-06 09:06:00,57.03048092207153
2024-01-06 09:07:00,55.91049981687854
2024-01-06 09:08:00,56.557960781032065
2024-01-06 09:09:00,56.49272711901134
2024-01-06 09:10:00,57.15267727650364
2024-01-06 09:11:00,56.46840585007876
2024-01-06 09:12:00,57.34659355665562
2024-01-06 09:13:00,56.04179988152472
2024-01-06 09:14:00,56.43324099132882
2024-01-06 09:15:00,56.19114351626863
2024-01-06 09:16:00,54.96781068385229
2024-01-06 09:17:00,57.18746926685953
2024-01-06 09:18:00,57.14861383601016
2024-01-06 09:19:00,56.58328364944687
2024-01-06 09:20:00,57.14761220244589
2024-01-06 09:21:00,57.06836432864947
2024-01-06 09:22:00,57.17182455848162
2024-01-06 09:23:00,55.584762043621616
2024-01-06 09:24:00,54.51035999975758
2024-01-06 09:25:00,54.86543224119799
2024-01-06 09:26:00,56.06427367361919
2024-01-06 09:27:00,56.59621823437796
2024-01-06 09:28:00,55.36934667053232
2024-01-06 09:29:00,57.50600654559486
2024-01-06 09:30:00,54.39650083664768
2024-01-06 09:31:00,56.2204371286141
2024-01-06 09:32:00,55.717090515953984
2024-01-06 09:33:00,55.50238973231355
2024-01-06 09:34:00,57.85251255145134
2024-01-06 09:35:00,56.75980837685826
2024-01-06 09:36:00,56.32213072138573
2024-01-06 09:37:00,55.770697065087404
2024-01-06 09:38:00,57.2409539602253
2024-01-06 09:39:00,54.26745906640023
2024-01-06 09:40:00,56.73339780322432
2024-01-06 09:41:00,56.23778380116484
2024-01-06 09:42:00,54.22781011019338
2024-01-06 09:43:00,55.135811615688226
2024-01-06 09:44:00,53.51466622247881
2024-01-06 09:45:00,55.644925575945216
2024-01-06 09:46:00,56.79791531851287
2024-01-06 09:47:00,54.43130945596604
2024-01-06 09:48:00,58.080380153550244
2024-01-06 09:49:00,53.665670102982716
2024-01-06 09:50:00,54.724591258742
2024-01-06 09:51:00,54.03838298364432
2024-01-06 09:52:00,54.99174480358475
2024-01-06 09:53:00,54.5727867238528
2024-01-06 09:54:00,54.54657314854885
2024-01-06 09:55:00,81.42645337556932
2024-01-06 09:56:00,54.77576085528024
2024-01-06 09:57:00,55.843591008189534
2024-01-06 09:58:00,56.074217875345994
2024-01-06 09:59:00,55.029041943425696
2024-01-06 10:00:00,54.43917922223435
2024-01-06 10:01:00,54.63327736080726
2024-01-06 10:02:00,54.92258981722553
2024-01-06 10:03:00,54.1731988061572
2024-01-06 10:04:00,55.076715403201284
2024-01-06 10:05:00,79.93400938767856
2024-01-06 10:06:00,52.64368068446455
2024-01-06 10:07:00,55.40355907539067
2024-01-06 10:08:00,54.184856249598354
2024-01-06 10:09:00,54.12005410156164
2024-01-06 10:10:00,55.089116603262916
2024-01-06 10:11:00,54.84012596344751
2024-01-06 10:12:00,53.890906731121134
2024-01-06 10:13:00,55.2762792506174
2024-01-06 10:14:00,54.67692646654876
2024-01-06 10:15:00,54.48522158697931
2024-01-06 10:16:00,54.707853596371976
2024-01-06 10:17:00,53.600463721214
2024-01-06 10:18:00,54.6098202035179
2024-01-06 10:19:00,54.00529242059578
2024-01-06 10:20:00,54.191762314708214
2024-01-06 10:21:00,53.263167290313454
2024-01-06 10:22:00,52.53577017667055
2024-01-06 10:23:00,52.42213967623297
2024-01-06 10:24:00,53.75601520395418
2024-01-06 10:25:00,54.55914793393286
2024-01-06 10:26:00,53.70839843640391
2024-01-06 10:27:00,53.73780244498708
2024-01-06 10:28:00,53.97203207314744
2024-01-06 10:29:00,54.09387988744565
2024-01-06 10:30:00,52.431890921455356
2024-01-06 10:31:00,54.00878441497316
2024-01-06 10:32:00,54.817448465069134
2024-01-06 10:33:00,55.0432435218674
2024-01-06 10:34:00,54.44858785220518
2024-01-06 10:35:00,52.57301178919808
2024-01-06 10:36:00,53.61275399271531
2024-01-06 10:37:00,53.60800863341315
2024-01-06 10:38:00,51.8623252026762
2024-01-06 10:39:00,53.436684757335705
2024-01-06 10:40:00,54.75746069524983
2024-01-06 10:41:00,54.009235435866145
2024-01-06 10:42:00,53.2326524690388
2024-01-06 10:43:00,52.881385880776236
2024-01-06 10:44:00,53.15813957755675
2024-01-06 10:45:00,52.486507495099765
2024-01-06 10:46:00,52.81820590399506
2024-01-06 10:47:00,52.53991780766964
2024-01-06 10:48:00,53.18444322813522
2024-01-06 10:49:00,52.61232873210807
2024-01-06 10:50:00,52.28913303693901
2024-01-06 10:51:00,52.81171004783948
2024-01-06 10:52:00,55.125264242721684
2024-01-06 10:53:00,52.4598931500019
2024-01-06 10:54:00,51.50491354129795
2024-01-06 10:55:00,52.26142799588907
2024-01-06 10:56:00,51.960817116458664
2024-01-06 10:57:00,52.02330516057374
2024-01-06 10:58:00,53.09299920991176
2024-01-06 10:59:00,54.16878396805128
2024-01-06 11:00:00,50.49831187565887
2024-01-06 11:01:00,50.77639339922958
2024-01-06 11:02:00,52.775690062366344
2024-01-06 11:03:00,53.128445593662896
2024-01-06 11:04:00,52.65886339500006
2024-01-06 11:05:00,52.39315845214501
2024-01-06 11:06:00,52.96370086722706
2024-01-06 11:07:00,52.90330633975848
2024-01-06 11:08:00,50.235525657892914
2024-01-06 11:09:00,52.21153580662029
2024-01-06 11:10:00,50.95659212668069
2024-01-06 11:11:00,52.37735545813599
2024-01-06 11:12:00,53.44285576688925
2024-01-06 11:13:00,50.49750642517601
2024-01-06 11:14:00,52.24490098510793
2024-01-06 11:15:00,51.15598135201621
2024-01-06 11:16:00,52.67291799969658
2024-01-06 11:17:00,51.37006516099728
2024-01-06 11:18:00,52.16721067355133
2024-01-06 11:19:00,51.59891627832029
2024-01-06 11:20:00,55.04343444260179
2024-01-06 11:21:00,53.10627645303593
2024-01-06 11:22:00,51.775267137940745
2024-01-06 11:23:00,49.8629886047997
2024-01-06 11:24:00,51.5365746961475
2024-01-06 11:25:00,51.21809865113296
2024-01-06 11:26:00,48.79769714591958
2024-01-06 11:27:00,51.5206055618372
2024-01-06 11:28:00,50.36876744830803
2024-01-06 11:29:00,50.89004561992202
2024-01-06 11:30:00,50.78663685582651
2024-01-06 11:31:00,52.95807355610561
2024-01-06 11:32:00,49.699741641095486
2024-01-06 11:33:00,71.64423392696678
2024-01-06 11:34:00,50.69015780731756
2024-01-06 11:35:00,52.1549070355831
2024-01-06 11:36:00,51.07997366659508
2024-01-06 11:37:00,51.472025609647474
2024-01-06 11:38:00,51.3603608869491
2024-01-06 11:39:00,51.471749910711196
2024-01-06 11:40:00,51.38359170379276
2024-01-06 11:41:00,49.90599772882717
2024-01-06 11:42:00,51.437272632613116
2024-01-06 11:43:00,51.637642185622575
2024-01-06 11:44:00,49.01910062395646
2024-01-06 11:45:00,51.50037266438843
2024-01-06 11:46:00,49.60272286860363
2024-01-06 11:47:00,50.893157642270715
2024-01-06 11:48:00,51.21692360017087
2024-01-06 11:49:00,49.30411123986802
2024-01-06 11:50:00,50.95368095635391
2024-01-06 11:51:00,48.900436031175694
2024-01-06 11:52:00,50.940190629103604
2024-01-06 11:53:00,49.594135950402894
2024-01-06 11:54:00,50.264040112818215
2024-01-06 11:55:00,52.10011337880642
2024-01-06 11:56:00,49.785227063391076
2024-01-06 11:57:00,50.15758479345233
2024-01-06 11:58:00,51.25357678040355
2024-01-06 11:59:00,50.727034573301204
2024-01-06 12:00:00,48.4816382851481
2024-01-06 12:01:00,48.77184032156373
2024-01-06 12:02:00,50.394760853237734
2024-01-06 12:03:00,50.08153989667172
2024-01-06 12:04:00,50.532172828797734
2024-01-06 12:05:00,49.425347131677306
2024-01-06 12:06:00,50.42768709493252
2024-01-06 12:07:00,50.04532841769293
2024-01-06 12:08:00,49.45462212086114
2024-01-06 12:09:00,48.38119097846349
2024-01-06 12:10:00,51.56992406117842
2024-01-06 12:11:00,50.994238060747875
2024-01-06 12:12:00,48.869289688166184
2024-01-06 12:13:00,49.80648267382137
2024-01-06 12:14:00,48.614015525564135
2024-01-06 12:15:00,49.9729296892063
2024-01-06 12:16:00,47.77000278060569
2024-01-06 12:17:00,47.973827021040705
2024-01-06 12:18:00,49.58146179311696
2024-01-06 12:19:00,48.292039220541064
2024-01-06 12:20:00,48.576510240530574
2024-01-06 12:21:00,48.32118486671199
2024-01-06 12:22:00,48.11493916543548
2024-01-06 12:23:00,49.55770736690327
2024-01-06 12:24:00,48.69942687447435
2024-01-06 12:25:00,48.432399634823035
2024-01-06 12:26:00,49.51174423313957
2024-01-06 12:27:00,48.40946408343644
2024-01-06 12:28:00,48.59242984167423
2024-01-06 12:29:00,48.39726772718653
2024-01-06 12:30:00,47.29897135278178
2024-01-06 12:31:00,49.920783678016576
2024-01-06 12:32:00,51.199469268188295
2024-01-06 12:33:00,50.09412871958016
2024-01-06 12:34:00,50.37403929329515
2024-01-06 12:35:00,48.87922454048501
2024-01-06 12:36:00,46.35599693490517
2024-01-06 12:37:00,47.114117447839
2024-01-06 12:38:00,50.066514613300335
2024-01-06 12:39:00,48.81101481725236
2024-01-06 12:40:00,47.21113214508341
2024-01-06 12:41:00,47.66965772615033
2024-01-06 12:42:00,49.15546869984021
2024-01-06 12:43:00,47.94848704334142
2024-01-06 12:44:00,48.85989548209018
2024-01-06 12:45:00,48.81040582283575
2024-01-06 12:46:00,49.34798358424054
2024-01-06 12:47:00,48.81603395995717
2024-01-06 12:48:00,47.83865428630355
2024-01-06 12:49:00,47.99739781597107
2024-01-06 12:50:00,48.49286256976805
2024-01-06 12:51:00,51.00940655731965
2024-01-06 12:52:00,48.39495575929701
2024-01-06 12:53:00,47.74442259018992
2024-01-06 12:54:00,45.7714397287942
2024-01-06 12:55:00,47.06816107457833
2024-01-06 12:56:00,47.85675413216196
2024-01-06 12:57:00,47.48798873750377
2024-01-06 12:58:00,47.30394904171675
2024-01-06 12:59:00,48.934875880765915
2024-01-06 13:00:00,48.55312137659506
2024-01-06 13:01:00,47.45444847847992
2024-01-06 13:02:00,47.465783237385175
2024-01-06 13:03:00,48.69934163255735
2024-01-06 13:04:00,45.519576363184726
2024-01-06 13:05:00,46.48174524840091
2024-01-06 13:06:00,47.1667856045127
2024-01-06 13:07:00,46.019291764272815
2024-01-06 13:08:00,47.113640581621965
2024-01-06 13:09:00,46.31891567916355
2024-01-06 13:10:00,47.55059300598839
2024-01-06 13:11:00,45.72154151215218
2024-01-06 13:12:00,48.74518911054398
2024-01-06 13:13:00,47.28466792885313
2024-01-06 13:14:00,46.61337861054277
2024-01-06 13:15:00,47.91091193534392
2024-01-06 13:16:00,47.14650784204434
2024-01-06 13:17:00,47.16792158647237
2024-01-06 13:18:00,47.37872551251763
2024-01-06 13:19:00,45.30641765175987
2024-01-06 13:20:00,45.06751298285483
2024-01-06 13:21:00,46.68477668867778
2024-01-06 13:22:00,46.43257855851667
2024-01-06 13:23:00,46.5208407146537
2024-01-06 13:24:00,46.40775241442806
2024-01-06 13:25:00,46.14536343540423
2024-01-06 13:26:00,47.497833420326515
2024-01-06 13:27:00,46.133807920919125
2024-01-06 13:28:00,44.860273744295846
2024-01-06 13:29:00,46.951714697360295
2024-01-06 13:30:00,46.87274406071379
2024-01-06 13:31:00,45.40010951393095
2024-01-06 13:32:00,44.272410650244446
2024-01-06 13:33:00,45.365504087857865
2024-01-06 13:34:00,45.693767611537304
2024-01-06 13:35:00,46.18678689927795
2024-01-06 13:36:00,47.21915466478146
2024-01-06 13:37:00,46.4695358325046
2024-01-06 13:38:00,45.85787179862259
2024-01-06 13:39:00,45.01868159094502
2024-01-06 13:40:00,45.52471577537114
2024-01-06 13:41:00,45.941195484631734
2024-01-06 13:42:00,44.92613863265246
2024-01-06 13:43:00,45.80280563031183
2024-01-06 13:44:00,45.160511724111245
2024-01-06 13:45:00,45.436588534198506
2024-01-06 13:46:00,47.18148585947357
2024-01-06 13:47:00,45.6280200081895
2024-01-06 13:48:00,46.07124187495826
2024-01-06 13:49:00,43.96684670064462
2024-01-06 13:50:00,46.47261732280989
2024-01-06 13:51:00,44.80289953802195
2024-01-06 13:52:00,44.465316299735036
2024-01-06 13:53:00,46.04052703919403
2024-01-06 13:54:00,46.935806579870416
2024-01-06 13:55:00,46.479706942680686
2024-01-06 13:56:00,45.678746274226256
2024-01-06 13:57:00,46.85766682521506
2024-01-06 13:58:00,45.190955779601616
2024-01-06 13:59:00,45.694053887243
2024-01-06 14:00:00,47.0285486558124
2024-01-06 14:01:00,44.393216471986335
2024-01-06 14:02:00,44.8713279843868
2024-01-06 14:03:00,43.94658230792466
2024-01-06 14:04:00,45.31225951490999
2024-01-06 14:05:00,43.41522686500176
2024-01-06 14:06:00,45.76114394885376
2024-01-06 14:07:00,44.542347909343306
2024-01-06 14:08:00,44.51682818704682
2024-01-06 14:09:00,44.874742923301746
2024-01-06 14:10:00,46.00660985831213
2024-01-06 14:11:00,45.31020458495634
2024-01-06 14:12:00,44.823696114233165
2024-01-06 14:13:00,44.42397792130032
2024-01-06 14:14:00,45.54036346518465
2024-01-06 14:15:00,46.14829505163939
2024-01-06 14:16:00,44.38970272602263
2024-01-06 14:17:00,45.65242251889782
2024-01-06 14:18:00,42.94416804918305
2024-01-06 14:19:00,43.72732482533615
2024-01-06 14:20:00,44.75150931245555
2024-01-06 14:21:00,44.38406154942168
2024-01-06 14:22:00,43.48176586809776
2024-01-06 14:23:00,44.82076419935751
2024-01-06 14:24:00,43.38907338717113
2024-01-06 14:25:00,43.57672439671273
2024-01-06 14:26:00,43.090629216067825
2024-01-06 14:27:00,43.1696399192162
2024-01-06 14:28:00,44.61039755203657
2024-01-06 14:29:00,45.05496922260143
2024-01-06 14:30:00,43.05504954096509
2024-01-06 14:31:00,44.707649495454035
2024-01-06 14:32:00,42.14549175054279
2024-01-06 14:33:00,42.84500709636564
2024-01-06 14:34:00,44.40441148262389
2024-01-06 14:35:00,42.512444572993594
2024-01-06 14:36:00,46.236187978708294
2024-01-06 14:37:00,41.9871989061432
2024-01-06 14:38:00,44.496256517092625
2024-01-06 14:39:00,42.77917334736148
2024-01-06 14:40:00,43.04213615750335
2024-01-06 14:41:00,42.22527844778555
2024-01-06 14:42:00,66.56991144022925
2024-01-06 14:43:00,44.37734345977975
2024-01-06 14:44:00,43.267416326737376
2024-01-06 14:45:00,42.028476805209806
2024-01-06 14:46:00,43.94323030453922
2024-01-06 14:47:00,44.945628139868504
2024-01-06 14:48:00,43.88595254521366
2024-01-06 14:49:00,60.12381654748246
2024-01-06 14:50:00,43.559370052084546
2024-01-06 14:51:00,43.58820642679028
2024-01-06 14:52:00,42.46285361454938
2024-01-06 14:53:00,42.24797088880213
2024-01-06 14:54:00,45.35955861672059
2024-01-06 14:55:00,42.15566518586289
2024-01-06 14:56:00,44.760766695756274
2024-01-06 14:57:00,44.40549046070416
2024-01-06 14:58:00,43.7203340887241
2024-01-06 14:59:00,43.09423467053222
2024-01-06 15:00:00,42.31678860062498
2024-01-06 15:01:00,45.39918936315857
2024-01-06 15:02:00,43.42617836452764
2024-01-06 15:03:00,43.79525673812503
2024-01-06 15:04:00,44.51567186662992
2024-01-06 15:05:00,42.75029215153032
2024-01-06 15:06:00,42.733239603603316
2024-01-06 15:07:00,43.44643721131183
2024-01-06 15:08:00,42.38542608403976
2024-01-06 15:09:00,44.41881971532855
2024-01-06 15:10:00,45.56505537093242
2024-01-06 15:11:00,42.09925420062741
2024-01-06 15:12:00,43.18367898113758
2024-01-06 15:13:00,42.71205874128264
2024-01-06 15:14:00,43.65154379279316
2024-01-06 15:15:00,43.7945599630627
2024-01-06 15:16:00,42.374560723011086
2024-01-06 15:17:00,41.02546574290513
2024-01-06 15:18:00,42.127667939891396
2024-01-06 15:19:00,42.57282562331636
2024-01-06 15:20:00,42.87157907515489
2024-01-06 15:21:00,41.82145729564998
2024-01-06 15:22:00,41.50926213734485
2024-01-06 15:23:00,41.98575918001009
2024-01-06 15:24:00,42.32104664279565
2024-01-06 15:25:00,44.55611735989123
2024-01-06 15:26:00,43.64692363241705
2024-01-06 15:27:00,42.054798677901665
2024-01-06 15:28:00,41.900495035770085
2024-01-06 15:29:00,42.49710735271192
2024-01-06 15:30:00,41.71298385398427
2024-01-06 15:31:00,40.23189296107766
2024-01-06 15:32:00,41.988999835031116
2024-01-06 15:33:00,40.51276684968364
2024-01-06 15:34:00,41.78509642988381
2024-01-06 15:35:00,42.31072955444826
2024-01-06 15:36:00,41.34987642481917
2024-01-06 15:37:00,41.92272496505647
2024-01-06 15:38:00,42.88311756654567
2024-01-06 15:39:00,42.21613560556551
2024-01-06 15:40:00,42.823153807202445
2024-01-06 15:41:00,43.26972734243165
2024-01-06 15:42:00,41.30882274872384
2024-01-06 15:43:00,41.43221881856863
2024-01-06 15:44:00,40.59547346739819
2024-01-06 15:45:00,42.19663965090464
2024-01-06 15:46:00,41.541339300428184
2024-01-06 15:47:00,41.826433573648586
2024-01-06 15:48:00,40.96912894456136
2024-01-06 15:49:00,42.43120668092671
2024-01-06 15:50:00,41.202227749233884
2024-01-06 15:51:00,40.81326891253891
2024-01-06 15:52:00,40.32263526196953
2024-01-06 15:53:00,42.20706642891828
2024-01-06 15:54:00,40.7013864750926
2024-01-06 15:55:00,43.16035766601539
2024-01-06 15:56:00,40.828355575799705
2024-01-06 15:57:00,41.25092548118681
2024-01-06 15:58:00,39.18214489329006
2024-01-06 15:59:00,42.18232618031311
2024-01-06 16:00:00,41.19457003229517
2024-01-06 16:01:00,41.044807649823724
2024-01-06 16:02:00,40.701969479046866
2024-01-06 16:03:00,41.57566946711513
2024-01-06 16:04:00,41.07908999212563
2024-01-06 16:05:00,39.275502108270544
2024-01-06 16:06:00,42.56680906811026
2024-01-06 16:07:00,41.245334075876855
2024-01-06 16:08:00,41.2270892384867
2024-01-06 16:09:00,40.47478876394345
2024-01-06 16:10:00,43.08088540494736
2024-01-06 16:11:00,40.5069171714366
2024-01-06 16:12:00,40.43579211557745
2024-01-06 16:13:00,40.554505300255734
2024-01-06 16:14:00,40.98830564157564
2024-01-06 16:15:00,41.26047234855438
2024-01-06 16:16:00,39.030271435675274
2024-01-06 16:17:00,42.711620389092246
2024-01-06 16:18:00,41.05910824353171
2024-01-06 16:19:00,42.223658876483825
2024-01-06 16:20:00,41.848658898043794
2024-01-06 16:21:00,39.54857281489708
2024-01-06 16:22:00,39.96807331717353
2024-01-06 16:23:00,41.079591212905655
2024-01-06 16:24:00,41.94196630719404
2024-01-06 16:25:00,40.46326821951648
2024-01-06 16:26:00,42.45486765043668
2024-01-06 16:27:00,41.22845836936847
2024-01-06 16:28:00,40.29302789288708
2024-01-06 16:29:00,41.064905631566475
2024-01-06 16:30:00,41.62304938219011
2024-01-06 16:31:00,42.98195056955413
2024-01-06 16:32:00,40.975817251158325
2024-01-06 16:33:00,41.28491021265135
2024-01-06 16:34:00,40.8022610234843
2024-01-06 16:35:00,40.940050352018474
2024-01-06 16:36:00,41.79643418302677
2024-01-06 16:37:00,41.25513305942677
2024-01-06 16:38:00,39.046042680822
2024-01-06 16:39:00,39.75109191840118
2024-01-06 16:40:00,39.57380812781989
2024-01-06 16:41:00,41.28835896457478
2024-01-06 16:42:00,41.34241228955228
2024-01-06 16:43:00,38.9579481893797
2024-01-06 16:44:00,41.43266908815752
2024-01-06 16:45:00,42.06560102598064
2024-01-06 16:46:00,40.933078776024374
2024-01-06 16:47:00,40.883353443024255
2024-01-06 16:48:00,40.57192284115439
2024-01-06 16:49:00,40.65589789360144
2024-01-06 16:50:00,40.860316769610016
2024-01-06 16:51:00,40.416325616989894
2024-01-06 16:52:00,42.237439975927145
2024-01-06 16:53:00,58.28563418163769
2024-01-06 16:54:00,40.6353212580936
2024-01-06 16:55:00,40.66485540384555
2024-01-06 16:56:00,40.68187133504347
2024-01-06 16:57:00,39.8573292920751
2024-01-06 16:58:00,39.66388145403673
2024-01-06 16:59:00,38.6699787500046
2024-01-06 17:00:00,40.66437780128507
2024-01-06 17:01:00,38.853968201807014
2024-01-06 17:02:00,41.491685992639205
2024-01-06 17:03:00,40.771021523820686
2024-01-06 17:04:00,40.12310620407916
2024-01-06 17:05:00,40.59123879600756
2024-01-06 17:06:00,38.58935852365192
2024-01-06 17:07:00,40.8899649062691
2024-01-06 17:08:00,40.87089503309492
2024-01-06 17:09:00,39.54260191844014
2024-01-06 17:10:00,39.885456704924046
2024-01-06 17:11:00,40.42839991199122
2024-01-06 17:12:00,40.574273068387434
2024-01-06 17:13:00,40.71665118062179
2024-01-06 17:14:00,40.6132094177916
2024-01-06 17:15:00,40.574317899072966
2024-01-06 17:16:00,39.434824059833154
2024-01-06 17:17:00,38.46354108028371
2024-01-06 17:18:00,40.35331162854859
2024-01-06 17:19:00,40.375886033609
2024-01-06 17:20:00,64.27608831204053
2024-01-06 17:21:00,39.47918676654132
2024-01-06 17:22:00,40.04373105665166
2024-01-06 17:23:00,40.12528515255264
2024-01-06 17:24:00,38.91721385662668
2024-01-06 17:25:00,69.14431411817789
2024-01-06 17:26:00,41.180328441126015
2024-01-06 17:27:00,39.81530361296056
2024-01-06 17:28:00,38.50060865626989
2024-01-06 17:29:00,40.95438975647906
2024-01-06 17:30:00,40.712714381898394
2024-01-06 17:31:00,43.495917389089456
2024-01-06 17:32:00,39.13923486313739
2024-01-06 17:33:00,38.81386645883151
2024-01-06 17:34:00,39.40668600951478
2024-01-06 17:35:00,41.60831294306148
2024-01-06 17:36:00,41.33801086684353
2024-01-06 17:37:00,40.91063850723991
2024-01-06 17:38:00,40.80218391382246
2024-01-06 17:39:00,38.44170214753574
2024-01-06 17:40:00,40.1843596351062
2024-01-06 17:41:00,39.05188386807604
2024-01-06 17:42:00,39.58871429496538
2024-01-06 17:43:00,41.42208844688391
2024-01-06 17:44:00,40.182943828109
2024-01-06 17:45:00,40.53961561515401
2024-01-06 17:46:00,39.47046401783481
2024-01-06 17:47:00,39.42491796201913
2024-01-06 17:48:00,38.24825417830674
2024-01-06 17:49:00,38.80510904018719
2024-01-06 17:50:00,40.52633290031899
2024-01-06 17:51:00,40.161971323152535
2024-01-06 17:52:00,41.21185992379187
2024-01-06 17:53:00,39.795071092531565
2024-01-06 17:54:00,40.97613212275608
2024-01-06 17:55:00,39.65453561948358
2024-01-06 17:56:00,41.061311714388694
2024-01-06 17:57:00,39.88838256826987
2024-01-06 17:58:00,39.79369739774404
2024-01-06 17:59:00,41.70322518013392
2024-01-06 18:00:00,39.54928138595446
2024-01-06 18:01:00,40.962322370806
2024-01-06 18:02:00,39.795534527350206
2024-01-06 18:03:00,39.52058480542115
2024-01-06 18:04:00,40.88742001217433
2024-01-06 18:05:00,40.0171969822289
2024-01-06 18:06:00,41.54660303719516
2024-01-06 18:07:00,39.84749186230514
2024-01-06 18:08:00,39.97797597832448
2024-01-06 18:09:00,40.04816725535937
2024-01-06 18:10:00,39.69690809312354
2024-01-06 18:11:00,39.50757509776322
2024-01-06 18:12:00,40.66726543072306
2024-01-06 18:13:00,40.99376602934566
2024-01-06 18:14:00,40.77349933665714
2024-01-06 18:15:00,41.933513496704705
2024-01-06 18:16:00,39.686003652904105
2024-01-06 18:17:00,40.2221725974395
2024-01-06 18:18:00,39.2898694206162
2024-01-06 18:19:00,38.7828564604122
2024-01-06 18:20:00,39.621364808890974
2024-01-06 18:21:00,39.58551850655632
2024-01-06 18:22:00,40.37805087927767
2024-01-06 18:23:00,40.74752909534409
2024-01-06 18:24:00,39.87770163078373
2024-01-06 18:25:00,41.460269118136814
2024-01-06 18:26:00,38.91255422829459
2024-01-06 18:27:00,40.894440984665486
2024-01-06 18:28:00,39.89168758176359
2024-01-06 18:29:00,39.25999824687186
2024-01-06 18:30:00,40.49136038451987
2024-01-06 18:31:00,40.223553466900896
2024-01-06 18:32:00,37.26596482043959
2024-01-06 18:33:00,39.589016264580046
2024-01-06 18:34:00,40.319646697494434
2024-01-06 18:35:00,40.14927479850188
2024-01-06 18:36:00,39.85022491914649
2024-01-06 18:37:00,41.03799217711171
2024-01-06 18:38:00,38.76281276324165
2024-01-06 18:39:00,41.70386023014893
2024-01-06 18:40:00,37.91007490856072
2024-01-06 18:41:00,40.72783263622526
2024-01-06 18:42:00,39.49076871554413
2024-01-06 18:43:00,39.459002835517445
2024-01-06 18:44:00,40.85052476968762
2024-01-06 18:45:00,41.631795798144275
2024-01-06 18:46:00,38.87722371546152
2024-01-06 18:47:00,41.955153097061846
2024-01-06 18:48:00,41.18690282377518
2024-01-06 18:49:00,40.36278646197481
2024-01-06 18:50:00,39.18026505555996
2024-01-06 18:51:00,40.15076123142874
2024-01-06 18:52:00,39.86866849522514
2024-01-06 18:53:00,41.17842240796405
2024-01-06 18:54:00,38.7375532283008
2024-01-06 18:55:00,43.00774657431652
2024-01-06 18:56:00,39.24233725548661
2024-01-06 18:57:00,65.759415075499
2024-01-06 18:58:00,38.968984702176094
2024-01-06 18:59:00,40.139488350025026
2024-01-06 19:00:00,39.39497702870675
2024-01-06 19:01:00,40.5908595460149
2024-01-06 19:02:00,39.65799509184594
2024-01-06 19:03:00,40.21383952884313
2024-01-06 19:04:00,38.844470518434896
2024-01-06 19:05:00,40.54659570767812
2024-01-06 19:06:00,40.40353010698243
2024-01-06 19:07:00,39.523123221054206
2024-01-06 19:08:00,39.16216188219976
2024-01-06 19:09:00,39.83527218477991
2024-01-06 19:10:00,40.34946948925943
2024-01-06 19:11:00,38.775016437644624
2024-01-06 19:12:00,40.60666788943684
2024-01-06 19:13:00,41.261942354349436
2024-01-06 19:14:00,39.927324038395845
2024-01-06 19:15:00,40.538607268628496
2024-01-06 19:16:00,40.56123130204983
2024-01-06 19:17:00,42.119106793608985
2024-01-06 19:18:00,40.26381130780465
2024-01-06 19:19:00,41.550592858552726
2024-01-06 19:20:00,39.251650770047824
2024-01-06 19:21:00,40.82579327337465
2024-01-06 19:22:00,40.471328770087794
2024-01-06 19:23:00,39.03198046509078
2024-01-06 19:24:00,40.72591343402861
2024-01-06 19:25:00,40.87196728939022
2024-01-06 19:26:00,40.50922131901238
2024-01-06 19:27:00,40.31770137735657
2024-01-06 19:28:00,40.75575961665809
2024-01-06 19:29:00,40.04030560257733
2024-01-06 19:30:00,40.64694070918831
2024-01-06 19:31:00,40.31355289643649
2024-01-06 19:32:00,40.463848334062014
2024-01-06 19:33:00,41.265429622914176
2024-01-06 19:34:00,40.157189753827254
2024-01-06 19:35:00,40.56984703586353
2024-01-06 19:36:00,40.12762263984166
2024-01-06 19:37:00,43.25422435593542
2024-01-06 19:38:00,40.08989330281169
2024-01-06 19:39:00,62.4339868726624
2024-01-06 19:40:00,41.71620600196454
2024-01-06 19:41:00,41.56875359545201
2024-01-06 19:42:00,41.81248522010099
2024-01-06 19:43:00,40.810993239539464
2024-01-06 19:44:00,39.86323693165524
2024-01-06 19:45:00,40.9617504839776
2024-01-06 19:46:00,41.022506765793665
2024-01-06 19:47:00,39.52154469256486
2024-01-06 19:48:00,42.298557351238536
2024-01-06 19:49:00,39.844127754817556
2024-01-06 19:50:00,40.46357541273797
2024-01-06 19:51:00,42.39174807194809
2024-01-06 19:52:00,42.28013688304592
2024-01-06 19:53:00,41.42649690577141
2024-01-06 19:54:00,41.78378965779914
2024-01-06 19:55:00,41.117798799510105
2024-01-06 19:56:00,40.834056636922256
2024-01-06 19:57:00,40.392701132477995
2024-01-06 19:58:00,40.17480161591524
2024-01-06 19:59:00,42.2701671818744
2024-01-06 20:00:00,41.240036267336954
2024-01-06 20:01:00,12.959777836641678
2024-01-06 20:02:00,41.70964423476392
2024-01-06 20:03:00,41.88885480329361
2024-01-06 20:04:00,43.432621974835584
2024-01-06 20:05:00,39.574808860952714
2024-01-06 20:06:00,39.988813661470644
2024-01-06 20:07:00,42.6664189577979
2024-01-06 20:08:00,41.564786683470324
2024-01-06 20:09:00,40.50003841127836
2024-01-06 20:10:00,42.435774759167
2024-01-06 20:11:00,40.44045093969077
2024-01-06 20:12:00,42.54081971699418
2024-01-06 20:13:00,44.49034507574502
2024-01-06 20:14:00,41.09062194355006
2024-01-06 20:15:00,41.446331386854816
2024-01-06 20:16:00,40.63054803473105
2024-01-06 20:17:00,42.47431671709857
2024-01-06 20:18:00,40.303343529727535
2024-01-06 20:19:00,42.92981532764716
2024-01-06 20:20:00,41.72478785922394
2024-01-06 20:21:00,42.367058666487665
2024-01-06 20:22:00,42.87053447509994
2024-01-06 20:23:00,42.99016172905071
2024-01-06 20:24:00,42.07293145205856
2024-01-06 20:25:00,44.030280591555126
2024-01-06 20:26:00,41.96877266074671
2024-01-06 20:27:00,42.08660120096813
2024-01-06 20:28:00,41.24854178304666
2024-01-06 20:29:00,42.58707328327071
2024-01-06 20:30:00,41.475200280174924
2024-01-06 20:31:00,43.97203793284858
2024-01-06 20:32:00,40.57429431824316
2024-01-06 20:33:00,41.27122378787241
2024-01-06 20:34:00,41.30851124399745
2024-01-06 20:35:00,42.643829202542655
2024-01-06 20:36:00,43.37899346850395
2024-01-06 20:37:00,41.125577080677765
2024-01-06 20:38:00,41.27222162884072
2024-01-06 20:39:00,42.54212101247963
2024-01-06 20:40:00,42.36342062016421
2024-01-06 20:41:00,42.75591772631728
2024-01-06 20:42:00,43.01400853986505
2024-01-06 20:43:00,41.56442110146581
2024-01-06 20:44:00,41.91147046119498
2024-01-06 20:45:00,44.82231013186113
2024-01-06 20:46:00,42.566441456971454
2024-01-06 20:47:00,41.647867685127444
2024-01-06 20:48:00,42.154128037962295
2024-01-06 20:49:00,44.14134945095019
2024-01-06 20:50:00,16.577752302497217
2024-01-06 20:51:00,42.4620557194414
2024-01-06 20:52:00,43.697090415977456
2024-01-06 20:53:00,42.95503486441022
2024-01-06 20:54:00,42.06480363616171
2024-01-06 20:55:00,42.17070333522699
2024-01-06 20:56:00,42.91853463161571
2024-01-06 20:57:00,43.70997547102727
2024-01-06 20:58:00,43.97713744205692
2024-01-06 20:59:00,42.993550473327375
2024-01-06 21:00:00,42.56064938976881
2024-01-06 21:01:00,43.676199865678555
2024-01-06 21:02:00,40.79891088840163
2024-01-06 21:03:00,42.10465308502044
2024-01-06 21:04:00,43.10202821970466
2024-01-06 21:05:00,44.271724023717596
2024-01-06 21:06:00,42.18747030495023
2024-01-06 21:07:00,43.763800434435325
2024-01-06 21:08:00,42.41156536168065
2024-01-06 21:09:00,43.31209086141265
2024-01-06 21:10:00,42.82882882746155
2024-01-06 21:11:00,43.94491437403433
2024-01-06 21:12:00,42.38344726655589
2024-01-06 21:13:00,44.13518615874498
2024-01-06 21:14:00,42.84506659002074
2024-01-06 21:15:00,40.158113425502656
2024-01-06 21:16:00,42.32103512504221
2024-01-06 21:17:00,43.232692728303654
2024-01-06 21:18:00,44.603863645476075
2024-01-06 21:19:00,42.64475791254695
2024-01-06 21:20:00,43.45216897612438
2024-01-06 21:21:00,42.703517226383745
2024-01-06 21:22:00,25.692696647949774
2024-01-06 21:23:00,43.96214238551548
2024-01-06 21:24:00,42.862162311942434
2024-01-06 21:25:00,45.497750995034714
2024-01-06 21:26:00,42.095100301158574
2024-01-06 21:27:00,42.462490898661216
2024-01-06 21:28:00,43.912978710612165
2024-01-06 21:29:00,43.95615695163599
2024-01-06 21:30:00,44.157974558554415
2024-01-06 21:31:00,43.41525229308967
2024-01-06 21:32:00,43.385037314363686
2024-01-06 21:33:00,44.304649790347085
2024-01-06 21:34:00,44.07474041147918
2024-01-06 21:35:00,44.8144201051741
2024-01-06 21:36:00,44.467483372737576
2024-01-06 21:37:00,45.97591941496045
2024-01-06 21:38:00,46.22429026844338
2024-01-06 21:39:00,43.86754536643146
2024-01-06 21:40:00,44.49875277896465
2024-01-06 21:41:00,46.542905345573736
2024-01-06 21:42:00,41.90730474860768
2024-01-06 21:43:00,43.65648565521409
2024-01-06 21:44:00,45.36737308029367
2024-01-06 21:45:00,45.77123593186594
2024-01-06 21:46:00,43.894813712209434
2024-01-06 21:47:00,42.06539027884508
2024-01-06 21:48:00,45.205042809570045
2024-01-06 21:49:00,44.608305246418624
2024-01-06 21:50:00,45.50866662473725
2024-01-06 21:51:00,45.331794796752455
2024-01-06 21:52:00,43.63333466724384
2024-01-06 21:53:00,45.645691397638
2024-01-06 21:54:00,43.913759485242736
2024-01-06 21:55:00,45.17435793939792
2024-01-06 21:56:00,44.38113391334218
2024-01-06 21:57:00,45.79761800116571
2024-01-06 21:58:00,43.476873807188426
2024-01-06 21:59:00,44.318516007423554
2024-01-06 22:00:00,45.13440109476943
2024-01-06 22:01:00,45.45694036088143
2024-01-06 22:02:00,45.47081513142488
2024-01-06 22:03:00,44.05197988417875
2024-01-06 22:04:00,46.17322954212782
2024-01-06 22:05:00,46.14367464199354
2024-01-06 22:06:00,44.566049998950284
2024-01-06 22:07:00,44.37318164128804
2024-01-06 22:08:00,45.54173653748295
2024-01-06 22:09:00,45.843990381399024
2024-01-06 22:10:00,44.95019306345164
2024-01-06 22:11:00,45.622697922250254
2024-01-06 22:12:00,43.91761499171162
2024-01-06 22:13:00,46.08577640309082
2024-01-06 22:14:00,45.0881326455559
2024-01-06 22:15:00,47.50718933477079
2024-01-06 22:16:00,45.557275160491066
2024-01-06 22:17:00,45.013216413271316
2024-01-06 22:18:00,44.86654578179893
2024-01-06 22:19:00,75.97179768888016
2024-01-06 22:20:00,46.02006909701671
2024-01-06 22:21:00,45.32988381447248
2024-01-06 22:22:00,46.44153283023159
2024-01-06 22:23:00,45.92162278007969
2024-01-06 22:24:00,47.470579295851344
2024-01-06 22:25:00,46.933050471551404
2024-01-06 22:26:00,44.83444477961627
2024-01-06 22:27:00,45.403176172722276
2024-01-06 22:28:00,65.01044224871657
2024-01-06 22:29:00,47.79537169475327
2024-01-06 22:30:00,45.87045772557447
2024-01-06 22:31:00,47.338409146205784
2024-01-06 22:32:00,45.30822315890114
2024-01-06 22:33:00,45.30823578055675
2024-01-06 22:34:00,46.82289605347741
2024-01-06 22:35:00,46.46746594953272
2024-01-06 22:36:00,46.83068484732156
2024-01-06 22:37:00,46.44866724242888
2024-01-06 22:38:00,47.72958411802106
2024-01-06 22:39:00,45.97524288874938
2024-01-06 22:40:00,47.24515768195707
2024-01-06 22:41:00,44.695247704022314
2024-01-06 22:42:00,46.71696647086425
2024-01-06 22:43:00,46.61077600201887
2024-01-06 22:44:00,45.590868905403745
2024-01-06 22:45:00,48.79733842905412
2024-01-06 22:46:00,46.93719995108719
2024-01-06 22:47:00,46.545808437434125
2024-01-06 22:48:00,46.16319123453255
2024-01-06 22:49:00,46.24367501998225
2024-01-06 22:50:00,46.46811772428931
2024-01-06 22:51:00,47.497279450078615
2024-01-06 22:52:00,46.49226069193837
2024-01-06 22:53:00,47.12882770327561
2024-01-06 22:54:00,47.40481412216931
2024-01-06 22:55:00,47.90847724403926
2024-01-06 22:56:00,47.615954591048926
2024-01-06 22:57:00,47.51564630656814
2024-01-06 22:58:00,47.724073897865274
2024-01-06 22:59:00,46.82972571409625
2024-01-06 23:00:00,45.549390474879786
2024-01-06 23:01:00,48.77463712813125
2024-01-06 23:02:00,46.06402990903146
2024-01-06 23:03:00,46.99700321190664
2024-01-06 23:04:00,48.56605274152263
2024-01-06 23:05:00,46.120313222437694
2024-01-06 23:06:00,47.342775722893684
2024-01-06 23:07:00,48.610843972345734
2024-01-06 23:08:00,46.5563243878519
2024-01-06 23:09:00,47.27889247923236
2024-01-06 23:10:00,47.47984307814519
2024-01-06 23:11:00,48.21035445721279
2024-01-06 23:12:00,47.83345269236538
2024-01-06 23:13:00,47.21887351124012
2024-01-06 23:14:00,48.297319281290335
2024-01-06 23:15:00,48.49979494356731
2024-01-06 23:16:00,47.11141997100036
2024-01-06 23:17:00,47.7788508716362
2024-01-06 23:18:00,46.61664716508903
2024-01-06 23:19:00,47.75604777676855
2024-01-06 23:20:00,49.4835945986937
2024-01-06 23:21:00,48.064384880827426
2024-01-06 23:22:00,49.1164596254603
2024-01-06 23:23:00,48.59150540645666
2024-01-06 23:24:00,49.93397257348151
2024-01-06 23:25:00,47.35193051303621
2024-01-06 23:26:00,50.047648783361815
2024-01-06 23:27:00,47.90814593858593
2024-01-06 23:28:00,48.706126753578786
2024-01-06 23:29:00,73.58185131100555
2024-01-06 23:30:00,50.060266548546394
2024-01-06 23:31:00,49.22038053795105
2024-01-06 23:32:00,48.228258069586985
2024-01-06 23:33:00,48.15112656343831
2024-01-06 23:34:00,47.966103378598504
2024-01-06 23:35:00,50.031342764839195
2024-01-06 23:36:00,48.84682068603276
2024-01-06 23:37:00,49.63358284955204
2024-01-06 23:38:00,48.78505651605342
2024-01-06 23:39:00,48.32181650274784
2024-01-06 23:40:00,49.16411993918698
2024-01-06 23:41:00,48.48669957319864
2024-01-06 23:42:00,48.579603761994385
2024-01-06 23:43:00,48.30400129733703
2024-01-06 23:44:00,49.681013352502944
2024-01-06 23:45:00,50.44137388783814
2024-01-06 23:46:00,49.537481523626944
2024-01-06 23:47:00,47.15459829283235
2024-01-06 23:48:00,49.20598130819851
2024-01-06 23:49:00,50.18834799078991
2024-01-06 23:50:00,48.25885733295613
2024-01-06 23:51:00,49.257946914817616
2024-01-06 23:52:00,49.25901215615503
2024-01-06 23:53:00,47.98326737756917
2024-01-06 23:54:00,49.14932763995218
2024-01-06 23:55:00,50.222703769150584
2024-01-06 23:56:00,52.07267745579887
2024-01-06 23:57:00,50.20584779291343
2024-01-06 23:58:00,51.48666326221344
2024-01-06 23:59:00,51.17413667225484
2024-01-07 00:00:00,50.36275435870328
2024-01-07 00:01:00,50.345107863394716
2024-01-07 00:02:00,51.18984111987374
2024-01-07 00:03:00,50.5433207270881
2024-01-07 00:04:00,49.571141845537944
2024-01-07 00:05:00,51.74147143705256
2024-01-07 00:06:00,49.862834493590334
2024-01-07 00:07:00,49.80233071873164
2024-01-07 00:08:00,50.229414479820385
2024-01-07 00:09:00,50.35768692854159
2024-01-07 00:10:00,50.95105647905957
2024-01-07 00:11:00,50.72910305135337
2024-01-07 00:12:00,52.40466873874199
2024-01-07 00:13:00,51.701678598007646
2024-01-07 00:14:00,50.80409111077957
2024-01-07 00:15:00,50.6274407266139
2024-01-07 00:16:00,49.048132464644794
2024-01-07 00:17:00,50.73424807268724
2024-01-07 00:18:00,51.297806539246274
2024-01-07 00:19:00,51.636251079791926
2024-01-07 00:20:00,51.0464026801634
2024-01-07 00:21:00,51.743566912096284
2024-01-07 00:22:00,51.24460276376808
2024-01-07 00:23:00,51.65297721687616
2024-01-07 00:24:00,50.2443390467831
2024-01-07 00:25:00,52.29911413120685
2024-01-07 00:26:00,50.46483994829066
2024-01-07 00:27:00,52.89580290221225
2024-01-07 00:28:00,50.38676612530283
2024-01-07 00:29:00,51.6752170188375
2024-01-07 00:30:00,51.38464448519278
2024-01-07 00:31:00,50.649211370770345
2024-01-07 00:32:00,49.257061837352694
2024-01-07 00:33:00,52.96096332338459
2024-01-07 00:34:00,53.0250458066464
2024-01-07 00:35:00,51.34951865614115
2024-01-07 00:36:00,50.57441392572039
2024-01-07 00:37:00,51.712092990674925
2024-01-07 00:38:00,50.917363654069504
2024-01-07 00:39:00,51.20956406437882
2024-01-07 00:40:00,51.40202501845738
2024-01-07 00:41:00,50.88025478050607
2024-01-07 00:42:00,50.72867900252575
2024-01-07 00:43:00,52.08167451211541
2024-01-07 00:44:00,52.96637728929057
2024-01-07 00:45:00,52.213318190036084
2024-01-07 00:46:00,51.24004148008185
2024-01-07 00:47:00,50.71621863784037
2024-01-07 00:48:00,52.24238676070377
2024-01-07 00:49:00,52.180595830432146
2024-01-07 00:50:00,53.147130716196806
2024-01-07 00:51:00,52.17997495207257
2024-01-07 00:52:00,51.38210211480544
2024-01-07 00:53:00,51.53785646714862
2024-01-07 00:54:00,51.84200496617401
2024-01-07 00:55:00,53.57550473568749
2024-01-07 00:56:00,51.690594976634834
2024-01-07 00:57:00,50.97037124595652
2024-01-07 00:58:00,51.881300570498084
2024-01-07 00:59:00,53.17119200502573
2024-01-07 01:00:00,51.9977043755471
2024-01-07 01:01:00,52.338118279661785
2024-01-07 01:02:00,52.72443637416639
2024-01-07 01:03:00,54.288360241747725
2024-01-07 01:04:00,52.59256394684527
2024-01-07 01:05:00,51.073438921199234
2024-01-07 01:06:00,50.35768017535091
2024-01-07 01:07:00,54.09863585300712
2024-01-07 01:08:00,51.91650524198074
2024-01-07 01:09:00,52.28281383221265
2024-01-07 01:10:00,52.725235119699924
2024-01-07 01:11:00,53.82392629218829
2024-01-07 01:12:00,51.66964383298121
2024-01-07 01:13:00,52.579635468023575
2024-01-07 01:14:00,53.71177361969997
2024-01-07 01:15:00,54.30393343407379
2024-01-07 01:16:00,51.38488261010605
2024-01-07 01:17:00,53.22890136687381
2024-01-07 01:18:00,54.512904547049786
2024-01-07 01:19:00,54.2232738158919
2024-01-07 01:20:00,55.09845411388199
2024-01-07 01:21:00,53.39451012520964
2024-01-07 01:22:00,52.78440157212574
2024-01-07 01:23:00,52.294404288764035
2024-01-07 01:24:00,52.44525639191334
2024-01-07 01:25:00,53.01739430627381
2024-01-07 01:26:00,53.08521200531483
2024-01-07 01:27:00,54.4019874109905
2024-01-07 01:28:00,53.21775806358119
2024-01-07 01:29:00,54.859320940429136
2024-01-07 01:30:00,52.77381234602246
2024-01-07 01:31:00,53.024248568250194
2024-01-07 01:32:00,54.58589137156228
2024-01-07 01:33:00,53.7206892239911
2024-01-07 01:34:00,54.35080941863333
2024-01-07 01:35:00,52.65139665509585
2024-01-07 01:36:00,56.37177145740265
2024-01-07 01:37:00,55.65603888285178
2024-01-07 01:38:00,56.93544741024193
2024-01-07 01:39:00,54.08253314049129
2024-01-07 01:40:00,54.594536341347776
2024-01-07 01:41:00,53.302494387745895
2024-01-07 01:42:00,53.31819379789381
2024-01-07 01:43:00,52.5023277691003
2024-01-07 01:44:00,53.87847600972046
2024-01-07 01:45:00,54.966650012902164
2024-01-07 01:46:00,54.80847482585003
2024-01-07 01:47:00,55.81456141265373
2024-01-07 01:48:00,53.3377853210306
2024-01-07 01:49:00,57.12385491815524
2024-01-07 01:50:00,55.93413401258589
2024-01-07 01:51:00,55.40473687238679
2024-01-07 01:52:00,55.66933171529844
2024-01-07 01:53:00,54.908390920517014
2024-01-07 01:54:00,54.844470043503904
2024-01-07 01:55:00,54.36025591675701
2024-01-07 01:56:00,55.960902479506224
2024-01-07 01:57:00,56.46897861356054
2024-01-07 01:58:00,53.481749041851536
2024-01-07 01:59:00,54.121474916759084
2024-01-07 02:00:00,54.519697290947924
2024-01-07 02:01:00,55.15615925045052
2024-01-07 02:02:00,54.183885016733015
2024-01-07 02:03:00,56.60791186049071
2024-01-07 02:04:00,55.57860569845344
2024-01-07 02:05:00,55.397646542600256
2024-01-07 02:06:00,55.60279996595466
2024-01-07 02:07:00,55.887396850672395
2024-01-07 02:08:00,57.26359647700045
2024-01-07 02:09:00,55.78839266484671
2024-01-07 02:10:00,56.23001067358303
2024-01-07 02:11:00,56.9013005594305
2024-01-07 02:12:00,56.423482514179454
2024-01-07 02:13:00,56.26740123148611
2024-01-07 02:14:00,56.4635811468637
2024-01-07 02:15:00,55.58097334503473
2024-01-07 02:16:00,55.3115157484894
2024-01-07 02:17:00,55.1763370503858
2024-01-07 02:18:00,56.9027779075983
2024-01-07 02:19:00,55.192133188704
2024-01-07 02:20:00,57.673527873783485
2024-01-07 02:21:00,56.355884629245125
2024-01-07 02:22:00,55.35328178741054
2024-01-07 02:23:00,54.8136620634905
2024-01-07 02:24:00,54.652079773721375
2024-01-07 02:25:00,55.01761868075224
2024-01-07 02:26:00,54.93795396555108
2024-01-07 02:27:00,57.19924617891884
2024-01-07 02:28:00,57.67051776133058
2024-01-07 02:29:00,56.83976734292133
2024-01-07 02:30:00,56.22721631799999
2024-01-07 02:31:00,57.2607900620164
2024-01-07 02:32:00,57.01419470603329
2024-01-07 02:33:00,56.58718856936115
2024-01-07 02:34:00,56.10178723460864
2024-01-07 02:35:00,56.86282776628914
2024-01-07 02:36:00,55.62788056132313
2024-01-07 02:37:00,57.240703802677395
2024-01-07 02:38:00,57.302319147585884
2024-01-07 02:39:00,55.546124056659544
2024-01-07 02:40:00,56.51905785959311
2024-01-07 02:41:00,58.3719877202929
2024-01-07 02:42:00,56.96950688358008
2024-01-07 02:43:00,54.57066068118087
2024-01-07 02:44:00,56.67781339484464
2024-01-07 02:45:00,56.50642676494972
2024-01-07 02:46:00,57.01656538111508
2024-01-07 02:47:00,55.808698915217626
2024-01-07 02:48:00,55.054791888717254
2024-01-07 02:49:00,57.86252584231821
2024-01-07 02:50:00,56.72769934441928
2024-01-07 02:51:00,56.505087999644104
2024-01-07 02:52:00,55.91014631393233
2024-01-07 02:53:00,58.682734856252395
2024-01-07 02:54:00,83.49559939542685
2024-01-07 02:55:00,57.382914723942186
2024-01-07 02:56:00,55.91255835636275
2024-01-07 02:57:00,56.138608237997275
2024-01-07 02:58:00,56.25395285810658
2024-01-07 02:59:00,58.794362868315815
2024-01-07 03:00:00,56.701227743585015
2024-01-07 03:01:00,55.967808509303616
2024-01-07 03:02:00,56.258391213168004
2024-01-07 03:03:00,58.682920886686006
2024-01-07 03:04:00,55.31575149840241
2024-01-07 03:05:00,57.53790472516704
2024-01-07 03:06:00,55.70733757963547
2024-01-07 03:07:00,57.457792432237916
2024-01-07 03:08:00,56.99599738119691
2024-01-07 03:09:00,57.53355648193496
2024-01-07 03:10:00,58.41338224823606
2024-01-07 03:11:00,56.996880249953485
2024-01-07 03:12:00,55.77021806669568
2024-01-07 03:13:00,59.18532647293326
2024-01-07 03:14:00,57.59559510010212
2024-01-07 03:15:00,58.89097990966183
2024-01-07 03:16:00,56.509412410623916
2024-01-07 03:17:00,55.99032552510217
2024-01-07 03:18:00,57.73863919601224
2024-01-07 03:19:00,57.04059943683452
2024-01-07 03:20:00,56.74147764447069
2024-01-07 03:21:00,57.62979623452619
2024-01-07 03:22:00,55.40638429383244
2024-01-07 03:23:00,57.13182128278439
2024-01-07 03:24:00,58.38083820802077
2024-01-07 03:25:00,57.53095320393502
2024-01-07 03:26:00,57.54531519848121
2024-01-07 03:27:00,58.75949867973913
2024-01-07 03:28:00,57.94248571644139
2024-01-07 03:29:00,58.51440115829304
2024-01-07 03:30:00,57.13862502954468
2024-01-07 03:31:00,59.68203297575676
2024-01-07 03:32:00,56.65004774985141
2024-01-07 03:33:00,57.856554828701356
2024-01-07 03:34:00,56.984084543119856
2024-01-07 03:35:00,57.27371374973095
2024-01-07 03:36:00,57.00076016669564
2024-01-07 03:37:00,57.74041949889929
2024-01-07 03:38:00,56.07507925380121
2024-01-07 03:39:00,57.23948758321341
2024-01-07 03:40:00,58.450439207170014
2024-01-07 03:41:00,56.19698701891095
2024-01-07 03:42:00,57.77000239007957
2024-01-07 03:43:00,58.48476042635099
2024-01-07 03:44:00,57.12890502829724
2024-01-07 03:45:00,56.662585608023065
2024-01-07 03:46:00,59.978422086090994
2024-01-07 03:47:00,60.06590087537323
2024-01-07 03:48:00,57.498123972891314
2024-01-07 03:49:00,59.39860409395051
2024-01-07 03:50:00,55.89130875854209
2024-01-07 03:51:00,58.557804768755375
2024-01-07 03:52:00,59.26359614926761
2024-01-07 03:53:00,57.76130321372132
2024-01-07 03:54:00,57.99568569332859
2024-01-07 03:55:00,58.48657004711864
2024-01-07 03:56:00,58.90753736735664
2024-01-07 03:57:00,59.706314680730266
2024-01-07 03:58:00,58.82114363620284
2024-01-07 03:59:00,57.82313471264559
2024-01-07 04:00:00,58.494336380530584
2024-01-07 04:01:00,58.97344933815747
2024-01-07 04:02:00,57.49449523197101
2024-01-07 04:03:00,59.95926627451769
2024-01-07 04:04:00,58.305909460140455
2024-01-07 04:05:00,59.74650763161673
2024-01-07 04:06:00,58.57837157659987
2024-01-07 04:07:00,57.38155811625715
2024-01-07 04:08:00,57.75824673303694
2024-01-07 04:09:00,56.66357623891729
2024-01-07 04:10:00,58.89228318401697
2024-01-07 04:11:00,59.38159772721594
2024-01-07 04:12:00,58.428794785284595
2024-01-07 04:13:00,57.94009231501846
2024-01-07 04:14:00,58.10550380723288
2024-01-07 04:15:00,58.609029459958876
2024-01-07 04:16:00,58.955050796896856
2024-01-07 04:17:00,58.7206425257823
2024-01-07 04:18:00,58.3998212447044
2024-01-07 04:19:00,58.7788202977998
2024-01-07 04:20:00,57.847197552954974
2024-01-07 04:21:00,58.44342993009756
2024-01-07 04:22:00,59.5854423982298
2024-01-07 04:23:00,57.98451253572375
2024-01-07 04:24:00,57.1844775441438
2024-01-07 04:25:00,59.63033611270487
2024-01-07 04:26:00,59.17487707511318
2024-01-07 04:27:00,61.24299723892198
2024-01-07 04:28:00,37.503161353006696
2024-01-07 04:29:00,60.43419029140965
2024-01-07 04:30:00,59.99766633562753
2024-01-07 04:31:00,58.98613368537202
2024-01-07 04:32:00,59.79108624799725
2024-01-07 04:33:00,60.474790806902334
2024-01-07 04:34:00,59.6747477826103
2024-01-07 04:35:00,58.57420241715482
2024-01-07 04:36:00,58.61312681992281
2024-01-07 04:37:00,60.81836094760811
2024-01-07 04:38:00,59.044406947933616
2024-01-07 04:39:00,58.93875993372378
2024-01-07 04:40:00,61.26658850893807
2024-01-07 04:41:00,59.39862698908324
2024-01-07 04:42:00,59.6433641427804
2024-01-07 04:43:00,60.113909721261315
2024-01-07 04:44:00,60.0998029230149
2024-01-07 04:45:00,59.2430527467934
2024-01-07 04:46:00,58.11569267578525
2024-01-07 04:47:00,60.89614566139396
2024-01-07 04:48:00,60.07077515729832
2024-01-07 04:49:00,58.70140504708706
2024-01-07 04:50:00,60.214287837833744
2024-01-07 04:51:00,59.597104092353355
2024-01-07 04:52:00,58.71432624860292
2024-01-07 04:53:00,57.95809109012332
2024-01-07 04:54:00,59.754009257641194
2024-01-07 04:55:00,58.903512276492535
2024-01-07 04:56:00,61.03138217306985
2024-01-07 04:57:00,58.67395566000942
2024-01-07 04:58:00,58.69780203596644
2024-01-07 04:59:00,60.59278760251278
2024-01-07 05:00:00,59.62070882644232
2024-01-07 05:01:00,60.02560436720067
2024-01-07 05:02:00,60.02027333708181
2024-01-07 05:03:00,60.940272029411425
2024-01-07 05:04:00,59.58152724073812
2024-01-07 05:05:00,58.82566824863146
2024-01-07 05:06:00,59.70029202111607
2024-01-07 05:07:00,59.18584906638058
2024-01-07 05:08:00,59.3014860969501
2024-01-07 05:09:00,59.00495110530979
2024-01-07 05:10:00,58.336148322288814
2024-01-07 05:11:00,59.7086745848532
2024-01-07 05:12:00,58.89861674939521
2024-01-07 05:13:00,59.16004009056886
2024-01-07 05:14:00,60.24936046374448
2024-01-07 05:15:00,59.822715143036596
2024-01-07 05:16:00,58.91905514496252
2024-01-07 05:17:00,58.7717268985956
2024-01-07 05:18:00,60.83394463143963
2024-01-07 05:19:00,61.13533781443239
2024-01-07 05:20:00,59.69724415297644
2024-01-07 05:21:00,60.09628541672021
2024-01-07 05:22:00,58.47470649444494
2024-01-07 05:23:00,58.324579156368436
2024-01-07 05:24:00,59.65326115881558
2024-01-07 05:25:00,58.293240261361255
2024-01-07 05:26:00,60.92394961966744
2024-01-07 05:27:00,62.026731906636314
2024-01-07 05:28:00,58.468815995999925
2024-01-07 05:29:00,60.11475994177588
2024-01-07 05:30:00,58.99412161510731
2024-01-07 05:31:00,62.09823997732974
2024-01-07 05:32:00,58.0865684493166
2024-01-07 05:33:00,61.27718843952832
2024-01-07 05:34:00,58.106626129697496
2024-01-07 05:35:00,88.56577673032534
2024-01-07 05:36:00,59.24724341012444
2024-01-07 05:37:00,60.014474485523
2024-01-07 05:38:00,60.62563873930806
2024-01-07 05:39:00,59.386131805760535
2024-01-07 05:40:00,58.60201186040718
2024-01-07 05:41:00,59.903755945716185
2024-01-07 05:42:00,60.02088762340641
2024-01-07 05:43:00,59.86005804595632
2024-01-07 05:44:00,59.75515880445461
2024-01-07 05:45:00,61.34316820694587
2024-01-07 05:46:00,59.17344105075949
2024-01-07 05:47:00,60.002267872179594
2024-01-07 05:48:00,60.550784841623475
2024-01-07 05:49:00,60.821573675735
2024-01-07 05:50:00,60.89400229740054
2024-01-07 05:51:00,61.18295193931213
2024-01-07 05:52:00,61.58636008201386
2024-01-07 05:53:00,59.17226075947257
2024-01-07 05:54:00,60.57506642832198
2024-01-07 05:55:00,58.80234011263159
2024-01-07 05:56:00,60.28247600031995
2024-01-07 05:57:00,61.2642813401742
2024-01-07 05:58:00,61.87836455770299
2024-01-07 05:59:00,58.0247353260744
2024-01-07 06:00:00,59.398198366546914
2024-01-07 06:01:00,59.09863207729386
2024-01-07 06:02:00,58.190678817843896
2024-01-07 06:03:00,60.672787363220664
2024-01-07 06:04:00,60.393031448535844
2024-01-07 06:05:00,59.2595566936342
2024-01-07 06:06:00,59.84537951855165
2024-01-07 06:07:00,60.16396956143234
2024-01-07 06:08:00,61.06305343964713
2024-01-07 06:09:00,60.2921672597173
2024-01-07 06:10:00,59.32251369673736
2024-01-07 06:11:00,61.606956221581115
2024-01-07 06:12:00,59.10981063227034
2024-01-07 06:13:00,61.31566138037581
2024-01-07 06:14:00,60.461112333971236
2024-01-07 06:15:00,60.22032624887264
2024-01-07 06:16:00,59.69168339570794
2024-01-07 06:17:00,59.57433896009341
2024-01-07 06:18:00,61.56699323667678
2024-01-07 06:19:00,42.49038090939331
2024-01-07 06:20:00,58.65030670908579
2024-01-07 06:21:00,60.92069887476742
2024-01-07 06:22:00,60.01818998681633
2024-01-07 06:23:00,58.904385831085065
2024-01-07 06:24:00,60.43351648362171
2024-01-07 06:25:00,60.88583889327897
2024-01-07 06:26:00,59.83199976305772
2024-01-07 06:27:00,60.575082419740774
2024-01-07 06:28:00,59.770600163550974
2024-01-07 06:29:00,58.83873060036027
2024-01-07 06:30:00,60.464347380627366
2024-01-07 06:31:00,60.889767569841474
2024-01-07 06:32:00,61.61726115751569
2024-01-07 06:33:00,60.10774067034483
2024-01-07 06:34:00,61.2823340836061
2024-01-07 06:35:00,59.311939536824674
2024-01-07 06:36:00,59.911931138889585
2024-01-07 06:37:00,58.93658378582914
2024-01-07 06:38:00,59.9532257956552
2024-01-07 06:39:00,58.31239634244262
2024-01-07 06:40:00,59.91038611577485
2024-01-07 06:41:00,59.398851725107235
2024-01-07 06:42:00,60.004981914446496
2024-01-07 06:43:00,60.31915405832631
2024-01-07 06:44:00,59.45224881758042
2024-01-07 06:45:00,57.67380065906914
2024-01-07 06:46:00,57.850663332947356
2024-01-07 06:47:00,57.9875969752307
2024-01-07 06:48:00,59.75605176256171
2024-01-07 06:49:00,59.40944383997566
2024-01-07 06:50:00,58.69595112264255
2024-01-07 06:51:00,57.85735635536568
2024-01-07 06:52:00,59.61966069095149
2024-01-07 06:53:00,59.39171251576675
2024-01-07 06:54:00,59.71201401190902
2024-01-07 06:55:00,60.76655321974886
2024-01-07 06:56:00,59.30497203340205
2024-01-07 06:57:00,60.28130149863952
2024-01-07 06:58:00,60.99161434317108
2024-01-07 06:59:00,62.71399512185021
2024-01-07 07:00:00,58.28386582214139
2024-01-07 07:01:00,60.43741379592204
2024-01-07 07:02:00,59.98915023368348
2024-01-07 07:03:00,60.3458722985196
2024-01-07 07:04:00,40.89480318071793
2024-01-07 07:05:00,59.59460818961254
2024-01-07 07:06:00,59.51746180201716
2024-01-07 07:07:00,58.66870465130497
2024-01-07 07:08:00,58.515858236751654
2024-01-07 07:09:00,58.963946330329115
2024-01-07 07:10:00,58.97433428252169
2024-01-07 07:11:00,61.686378140439146
2024-01-07 07:12:00,57.80882703589305
2024-01-07 07:13:00,59.00703634732455
2024-01-07 07:14:00,40.365934336919196
2024-01-07 07:15:00,60.04921138561834
2024-01-07 07:16:00,58.37511174781859
2024-01-07 07:17:00,59.23313866809926
2024-01-07 07:18:00,59.5914949402518
2024-01-07 07:19:00,59.20156407430582
2024-01-07 07:20:00,60.67632522970506
2024-01-07 07:21:00,60.232240457542396
2024-01-07 07:22:00,57.71706323266935
2024-01-07 07:23:00,60.022932711913974
2024-01-07 07:24:00,57.46381107059036
2024-01-07 07:25:00,60.02078994838305
2024-01-07 07:26:00,61.19303434076636
2024-01-07 07:27:00,59.152973870848285
2024-01-07 07:28:00,61.12437160294663
2024-01-07 07:29:00,57.610274268022195
2024-01-07 07:30:00,58.89354619719321
2024-01-07 07:31:00,56.57169614421518
2024-01-07 07:32:00,61.128880276364015
2024-01-07 07:33:00,58.80338660309068
2024-01-07 07:34:00,60.09159318498573
2024-01-07 07:35:00,59.70741966612672
2024-01-07 07:36:00,57.98050341566592
2024-01-07 07:37:00,58.49312925566124
2024-01-07 07:38:00,58.65762191955701
2024-01-07 07:39:00,59.298299980214466
2024-01-07 07:40:00,59.68383566728218
2024-01-07 07:41:00,60.75272110572912
2024-01-07 07:42:00,60.60436783423476
2024-01-07 07:43:00,58.676468437736474
2024-01-07 07:44:00,61.10022798908982
2024-01-07 07:45:00,59.20014197021266
2024-01-07 07:46:00,58.557190721810876
2024-01-07 07:47:00,58.67986746000161
2024-01-07 07:48:00,58.514591462887125
2024-01-07 07:49:00,58.09663412386103
2024-01-07 07:50:00,59.0185886017735
2024-01-07 07:51:00,59.40791226439015
2024-01-07 07:52:00,58.868915187859194
2024-01-07 07:53:00,59.016277814363036
2024-01-07 07:54:00,57.79229826058986
2024-01-07 07:55:00,58.70435959696398
2024-01-07 07:56:00,59.174812495117344
2024-01-07 07:57:00,58.757598851354416
2024-01-07 07:58:00,59.04743779887289
2024-01-07 07:59:00,59.18769982627357
2024-01-07 08:00:00,57.519819303695144
2024-01-07 08:01:00,58.123292371101506
2024-01-07 08:02:00,58.92850845310543
2024-01-07 08:03:00,60.36705056442371
2024-01-07 08:04:00,58.107809444045024
2024-01-07 08:05:00,60.52763453064495
2024-01-07 08:06:00,58.68113213342438
2024-01-07 08:07:00,58.67577761351012
2024-01-07 08:08:00,57.5770186644896
2024-01-07 08:09:00,57.77935547700752
2024-01-07 08:10:00,58.03972890962492
2024-01-07 08:11:00,58.814355581677994
2024-01-07 08:12:00,59.72913965464864
2024-01-07 08:13:00,58.099696681185456
2024-01-07 08:14:00,56.753656598149384
2024-01-07 08:15:00,58.17815606321597
2024-01-07 08:16:00,58.233662636076765
2024-01-07 08:17:00,57.68308766114972
2024-01-07 08:18:00,59.74473539747815
2024-01-07 08:19:00,57.45554092579281
2024-01-07 08:20:00,56.0330419168026
2024-01-07 08:21:00,57.54249553860508
2024-01-07 08:22:00,57.56465217536556
2024-01-07 08:23:00,59.31472593649582
2024-01-07 08:24:00,59.09264839508022
2024-01-07 08:25:00,58.23791632528519
2024-01-07 08:26:00,56.78974473877388
2024-01-07 08:27:00,57.840017499024164
2024-01-07 08:28:00,36.11205665833644
2024-01-07 08:29:00,58.71893865631947
2024-01-07 08:30:00,56.9880671736306
2024-01-07 08:31:00,57.29617092396711
2024-01-07 08:32:00,57.538239572647164
2024-01-07 08:33:00,57.53557506731067
2024-01-07 08:34:00,58.588515788652664
2024-01-07 08:35:00,58.891099061201736
2024-01-07 08:36:00,56.57904004359872
2024-01-07 08:37:00,58.40475946777466
2024-01-07 08:38:00,58.92517152819626
2024-01-07 08:39:00,57.12944601341263
2024-01-07 08:40:00,58.061940253074575
2024-01-07 08:41:00,58.49970597834255
2024-01-07 08:42:00,58.8080180050707
2024-01-07 08:43:00,56.5688906982154
2024-01-07 08:44:00,57.122057974347975
2024-01-07 08:45:00,57.47338300403717
2024-01-07 08:46:00,56.10012134086207
2024-01-07 08:47:00,56.84207323738562
2024-01-07 08:48:00,56.9995261418391
2024-01-07 08:49:00,56.60778522449921
2024-01-07 08:50:00,57.60502919412176
2024-01-07 08:51:00,57.02870189954505
2024-01-07 08:52:00,57.69719109883715
2024-01-07 08:53:00,57.4375060623428
2024-01-07 08:54:00,57.82994095618343
2024-01-07 08:55:00,58.67778806389428
2024-01-07 08:56:00,57.583385149421616
2024-01-07 08:57:00,58.285916096302884
2024-01-07 08:58:00,57.313113042025776
2024-01-07 08:59:00,57.200887968951086
2024-01-07 09:00:00,56.63417347562529
2024-01-07 09:01:00,57.97478159035892
2024-01-07 09:02:00,56.82339133132992
2024-01-07 09:03:00,55.58817638588859
2024-01-07 09:04:00,57.52484019352309
2024-01-07 09:05:00,57.15389408556282
2024-01-07 09:06:00,56.6838310804017
2024-01-07 09:07:00,57.30480427857089
2024-01-07 09:08:00,54.75440073213747
2024-01-07 09:09:00,57.55036437501814
2024-01-07 09:10:00,58.00407375969381
2024-01-07 09:11:00,56.6116718234421
2024-01-07 09:12:00,56.942872801230536
2024-01-07 09:13:00,57.499927846680656
2024-01-07 09:14:00,56.01242080079415
2024-01-07 09:15:00,57.80871641187352
2024-01-07 09:16:00,56.20448934474894
2024-01-07 09:17:00,54.27860865932276
2024-01-07 09:18:00,56.74325542749859
2024-01-07 09:19:00,57.892641424570535
2024-01-07 09:20:00,56.32086679034384
2024-01-07 09:21:00,57.30949820196881
2024-01-07 09:22:00,56.82692269211705
2024-01-07 09:23:00,56.15621033249999
2024-01-07 09:24:00,57.44491422719438
2024-01-07 09:25:00,55.746036478411156
2024-01-07 09:26:00,57.026464593179995
2024-01-07 09:27:00,57.148696113730054
2024-01-07 09:28:00,54.62941743491686
2024-01-07 09:29:00,55.904764272400975
2024-01-07 09:30:00,54.97814561628312
2024-01-07 09:31:00,56.76320784013449
2024-01-07 09:32:00,56.88782108414246
2024-01-07 09:33:00,56.647780420286814
2024-01-07 09:34:00,55.806139989930294
2024-01-07 09:35:00,57.80006692918803
2024-01-07 09:36:00,52.68258230515481
2024-01-07 09:37:00,55.938449106539885
2024-01-07 09:38:00,55.71967094042632
2024-01-07 09:39:00,57.9320042198758
2024-01-07 09:40:00,54.24801079518603
2024-01-07 09:41:00,55.48309588927037
2024-01-07 09:42:00,53.64391722760247
2024-01-07 09:43:00,56.65365368660783
2024-01-07 09:44:00,56.80173263457861
2024-01-07 09:45:00,54.516541328941535
2024-01-07 09:46:00,56.396374336435805
2024-01-07 09:47:00,56.04231392332584
2024-01-07 09:48:00,56.571167844578724
2024-01-07 09:49:00,56.68194055185964
2024-01-07 09:50:00,54.91067235649217
2024-01-07 09:51:00,54.69674365730741
2024-01-07 09:52:00,56.44962528025817
2024-01-07 09:53:00,56.561663235840626
2024-01-07 09:54:00,54.26632304034448
2024-01-07 09:55:00,56.349976579572164
2024-01-07 09:56:00,55.288116365705115
2024-01-07 09:57:00,54.81059911439338
2024-01-07 09:58:00,56.393027934678834
2024-01-07 09:59:00,56.32549992412751
2024-01-07 10:00:00,54.070578156525244
2024-01-07 10:01:00,55.4884985641739
2024-01-07 10:02:00,55.07846540815931
2024-01-07 10:03:00,53.39583136973834
2024-01-07 10:04:00,53.31374686014524
2024-01-07 10:05:00,54.104894270253865
2024-01-07 10:06:00,54.85708881211719
2024-01-07 10:07:00,55.37924366296543
2024-01-07 10:08:00,54.71459735171198
2024-01-07 10:09:00,54.35112555399734
2024-01-07 10:10:00,54.5554199576511
2024-01-07 10:11:00,55.349542125188464
2024-01-07 10:12:00,53.59704392234229
2024-01-07 10:13:00,54.74281104857073
2024-01-07 10:14:00,53.80039992621186
2024-01-07 10:15:00,54.965727387008315
2024-01-07 10:16:00,55.12867616903795
2024-01-07 10:17:00,54.32379621707735
2024-01-07 10:18:00,54.03815465067536
2024-01-07 10:19:00,54.400611987473845
2024-01-07 10:20:00,52.905697566188216
2024-01-07 10:21:00,54.553720498219455
2024-01-07 10:22:00,53.71863040207611
2024-01-07 10:23:00,52.88408825262862
2024-01-07 10:24:00,55.055165138336
2024-01-07 10:25:00,54.22041847556121
2024-01-07 10:26:00,56.69017662304581
2024-01-07 10:27:00,55.3122227208861
2024-01-07 10:28:00,54.69322052677198
2024-01-07 10:29:00,54.10979467324462
2024-01-07 10:30:00,52.660624903338686
2024-01-07 10:31:00,53.84395718630835
2024-01-07 10:32:00,53.53946712162825
2024-01-07 10:33:00,53.60319997730695
2024-01-07 10:34:00,54.038936376606046
2024-01-07 10:35:00,54.51273266552862
2024-01-07 10:36:00,53.22704339146277
2024-01-07 10:37:00,53.11010176614675
2024-01-07 10:38:00,54.52968998685734
2024-01-07 10:39:00,52.816630006401816
2024-01-07 10:40:00,55.1475869129837
2024-01-07 10:41:00,53.72679385693904
2024-01-07 10:42:00,52.86013014039527
2024-01-07 10:43:00,53.49705809202963
2024-01-07 10:44:00,53.69578886978889
2024-01-07 10:45:00,53.42995851157241
2024-01-07 10:46:00,51.67600961042869
2024-01-07 10:47:00,53.85122494400711
2024-01-07 10:48:00,52.69925416286009
2024-01-07 10:49:00,53.12991938810144
2024-01-07 10:50:00,52.73445182203024
2024-01-07 10:51:00,52.35094990450776
2024-01-07 10:52:00,52.610583431236385
2024-01-07 10:53:00,53.52022243698456
2024-01-07 10:54:00,52.12398570117166
2024-01-07 10:55:00,51.517089771054565
2024-01-07 10:56:00,54.35478410906665
2024-01-07 10:57:00,52.75729162154392
2024-01-07 10:58:00,51.50679273207467
2024-01-07 10:59:00,51.820300510338434
2024-01-07 11:00:00,54.37730370565488
2024-01-07 11:01:00,53.853674055666076
2024-01-07 11:02:00,52.69884155133495
2024-01-07 11:03:00,52.39684064955613
2024-01-07 11:04:00,51.89956161433377
2024-01-07 11:05:00,50.30589653287539
2024-01-07 11:06:00,51.38965479942957
2024-01-07 11:07:00,51.36351308329233
2024-01-07 11:08:00,52.093217722914794
2024-01-07 11:09:00,51.36022698945601
2024-01-07 11:10:00,53.10983942473757
2024-01-07 11:11:00,51.91181405035217
2024-01-07 11:12:00,50.08347436701836
2024-01-07 11:13:00,52.11245933132345
2024-01-07 11:14:00,50.56094288950166
2024-01-07 11:15:00,52.13096352308045
2024-01-07 11:16:00,51.61212565390779
2024-01-07 11:17:00,52.07077582184139
2024-01-07 11:18:00,51.84556392611001
2024-01-07 11:19:00,51.228339667026994
2024-01-07 11:20:00,50.68866782789599
2024-01-07 11:21:00,52.59473192190391
2024-01-07 11:22:00,51.209418283369295
2024-01-07 11:23:00,51.73360454152753
2024-01-07 11:24:00,52.33536173057619
2024-01-07 11:25:00,52.077719484722714
2024-01-07 11:26:00,51.74880758669141
2024-01-07 11:27:00,51.29432029711108
2024-01-07 11:28:00,51.57322614825917
2024-01-07 11:29:00,53.04301787219652
2024-01-07 11:30:00,51.823128375662776
2024-01-07 11:31:00,50.48700162378474
2024-01-07 11:32:00,51.24440601428708
2024-01-07 11:33:00,51.87229055655593
2024-01-07 11:34:00,51.79937792628881
2024-01-07 11:35:00,50.27541384017773
2024-01-07 11:36:00,49.727692062472094
2024-01-07 11:37:00,50.193019121210426
2024-01-07 11:38:00,73.21111648080137
2024-01-07 11:39:00,49.82822501607603
2024-01-07 11:40:00,50.77444131948593
2024-01-07 11:41:00,50.37670076980399
2024-01-07 11:42:00,50.7994770285184
2024-01-07 11:43:00,51.62493297475027
2024-01-07 11:44:00,51.013455809979064
2024-01-07 11:45:00,51.21111719775909
2024-01-07 11:46:00,49.77197871100288
2024-01-07 11:47:00,51.89581760878255
2024-01-07 11:48:00,51.38242953616963
2024-01-07 11:49:00,49.94738854511501
2024-01-07 11:50:00,50.322563500812485
2024-01-07 11:51:00,51.4329392117617
2024-01-07 11:52:00,52.09813262960579
2024-01-07 11:53:00,51.419774888567886
2024-01-07 11:54:00,49.82947801446921
2024-01-07 11:55:00,51.10551925438007
2024-01-07 11:56:00,74.84621961826198
2024-01-07 11:57:00,47.53508764624561
2024-01-07 11:58:00,50.691326179577494
2024-01-07 11:59:00,50.97456405734849
2024-01-07 12:00:00,50.851591790805365
2024-01-07 12:01:00,49.40364443126616
2024-01-07 12:02:00,50.27224081071117
2024-01-07 12:03:00,49.22039828531111
2024-01-07 12:04:00,50.25761320629627
2024-01-07 12:05:00,48.711296657600826
2024-01-07 12:06:00,51.76301207479447
2024-01-07 12:07:00,51.56740732413424
2024-01-07 12:08:00,51.13383060057244
2024-01-07 12:09:00,49.621448074914916
2024-01-07 12:10:00,49.400740247184764
2024-01-07 12:11:00,48.830517024904175
2024-01-07 12:12:00,48.8003737856359
2024-01-07 12:13:00,48.61865534791017
2024-01-07 12:14:00,48.85163865642525
2024-01-07 12:15:00,47.86676421273518
2024-01-07 12:16:00,48.561701078134426
2024-01-07 12:17:00,49.58275623103041
2024-01-07 12:18:00,50.68887552949303
2024-01-07 12:19:00,46.988579865081924
2024-01-07 12:20:00,47.35256255227847
2024-01-07 12:21:00,48.8425350776573
2024-01-07 12:22:00,49.49492852175391
2024-01-07 12:23:00,46.76931426489841
2024-01-07 12:24:00,48.7745058696725
2024-01-07 12:25:00,48.823001549428625
2024-01-07 12:26:00,49.258633205138956
2024-01-07 12:27:00,49.772583813841
2024-01-07 12:28:00,50.952024635839656
2024-01-07 12:29:00,49.13749462672142
2024-01-07 12:30:00,49.10236521710919
2024-01-07 12:31:00,48.88723053389467
2024-01-07 12:32:00,48.304744123168135
2024-01-07 12:33:00,49.233282718357536
2024-01-07 12:34:00,47.79593437987297
2024-01-07 12:35:00,49.51717268490216
2024-01-07 12:36:00,47.774963005939455
2024-01-07 12:37:00,48.340554400394765
2024-01-07 12:38:00,48.27160556810247
2024-01-07 12:39:00,49.333920260394585
2024-01-07 12:40:00,47.58954412669841
2024-01-07 12:41:00,49.00311328790326
2024-01-07 12:42:00,47.51473147340731
2024-01-07 12:43:00,46.87216376125294
2024-01-07 12:44:00,47.18869005942798
2024-01-07 12:45:00,48.55012851409191
2024-01-07 12:46:00,47.01151032665149
2024-01-07 12:47:00,46.70667492077436
2024-01-07 12:48:00,46.80188377555197
2024-01-07 12:49:00,48.09880584384422
2024-01-07 12:50:00,48.64964403835804
2024-01-07 12:51:00,49.07426651457891
2024-01-07 12:52:00,46.32768852474938
2024-01-07 12:53:00,49.122622703929544
2024-01-07 12:54:00,46.860375558780206
2024-01-07 12:55:00,47.005558288342634
2024-01-07 12:56:00,48.55263029596264
2024-01-07 12:57:00,46.08357533529355
2024-01-07 12:58:00,49.39576264305157
2024-01-07 12:59:00,45.70510291064398
2024-01-07 13:00:00,47.3195727203412
2024-01-07 13:01:00,47.41010303752495
2024-01-07 13:02:00,49.23904559591004
2024-01-07 13:03:00,48.29336060238004
2024-01-07 13:04:00,47.24274001394604
2024-01-07 13:05:00,46.529366613789556
2024-01-07 13:06:00,49.51262088911545
2024-01-07 13:07:00,46.75483836376743
2024-01-07 13:08:00,47.58863451706475
2024-01-07 13:09:00,46.246188148776625
2024-01-07 13:10:00,46.98197188176821
2024-01-07 13:11:00,46.79839281554837
2024-01-07 13:12:00,47.28165015374015
2024-01-07 13:13:00,48.32345830554281
2024-01-07 13:14:00,46.28899933647447
2024-01-07 13:15:00,49.56265629020454
2024-01-07 13:16:00,44.54292876189367
2024-01-07 13:17:00,45.983617882907936
2024-01-07 13:18:00,46.397150092667864
2024-01-07 13:19:00,47.50382272182771
2024-01-07 13:20:00,48.682035171987586
2024-01-07 13:21:00,46.55737172826914
2024-01-07 13:22:00,47.15806362085588
2024-01-07 13:23:00,46.909997255669886
2024-01-07 13:24:00,47.441091990241496
2024-01-07 13:25:00,44.549599829453
2024-01-07 13:26:00,46.32678602554157
2024-01-07 13:27:00,47.36398193954795
2024-01-07 13:28:00,47.663028234683736
2024-01-07 13:29:00,44.988186429064186
2024-01-07 13:30:00,44.721689492032766
2024-01-07 13:31:00,46.23139030501844
2024-01-07 13:32:00,46.82805450124356
2024-01-07 13:33:00,47.50168002811842
2024-01-07 13:34:00,45.604274913262245
2024-01-07 13:35:00,44.688439981466026
2024-01-07 13:36:00,45.61122880416833
2024-01-07 13:37:00,45.025178922237366
2024-01-07 13:38:00,45.28812899517554
2024-01-07 13:39:00,46.099459134504116
2024-01-07 13:40:00,46.31131309485089
2024-01-07 13:41:00,45.00859297237065
2024-01-07 13:42:00,44.639667246567775
2024-01-07 13:43:00,44.89832566942586
2024-01-07 13:44:00,47.12136248676061
2024-01-07 13:45:00,44.62750151690177
2024-01-07 13:46:00,46.50997038879832
2024-01-07 13:47:00,45.84827489211594
2024-01-07 13:48:00,45.81000687719421
2024-01-07 13:49:00,45.252344620963264
2024-01-07 13:50:00,44.82422430805508
2024-01-07 13:51:00,46.66498199324467
2024-01-07 13:52:00,44.585888566085906
2024-01-07 13:53:00,45.89138569489475
2024-01-07 13:54:00,43.660834689030615
2024-01-07 13:55:00,46.122321923725465
2024-01-07 13:56:00,46.49695859064225
2024-01-07 13:57:00,46.047325161756206
2024-01-07 13:58:00,45.23677186524607
2024-01-07 13:59:00,46.269086140065376
2024-01-07 14:00:00,44.178187346643355
2024-01-07 14:01:00,46.7362731553626
2024-01-07 14:02:00,47.28103837000572
2024-01-07 14:03:00,46.48896359018714
2024-01-07 14:04:00,46.33679373893015
2024-01-07 14:05:00,45.68773070806343
2024-01-07 14:06:00,45.579930602993706
2024-01-07 14:07:00,45.116634022858065
2024-01-07 14:08:00,44.423365078138715
2024-01-07 14:09:00,44.41772883957736
2024-01-07 14:10:00,45.11800794891525
2024-01-07 14:11:00,44.78195594939128
2024-01-07 14:12:00,45.010518169614365
2024-01-07 14:13:00,44.80532970145039
2024-01-07 14:14:00,45.7035305740252
2024-01-07 14:15:00,44.03830562878603
2024-01-07 14:16:00,45.486210747027854
2024-01-07 14:17:00,43.341453311009055
2024-01-07 14:18:00,45.79519014350715
2024-01-07 14:19:00,42.75768850177787
2024-01-07 14:20:00,44.42262604344159
2024-01-07 14:21:00,42.99085698396321
2024-01-07 14:22:00,45.287057024897294
2024-01-07 14:23:00,44.11505632877539
2024-01-07 14:24:00,44.89531400991587
2024-01-07 14:25:00,43.73758945101651
2024-01-07 14:26:00,43.726264686203514
2024-01-07 14:27:00,43.613501750411814
2024-01-07 14:28:00,44.192901852433735
2024-01-07 14:29:00,42.1662397345507
2024-01-07 14:30:00,44.80828846683999
2024-01-07 14:31:00,43.95738559052385
2024-01-07 14:32:00,44.86820687626067
2024-01-07 14:33:00,73.45525927617376
2024-01-07 14:34:00,44.50838009158659
2024-01-07 14:35:00,45.44226025871033
2024-01-07 14:36:00,44.472340916896094
2024-01-07 14:37:00,43.3285588899147
2024-01-07 14:38:00,44.81197087164062
2024-01-07 14:39:00,43.536197957532096
2024-01-07 14:40:00,44.204094916703625
2024-01-07 14:41:00,45.277716499901324
2024-01-07 14:42:00,42.6712111307124
2024-01-07 14:43:00,42.33366502017795
2024-01-07 14:44:00,44.1145508676137
2024-01-07 14:45:00,42.563060868418006
2024-01-07 14:46:00,43.385692935808045
2024-01-07 14:47:00,46.19375717060246
2024-01-07 14:48:00,43.97286889360274
2024-01-07 14:49:00,42.57072341402596
2024-01-07 14:50:00,43.56816179232971
2024-01-07 14:51:00,43.44984629899975
2024-01-07 14:52:00,44.66306804470204
2024-01-07 14:53:00,44.608221362191784
2024-01-07 14:54:00,43.934549251799794
2024-01-07 14:55:00,42.617058588962166
2024-01-07 14:56:00,44.143392762137594
2024-01-07 14:57:00,41.788090665919384
2024-01-07 14:58:00,44.69006741889295
2024-01-07 14:59:00,42.58859014537679
2024-01-07 15:00:00,42.087139155888046
2024-01-07 15:01:00,44.034581174338136
2024-01-07 15:02:00,41.971608052558956
2024-01-07 15:03:00,43.8927795769762
2024-01-07 15:04:00,42.362309342206935
2024-01-07 15:05:00,43.14072075366922
2024-01-07 15:06:00,41.64694690759374
2024-01-07 15:07:00,43.84789560463562
2024-01-07 15:08:00,42.7567153378549
2024-01-07 15:09:00,42.88811077932977
2024-01-07 15:10:00,41.57229638464463
2024-01-07 15:11:00,42.66832392254077
2024-01-07 15:12:00,41.55743885264571
2024-01-07 15:13:00,42.307157613577765
2024-01-07 15:14:00,41.47277581013718
2024-01-07 15:15:00,42.25564631618107
2024-01-07 15:16:00,42.62582487557344
2024-01-07 15:17:00,42.27226648277969
2024-01-07 15:18:00,42.349142015797945
2024-01-07 15:19:00,41.489157216740566
2024-01-07 15:20:00,42.13004792021792
2024-01-07 15:21:00,42.80384554913524
2024-01-07 15:22:00,42.020465964381074
2024-01-07 15:23:00,42.62269342737082
2024-01-07 15:24:00,44.65362095157489
2024-01-07 15:25:00,41.53883563933486
2024-01-07 15:26:00,43.55721949003771
2024-01-07 15:27:00,41.43919601548402
2024-01-07 15:28:00,42.556970656569526
2024-01-07 15:29:00,44.12545693444771
2024-01-07 15:30:00,41.64831233682466
2024-01-07 15:31:00,42.01301130981235
2024-01-07 15:32:00,42.146866831571465
2024-01-07 15:33:00,42.61591590909708
2024-01-07 15:34:00,41.994670985707195
2024-01-07 15:35:00,42.758898060019554
2024-01-07 15:36:00,40.95818056461593
2024-01-07 15:37:00,41.230609144130845
2024-01-07 15:38:00,42.120691680182574
2024-01-07 15:39:00,42.99075932924496
2024-01-07 15:40:00,43.15039834806834
2024-01-07 15:41:00,41.95575027324308
2024-01-07 15:42:00,43.46981917950299
2024-01-07 15:43:00,42.37505220465762
2024-01-07 15:44:00,41.802734222530624
2024-01-07 15:45:00,41.875774970686386
2024-01-07 15:46:00,42.69321167730751
2024-01-07 15:47:00,43.149989925013166
2024-01-07 15:48:00,41.49186121636949
2024-01-07 15:49:00,41.64610730425187
2024-01-07 15:50:00,41.632617516998515
2024-01-07 15:51:00,41.34325121986575
2024-01-07 15:52:00,41.96485540443565
2024-01-07 15:53:00,42.808140482210845
2024-01-07 15:54:00,41.45280462611198
2024-01-07 15:55:00,43.011156564860016
2024-01-07 15:56:00,42.038878280618945
2024-01-07 15:57:00,42.164108921094495
2024-01-07 15:58:00,41.647377471021315
2024-01-07 15:59:00,39.771479909758135
2024-01-07 16:00:00,40.145886811678636
2024-01-07 16:01:00,40.79919047515431
2024-01-07 16:02:00,42.227770798629145
2024-01-07 16:03:00,39.47518695096886
2024-01-07 16:04:00,39.961346616350006
2024-01-07 16:05:00,40.90460506391475
2024-01-07 16:06:00,40.82245172580252
2024-01-07 16:07:00,43.66252849599476
2024-01-07 16:08:00,41.388185740439745
2024-01-07 16:09:00,39.967314321851546
2024-01-07 16:10:00,42.457008645149386
2024-01-07 16:11:00,41.15697176981537
2024-01-07 16:12:00,41.04779362002482
2024-01-07 16:13:00,42.51349246343944
2024-01-07 16:14:00,39.80128904490157
2024-01-07 16:15:00,40.85190416921851
2024-01-07 16:16:00,41.03902407245567
2024-01-07 16:17:00,42.38598296106734
2024-01-07 16:18:00,42.169426960379475
2024-01-07 16:19:00,41.33330627018546
2024-01-07 16:20:00,41.981073957645
2024-01-07 16:21:00,40.10819769910716
2024-01-07 16:22:00,42.051334060293186
2024-01-07 16:23:00,40.883189798342435
2024-01-07 16:24:00,40.630611174005935
2024-01-07 16:25:00,41.287625505618166
2024-01-07 16:26:00,40.43172644611198
2024-01-07 16:27:00,39.859368751081874
2024-01-07 16:28:00,59.415347673180676
2024-01-07 16:29:00,38.94022213973216
2024-01-07 16:30:00,40.03575330505929
2024-01-07 16:31:00,41.90075534544553
2024-01-07 16:32:00,40.85519569352274
2024-01-07 16:33:00,39.227323454684324
2024-01-07 16:34:00,41.41470586260112
2024-01-07 16:35:00,41.82160329421607
2024-01-07 16:36:00,40.68118977788526
2024-01-07 16:37:00,39.41338778690944
2024-01-07 16:38:00,40.432261689787914
2024-01-07 16:39:00,43.645581702559795
2024-01-07 16:40:00,39.17032735038769
2024-01-07 16:41:00,41.54581012438944
2024-01-07 16:42:00,40.8205800885394
2024-01-07 16:43:00,40.073501895834255
2024-01-07 16:44:00,39.90217781217524
2024-01-07 16:45:00,39.399672031808706
2024-01-07 16:46:00,42.163121054270704
2024-01-07 16:47:00,39.45516184809539
2024-01-07 16:48:00,42.16025375953333
2024-01-07 16:49:00,40.1462120996197
2024-01-07 16:50:00,40.30027389800053
2024-01-07 16:51:00,39.933072511379606
2024-01-07 16:52:00,40.79523843347896
2024-01-07 16:53:00,39.369193045799754
2024-01-07 16:54:00,40.16605337239099
2024-01-07 16:55:00,40.38785655587657
2024-01-07 16:56:00,40.128272786340105
2024-01-07 16:57:00,38.101654120463785
2024-01-07 16:58:00,38.37790685749967
2024-01-07 16:59:00,40.05814019393252
2024-01-07 17:00:00,39.75303567357258
2024-01-07 17:01:00,40.41601278006827
2024-01-07 17:02:00,41.2622134688836
2024-01-07 17:03:00,40.102156100482595
2024-01-07 17:04:00,39.567352376266676
2024-01-07 17:05:00,42.733286642646405
2024-01-07 17:06:00,40.98427488974402
2024-01-07 17:07:00,39.87608432003139
2024-01-07 17:08:00,40.219733906128106
2024-01-07 17:09:00,39.40625813715824
2024-01-07 17:10:00,41.27687768728501
2024-01-07 17:11:00,40.14598602130684
2024-01-07 17:12:00,40.11878088809287
2024-01-07 17:13:00,40.081807603519884
2024-01-07 17:14:00,39.434706189013454
2024-01-07 17:15:00,39.49788496968332
2024-01-07 17:16:00,38.627837175982265
2024-01-07 17:17:00,39.90417004063232
2024-01-07 17:18:00,40.62229556801438
2024-01-07 17:19:00,39.44174833040924
2024-01-07 17:20:00,39.127017793514476
2024-01-07 17:21:00,38.3977142300511
2024-01-07 17:22:00,39.74126114837604
2024-01-07 17:23:00,40.90461894930574
2024-01-07 17:24:00,40.675877900661035
2024-01-07 17:25:00,38.432630496304206
2024-01-07 17:26:00,39.10484509628564
2024-01-07 17:27:00,38.902394747788954
2024-01-07 17:28:00,40.20380782332117
2024-01-07 17:29:00,37.53250482561996
2024-01-07 17:30:00,40.10122702759318
2024-01-07 17:31:00,39.586059728880784
2024-01-07 17:32:00,39.283114836389686
2024-01-07 17:33:00,40.507520621310206
2024-01-07 17:34:00,39.93137854862644
2024-01-07 17:35:00,41.29899702455765
2024-01-07 17:36:00,39.64489404759647
2024-01-07 17:37:00,41.23156243498818
2024-01-07 17:38:00,40.805473686642614
2024-01-07 17:39:00,40.23528209205079
2024-01-07 17:40:00,41.29623650595615
2024-01-07 17:41:00,39.83486140864714
2024-01-07 17:42:00,38.01555993012309
2024-01-07 17:43:00,38.267363952387115
2024-01-07 17:44:00,41.038972792351174
2024-01-07 17:45:00,40.03649087982535
2024-01-07 17:46:00,38.97137504014511
2024-01-07 17:47:00,40.56520508340535
2024-01-07 17:48:00,62.43652516261828
2024-01-07 17:49:00,41.217807844250615
2024-01-07 17:50:00,38.791872681765746
2024-01-07 17:51:00,40.34285375333215
2024-01-07 17:52:00,39.886418530275925
2024-01-07 17:53:00,40.23266421950335
2024-01-07 17:54:00,39.594037938169436
2024-01-07 17:55:00,39.27958567738452
2024-01-07 17:56:00,41.57476027730089
2024-01-07 17:57:00,37.607935574706225
2024-01-07 17:58:00,39.06250232934112
2024-01-07 17:59:00,39.181427543333605
2024-01-07 18:00:00,38.82250184678798
2024-01-07 18:01:00,39.74789290647218
2024-01-07 18:02:00,40.05699245364109
2024-01-07 18:03:00,40.02891079541354
2024-01-07 18:04:00,39.665536320769384
2024-01-07 18:05:00,41.084958875429486
2024-01-07 18:06:00,38.433267942638366
2024-01-07 18:07:00,40.94924961777042
2024-01-07 18:08:00,38.85900874568965
2024-01-07 18:09:00,40.52607500329293
2024-01-07 18:10:00,39.82661577773985
2024-01-07 18:11:00,40.33198715024885
2024-01-07 18:12:00,38.83691668606354
2024-01-07 18:13:00,40.56732458449008
2024-01-07 18:14:00,41.27674083169839
2024-01-07 18:15:00,39.92177642695792
2024-01-07 18:16:00,39.81100189077449
2024-01-07 18:17:00,40.22391421990997
2024-01-07 18:18:00,41.86102018073745
2024-01-07 18:19:00,40.42375605084431
2024-01-07 18:20:00,39.21866371791314
2024-01-07 18:21:00,41.56917701060138
2024-01-07 18:22:00,39.351968990092125
2024-01-07 18:23:00,39.3401482980115
2024-01-07 18:24:00,40.82039724701747
2024-01-07 18:25:00,40.556943820812926
2024-01-07 18:26:00,38.4849414781141
2024-01-07 18:27:00,40.807087065204136
2024-01-07 18:28:00,41.9507833893594
2024-01-07 18:29:00,40.97094313451148
2024-01-07 18:30:00,38.840687158531765
2024-01-07 18:31:00,41.18780347847044
2024-01-07 18:32:00,38.953219695390814
2024-01-07 18:33:00,40.42082051161288
2024-01-07 18:34:00,40.301547126645964
2024-01-07 18:35:00,40.39187082382501
2024-01-07 18:36:00,40.08499917590842
2024-01-07 18:37:00,38.769377436646145
2024-01-07 18:38:00,39.952168256681006
2024-01-07 18:39:00,41.50679167411141
2024-01-07 18:40:00,38.94434679231586
2024-01-07 18:41:00,40.38163110432496
2024-01-07 18:42:00,39.81610255082851
2024-01-07 18:43:00,39.15953790838577
2024-01-07 18:44:00,39.312976262052715
2024-01-07 18:45:00,40.018638091390144
2024-01-07 18:46:00,39.77963560573819
2024-01-07 18:47:00,40.564074550347414
2024-01-07 18:48:00,41.21315681248472
2024-01-07 18:49:00,39.32006761227055
2024-01-07 18:50:00,39.62896976692576
2024-01-07 18:51:00,39.69750669777747
2024-01-07 18:52:00,40.40962050932476
2024-01-07 18:53:00,39.54931893380747
2024-01-07 18:54:00,39.703304675267425
2024-01-07 18:55:00,39.55378955970551
2024-01-07 18:56:00,40.49378272154408
2024-01-07 18:57:00,39.81465244217489
2024-01-07 18:58:00,40.59727166681114
2024-01-07 18:59:00,41.11533634992525
2024-01-07 19:00:00,40.839620573014685
2024-01-07 19:01:00,40.617082619801344
2024-01-07 19:02:00,39.30210148827727
2024-01-07 19:03:00,41.69268728287067
2024-01-07 19:04:00,42.48563727547773
2024-01-07 19:05:00,39.851919133583436
2024-01-07 19:06:00,42.98195486207502
2024-01-07 19:07:00,40.12808306576809
2024-01-07 19:08:00,40.07919480537486
2024-01-07 19:09:00,41.09214647468309
2024-01-07 19:10:00,39.57471711869059
2024-01-07 19:11:00,39.937643546929344
2024-01-07 19:12:00,64.27684592508228
2024-01-07 19:13:00,40.66138219565696
2024-01-07 19:14:00,39.63318720599126
2024-01-07 19:15:00,39.985350205857394
2024-01-07 19:16:00,40.29493833672738
2024-01-07 19:17:00,41.32083077716798
2024-01-07 19:18:00,41.167578506134156
2024-01-07 19:19:00,40.56374108591136
2024-01-07 19:20:00,40.6560546202784
2024-01-07 19:21:00,40.31303023199098
2024-01-07 19:22:00,40.83331694974023
2024-01-07 19:23:00,41.13442740885734
2024-01-07 19:24:00,40.51843200477325
2024-01-07 19:25:00,40.652285947516894
2024-01-07 19:26:00,41.507125003899354
2024-01-07 19:27:00,39.35914130068997
2024-01-07 19:28:00,39.277184550949286
2024-01-07 19:29:00,39.58309880519655
2024-01-07 19:30:00,40.625669700286714
2024-01-07 19:31:00,40.822980578324724
2024-01-07 19:32:00,40.43293380979172
2024-01-07 19:33:00,39.39911358830396
2024-01-07 19:34:00,43.08894066552504
2024-01-07 19:35:00,41.75536248400326
2024-01-07 19:36:00,40.896319541634604
2024-01-07 19:37:00,41.54507297819071
2024-01-07 19:38:00,40.64087456096144
2024-01-07 19:39:00,40.634974604570964
2024-01-07 19:40:00,41.00435840048821
2024-01-07 19:41:00,40.90458796861703
2024-01-07 19:42:00,40.46657057849237
2024-01-07 19:43:00,38.985592412187756
2024-01-07 19:44:00,40.99983375011401
2024-01-07 19:45:00,42.65545937197839
2024-01-07 19:46:00,40.910012770768724
2024-01-07 19:47:00,42.08270705600714
2024-01-07 19:48:00,36.65157994561812
2024-01-07 19:49:00,40.17356064986136
2024-01-07 19:50:00,40.8689016003172
2024-01-07 19:51:00,40.172405452771216
2024-01-07 19:52:00,39.80731545113998
2024-01-07 19:53:00,40.01571493840085
2024-01-07 19:54:00,39.415268582344105
2024-01-07 19:55:00,39.772189541370864
2024-01-07 19:56:00,41.03826436183816
2024-01-07 19:57:00,42.285947342170886
2024-01-07 19:58:00,41.865302093188575
2024-01-07 19:59:00,42.29032534817223
2024-01-07 20:00:00,40.47038824651192
2024-01-07 20:01:00,20.886024595424548
2024-01-07 20:02:00,40.08392754827263
2024-01-07 20:03:00,42.06581034761668
2024-01-07 20:04:00,42.78395676673661
2024-01-07 20:05:00,42.45272064234175
2024-01-07 20:06:00,40.013317410276656
2024-01-07 20:07:00,41.38147498937555
2024-01-07 20:08:00,41.981279357002116
2024-01-07 20:09:00,41.90430524242301
2024-01-07 20:10:00,41.49619263058185
2024-01-07 20:11:00,41.067841851047305
2024-01-07 20:12:00,43.665953990862434
2024-01-07 20:13:00,41.88022534534466
2024-01-07 20:14:00,43.09597092624403
2024-01-07 20:15:00,39.773193187138
2024-01-07 20:16:00,42.39546984669149
2024-01-07 20:17:00,42.69306423936376
2024-01-07 20:18:00,42.303922431805624
2024-01-07 20:19:00,42.275894216579346
2024-01-07 20:20:00,41.31082272909274
2024-01-07 20:21:00,39.30730987044279
2024-01-07 20:22:00,40.457559376474556
2024-01-07 20:23:00,41.580330219420894
2024-01-07 20:24:00,41.33598416270495
2024-01-07 20:25:00,41.35602105067272
2024-01-07 20:26:00,43.12550808570251
2024-01-07 20:27:00,42.03667448378605
2024-01-07 20:28:00,42.993503431830405
2024-01-07 20:29:00,40.93259507642395
2024-01-07 20:30:00,16.083622051269828
2024-01-07 20:31:00,44.68232774790342
2024-01-07 20:32:00,42.32756416903277
2024-01-07 20:33:00,43.913413929382884
2024-01-07 20:34:00,42.91731003740691
2024-01-07 20:35:00,41.53810071694818
2024-01-07 20:36:00,20.000589561672026
2024-01-07 20:37:00,41.45191404402773
2024-01-07 20:38:00,41.83933160037792
2024-01-07 20:39:00,43.153982836399216
2024-01-07 20:40:00,42.300899735610756
2024-01-07 20:41:00,43.52741146499617
2024-01-07 20:42:00,42.937684547419245
2024-01-07 20:43:00,43.935925561920996
2024-01-07 20:44:00,41.82082935400881
2024-01-07 20:45:00,41.58602898686704
2024-01-07 20:46:00,40.23227050167597
2024-01-07 20:47:00,42.20460988357211
2024-01-07 20:48:00,43.46124217355415
2024-01-07 20:49:00,43.885507739150974
2024-01-07 20:50:00,43.080022543457716
2024-01-07 20:51:00,41.79542681994223
2024-01-07 20:52:00,43.71596719880119
2024-01-07 20:53:00,41.98084410977199
2024-01-07 20:54:00,42.246304744962416
2024-01-07 20:55:00,42.85194290917839
2024-01-07 20:56:00,43.53819575423897
2024-01-07 20:57:00,43.07692080540711
2024-01-07 20:58:00,42.93274807444517
2024-01-07 20:59:00,43.03794064498365
2024-01-07 21:00:00,41.96192137420555
2024-01-07 21:01:00,43.67875021204072
2024-01-07 21:02:00,42.41083639519226
2024-01-07 21:03:00,42.65944902945342
2024-01-07 21:04:00,43.86723101267096
2024-01-07 21:05:00,43.206475259695715
2024-01-07 21:06:00,42.029090532276356
2024-01-07 21:07:00,44.31660076738673
2024-01-07 21:08:00,44.92363110120324
2024-01-07 21:09:00,42.93002718892604
2024-01-07 21:10:00,43.00863792109255
2024-01-07 21:11:00,43.513056533098975
2024-01-07 21:12:00,43.02320236797269
2024-01-07 21:13:00,43.32625772723457
2024-01-07 21:14:00,43.33290819105662
2024-01-07 21:15:00,44.04054829229987
2024-01-07 21:16:00,43.7559713733962
2024-01-07 21:17:00,42.710565136377916
2024-01-07 21:18:00,45.49150144709189
2024-01-07 21:19:00,42.61952049734255
2024-01-07 21:20:00,42.38267444143229
2024-01-07 21:21:00,44.30953222493457
2024-01-07 21:22:00,43.30959332218047
2024-01-07 21:23:00,43.803041894054864
2024-01-07 21:24:00,43.57559046667268
2024-01-07 21:25:00,44.88854365672042
2024-01-07 21:26:00,43.399605172427144
2024-01-07 21:27:00,44.13428522248164
2024-01-07 21:28:00,44.17357677378236
2024-01-07 21:29:00,45.03057655836103
2024-01-07 21:30:00,42.70656811022625
2024-01-07 21:31:00,43.764142806155945
2024-01-07 21:32:00,43.891877604597575
2024-01-07 21:33:00,45.3661033520346
2024-01-07 21:34:00,44.64418006791181
2024-01-07 21:35:00,44.3155336146236
2024-01-07 21:36:00,45.02537812201704
2024-01-07 21:37:00,45.619532953646164
2024-01-07 21:38:00,44.42958793320887
2024-01-07 21:39:00,45.53708518574123
2024-01-07 21:40:00,43.2592505925964
2024-01-07 21:41:00,44.3428880923759
2024-01-07 21:42:00,44.65671264833931
2024-01-07 21:43:00,44.366390817938594
2024-01-07 21:44:00,43.39451417542375
2024-01-07 21:45:00,44.610405175418926
2024-01-07 21:46:00,44.669777233492816
2024-01-07 21:47:00,43.881638488351044
2024-01-07 21:48:00,44.20864779406474
2024-01-07 21:49:00,44.994047187991235
2024-01-07 21:50:00,44.73684072343064
2024-01-07 21:51:00,43.25033929807483
2024-01-07 21:52:00,42.66095340316002
2024-01-07 21:53:00,43.31386138080291
2024-01-07 21:54:00,45.02836411508613
2024-01-07 21:55:00,46.116224088553544
2024-01-07 21:56:00,43.06770218076948
2024-01-07 21:57:00,43.09302195470068
2024-01-07 21:58:00,42.154289756161816
2024-01-07 21:59:00,43.70575584008683
2024-01-07 22:00:00,46.06401334701701
2024-01-07 22:01:00,45.25398828310071
2024-01-07 22:02:00,44.354525106541075
2024-01-07 22:03:00,45.36951917314518
2024-01-07 22:04:00,70.57604752598768
2024-01-07 22:05:00,45.14590714919141
2024-01-07 22:06:00,45.43393158627507
2024-01-07 22:07:00,45.85993570625353
2024-01-07 22:08:00,45.555546631512904
2024-01-07 22:09:00,44.08241515586793
2024-01-07 22:10:00,46.605107953646794
2024-01-07 22:11:00,45.34284179853034
2024-01-07 22:12:00,46.612639002828246
2024-01-07 22:13:00,44.54783938788879
2024-01-07 22:14:00,44.4712174834425
2024-01-07 22:15:00,45.87524224159308
2024-01-07 22:16:00,46.824338780655836
2024-01-07 22:17:00,46.91956265060329
2024-01-07 22:18:00,44.153113706073526
2024-01-07 22:19:00,45.418983428070725
2024-01-07 22:20:00,45.325396961088614
2024-01-07 22:21:00,46.718199829788546
2024-01-07 22:22:00,45.49779296587798
2024-01-07 22:23:00,46.60519139743719
2024-01-07 22:24:00,45.66955547145891
2024-01-07 22:25:00,45.2845291160314
2024-01-07 22:26:00,46.67339091392093
2024-01-07 22:27:00,46.30300388904281
2024-01-07 22:28:00,46.399770165349665
2024-01-07 22:29:00,46.09976281398803
2024-01-07 22:30:00,45.52584043093559
2024-01-07 22:31:00,45.64615466849186
2024-01-07 22:32:00,46.59419378707068
2024-01-07 22:33:00,44.08146423366575
2024-01-07 22:34:00,45.21470175626769
2024-01-07 22:35:00,47.3924743729321
2024-01-07 22:36:00,47.08952465851057
2024-01-07 22:37:00,46.02592896193137
2024-01-07 22:38:00,45.65915135525961
2024-01-07 22:39:00,48.36634417368632
